pp_idx,ppci_idx,name,vn_kv,isolated,sw_only
0,0,CNN_121K_E_20325_4,110.0,False,False
1,1,CNN_2Z_E_5490_12,110.0,False,True
2,2,CNN_168F_E_29689_8,110.0,False,True
3,3,CNN_F675B_J_29025_7,6.0,False,True
4,4,CNN_UW-Westtirol_D_19819_29,220.0,False,True
5,5,CNN_648E_J_31205_7,10.0,True,True
6,6,CNN_0504190848360363697221_E_212,110.0,False,True
7,7,CNN_113F_J_21809_15,20.0,True,True
8,8,CNN_629_J_19740_37,20.0,False,True
9,9,CNN_67001.126 A11A grün_E_19633_,110.0,True,True
10,10,CNN_613A_E_5503_31,110.0,False,True
11,11,CNN_423E_J_22251_133,20.0,False,True
12,12,CNN_0503251810190416964152_E_103,110.0,False,False
13,13,CNN_265_J_13697_8,20.0,False,False
14,14,CNN_712_E_18556_45,110.0,True,True
15,15,CNN_428_E_27_6,110.0,False,False
16,16,CNN_0710281706480057084608_E_217,110.0,False,False
17,17,CNN_F9R_C_18522_37,380.0,False,True
18,18,CNN_1111042223130364097958_E_284,110.0,False,False
19,19,CNN_61501.37C X6/1 grün_E_5525_1,110.0,False,False
20,20,CNN_249K_J_29023_4,6.0,False,True
21,21,CNN_395A_E_20331_1,110.0,False,False
22,22,CNN_490N_J_3340_4,6.0,False,True
23,23,CNN_613A_E_5503_9,110.0,False,False
24,24,CNN_651_E_11941_3,110.0,False,True
25,25,CNN_0503191711250122255485_E_128,110.0,False,False
26,26,CNN_114B_E_12889_4,110.0,False,True
27,27,CNN_173A_C_18538_16,380.0,True,True
28,28,CNN_589U1_E_5495_11,110.0,True,False
29,29,CNN_729_J_28456_1,6.0,False,False
30,30,CNN_11611.38 R11 schwarz_E_19636,110.0,False,True
31,31,CNN_0503201405540428246838_E_119,110.0,False,True
32,32,CNN_389A_J_2770_69,20.0,False,True
33,33,CNN_640_E_3354_1,110.0,False,False
34,34,CNN_675B_E_3327_17,110.0,False,True
35,35,CNN_179U_E_9171_28,110.0,True,True
36,36,CNN_0504220936230037520775_E_20_,110.0,False,True
37,37,CNN_613U_E_5509_52,110.0,False,True
38,38,CNN_428_E_27_22,110.0,False,True
39,39,CNN_648E_E_1054_9,110.0,False,True
40,40,CNN_640_E_3354_19,110.0,False,True
41,41,CNN_61103.86B Y6/1 blau_E_21252_,110.0,False,False
42,42,CNN_62E_E_11932_6,110.0,False,False
43,43,CNN_729_E_28454_8,110.0,False,False
44,44,CNN_0504220831140043061238_E_222,110.0,False,False
45,45,CNN_0504141054130037632449_E_331,110.0,False,True
46,46,CNN_0503251749520137940660_E_103,110.0,False,True
47,47,CNN_179M_E_9174_1,110.0,False,False
48,48,CNN_1011072033470024663500_E_276,110.0,False,False
49,49,CNN_0504161613250201014072_E_331,110.0,False,False
50,50,CNN_F12R_C_18529_4,380.0,False,False
51,51,CNN_F10R_C_18519_17,380.0,False,True
52,52,CNN_630C2_E_29031_15,110.0,False,True
53,53,CNN_729_E_28454_7,110.0,True,False
54,54,CNN_724D_J_3325_3,6.0,False,True
55,55,CNN_122U_E_5493_41,110.0,False,True
56,56,CNN_0503251419100004533638_E_967,110.0,False,False
57,57,CNN_1102021624450231749824_E_197,110.0,False,True
58,58,CNN_648E_J_29909_38,20.0,False,True
59,59,CNN_1005091115250417830182_E_105,110.0,False,False
60,60,CNN_395A_E_20331_9,110.0,False,True
61,61,CNN_866_E_468_2,110.0,False,True
62,62,CNN_245B_E_26149_1,110.0,False,False
63,63,CNN_835_J_28478_1,6.0,True,False
64,64,CNN_529N_J_29_13,20.0,False,True
65,65,CNN_340M_E_17139_9,110.0,False,True
66,66,CNN_719_E_10789_10,110.0,False,True
67,67,CNN_675B_J_3816_30,20.0,True,True
68,68,CNN_442A_E_12892_11,110.0,False,True
69,69,CNN_249K_E_3342_8,110.0,False,False
70,70,CNN_18O_J_5232_44,20.0,False,True
71,71,CNN_F2S_E_21803_22,110.0,False,True
72,72,CNN_0504171444070108579663_E_218,110.0,False,True
73,73,CNN_173A_E_24_45,110.0,False,True
74,74,CNN_0710281702020080748504_E_217,110.0,False,False
75,75,CNN_0503201540000054143280_E_917,110.0,False,False
76,76,CNN_290F_E_16312_2,110.0,False,True
77,77,CNN_69001.235 R6/1 violett_E_261,110.0,False,False
78,78,CNN_F5S_E_5502_10,110.0,False,True
79,79,CNN_0505101220410228924756_E_332,110.0,False,False
80,80,CNN_48U_E_5535_8,110.0,False,True
81,81,CNN_57R_J_11928_13,20.0,False,False
82,82,CNN_0503201501170278527200_E_128,110.0,False,False
83,83,CNN_675B_E_3327_7,110.0,False,False
84,84,CNN_182_E_1060_7,110.0,False,False
85,85,CNN_640_J_3613_3,20.0,False,False
86,86,CNN_0503201816360000496392_E_107,110.0,False,True
87,87,CNN_62001.37a J6 rot_E_22_3,110.0,False,False
88,88,CNN_866_E_468_3,110.0,False,True
89,89,CNN_630F2_E_3309_8,110.0,False,False
90,90,CNN_F675B_J_29025_1,6.0,False,False
91,91,CNN_253Q_J_26130_4,6.0,False,True
92,92,CNN_732U_E_28467_2,110.0,False,True
93,93,CNN_0505100840540674652198_E_261,110.0,False,False
94,94,CNN_198S_E_134_3,110.0,False,True
95,95,CNN_729_E_28454_22,110.0,False,True
96,96,CNN_51001.233a B5 violett_E_2033,110.0,False,False
97,97,CNN_179M_J_11035_7,20.0,True,False
98,98,CNN_0504190848360160824960_E_550,110.0,False,True
99,99,CNN_734_E_18551_18,110.0,False,True
100,100,CNN_179M_E_9174_2,110.0,False,True
101,101,CNN_588X_E_5523_6,110.0,False,True
102,102,CNN_F2S_E_21803_10,110.0,False,True
103,103,CNN_588X_E_5523_15,110.0,True,True
104,104,CNN_589U1_E_5495_34,110.0,False,True
105,105,CNN_685A_J_10390_4,10.0,False,False
106,106,CNN_11501.119 V11 schwarz_E_26_3,110.0,False,False
107,107,CNN_589U1_E_5495_12,110.0,False,False
108,108,CNN_173A_E_24_77,110.0,True,True
109,109,CNN_2U_E_5491_6,110.0,False,False
110,110,CNN_0505100854500116846843_E_261,110.0,False,True
111,111,CNN_629_E_19741_2,110.0,False,False
112,112,CNN_340M_E_17139_5,110.0,False,False
113,113,CNN_339H_J_3336_3,6.0,False,True
114,114,CNN_1604041726400144776820_E_15_,110.0,False,False
115,115,CNN_58001.233b B5 schwarz_E_2033,110.0,False,False
116,116,CNN_0504191336400151938820_E_551,110.0,False,False
117,117,CNN_712_E_18556_22,110.0,False,True
118,118,CNN_0505061617000169191010_E_193,110.0,False,False
119,119,CNN_729_E_28454_6,110.0,False,False
120,120,CNN_335B_E_3351_4,110.0,False,False
121,121,CNN_173A_J_20930_95,20.0,True,True
122,122,CNN_590B_E_5518_7,110.0,False,False
123,123,CNN_290F_E_16312_1,110.0,False,False
124,124,CNN_51001.91b W5/2 schwarz_E_147,110.0,False,True
125,125,CNN_F10R_C_18519_18,380.0,True,True
126,126,CNN_F10R_H_18517_1,30.0,False,False
127,127,CNN_645_J_1_12,3.0,True,True
128,128,CNN_0504200739130175420544_E_553,110.0,False,True
129,129,CNN_0505081035070821588768_E_198,110.0,False,True
130,130,CNN_144G_E_138_9,110.0,False,True
131,131,CNN_630A4_E_3320_4,110.0,False,False
132,132,CNN_692_E_9672_3,110.0,False,True
133,133,CNN_182_E_1060_2,110.0,False,True
134,134,CNN_192_E_16_7,110.0,False,False
135,135,CNN_613U_C_18539_23,380.0,False,True
136,136,CNN_113F_E_21808_5,110.0,False,False
137,137,CNN_62E_J_14179_39,20.0,False,True
138,138,CNN_0503201747290148948732_E_918,110.0,False,False
139,139,CNN_630C2_E_29031_11,110.0,False,True
140,140,CNN_734_E_18551_6,110.0,False,False
141,141,CNN_173A_E_24_69,110.0,False,True
142,142,CNN_648E_J_31205_2,10.0,True,True
143,143,CNN_589U1_E_5495_20,110.0,False,True
144,144,CNN_F8R_C_18521_34,380.0,False,True
145,145,CNN_605U1_E_20813_2,110.0,True,True
146,146,CNN_0505100757150127789640_E_261,110.0,False,False
147,147,CNN_625_E_1053_26,110.0,False,True
148,148,CNN_301N_E_3333_1,110.0,False,False
149,149,CNN_1512291016090107491128_E_197,110.0,False,True
150,150,CNN_4543.126 Füssen West g_D_198,220.0,False,False
151,151,CNN_0504190848360363697221_E_212,110.0,False,False
152,152,CNN_729_E_28454_11,110.0,False,True
153,153,CNN_0503251758590585656664_E_103,110.0,False,True
154,154,CNN_645_J_19342_4,20.0,False,False
155,155,CNN_0505061617000169191010_E_193,110.0,False,False
156,156,CNN_389A_J_2770_88,20.0,False,True
157,157,CNN_18O_E_5498_3,110.0,False,True
158,158,CNN_1311302212320000072323_E_334,110.0,False,False
159,159,CNN_423E_J_22251_82,20.0,False,True
160,160,CNN_F9R_C_18522_3,380.0,True,True
161,161,CNN_179U_E_9171_16,110.0,False,True
162,162,CNN_613U_C_18539_1,380.0,False,False
163,163,CNN_459B_J_3360_13,20.0,True,False
164,164,CNN_630C2_E_29031_2,110.0,False,True
165,165,CNN_0504191310140157127890_E_553,110.0,True,False
166,166,CNN_173A_C_18538_17,380.0,False,True
167,167,CNN_685_E_10368_2,110.0,False,True
168,168,CNN_114B_J_17275_59,20.0,True,True
169,169,CNN_48U_E_5535_13,110.0,True,True
170,170,CNN_60501.207 V11 schwarz_E_25_1,110.0,False,False
171,171,CNN_576Q_E_28463_6,110.0,False,True
172,172,CNN_245B_E_26149_3,110.0,False,False
173,173,CNN_0504140857120023993508_E_331,110.0,False,False
174,174,CNN_1005090929420237276510_E_203,110.0,False,False
175,175,CNN_0504201131020176515777_E_212,110.0,False,True
176,176,CNN_590B_E_5518_6,110.0,False,False
177,177,CNN_113F_E_21808_15,110.0,False,True
178,178,CNN_1206172141070000325006_E_549,110.0,True,False
179,179,CNN_625_E_1053_21,110.0,False,True
180,180,CNN_173A_C_18538_23,380.0,False,True
181,181,CNN_630F2_E_3309_23,110.0,False,True
182,182,CNN_28C_E_14727_12,110.0,False,True
183,183,CNN_734_E_18551_5,110.0,False,False
184,184,CNN_0503251758590653515830_E_103,110.0,False,False
185,185,CNN_576Q_E_28463_7,110.0,False,True
186,186,CNN_651_J_11940_1,20.0,False,False
187,187,CNN_389A_J_2770_12,20.0,False,False
188,188,CNN_173A_E_24_63,110.0,False,True
189,189,CNN_625_E_1053_11,110.0,False,False
190,190,CNN_730_E_2750_2,110.0,True,True
191,191,CNN_629_J_19740_38,20.0,False,True
192,192,CNN_173A_C_18538_33,380.0,False,True
193,193,CNN_0612220900190239481792_E_552,110.0,False,True
194,194,CNN_F8R_C_18521_17,380.0,False,True
195,195,CNN_0505101433070124904430_E_284,110.0,False,False
196,196,CNN_649_J_19368_39,3.0,False,True
197,197,CNN_AMP1_C_19828_10,380.0,False,True
198,198,CNN_631B_J_2_39,3.0,False,True
199,199,CNN_391L_J_31208_4,10.0,True,True
200,200,CNN_11501.86 V6 grün_E_470_1,110.0,False,False
201,201,CNN_0503201747290000334400_E_917,110.0,False,False
202,202,CNN_685_E_10368_1,110.0,False,False
203,203,CNN_301N_E_3333_14,110.0,False,True
204,204,CNN_0504171603490065997010_E_218,110.0,False,True
205,205,CNN_0503201207150114124435_E_128,110.0,False,False
206,206,CNN_0505100854500005431075_E_261,110.0,False,False
207,207,CNN_712_E_18556_26,110.0,True,True
208,208,CNN_60501.207 V11 schwarz_E_25_2,110.0,False,True
209,209,CNN_66001.11 O6/1 blau_E_19748_3,110.0,False,False
210,210,CNN_630A4_J_3321_2,6.0,True,True
211,211,CNN_0504191336400070475328_E_553,110.0,True,True
212,212,CNN_0504191336400295779540_E_217,110.0,False,True
213,213,CNN_340M_J_13434_6,20.0,False,False
214,214,CNN_173A_E_24_21,110.0,False,False
215,215,CNN_529N_J_29_11,20.0,True,False
216,216,CNN_279A_E_15559_12,110.0,False,True
217,217,CNN_51004.82/6a W5/2 gelb_E_1472,110.0,True,False
218,218,CNN_28C_E_14727_11,110.0,False,True
219,219,CNN_423E_J_22251_154,20.0,False,True
220,220,CNN_249K_E_3342_1,110.0,False,False
221,221,CNN_651_J_11940_46,20.0,True,True
222,222,CNN_0505100854500116846843_E_261,110.0,False,False
223,223,CNN_712_E_18556_1,110.0,False,False
224,224,CNN_69C_E_21248_14,110.0,False,True
225,225,CNN_588X_E_5523_16,110.0,True,True
226,226,CNN_630F2_E_3309_15,110.0,False,True
227,227,CNN_613U_E_5509_46,110.0,False,True
228,228,CNN_173A_C_18538_13,380.0,False,True
229,229,CNN_0504190956290279787038_E_218,110.0,False,True
230,230,CNN_0504171444070030958046_E_218,110.0,False,False
231,231,CNN_118_J_4633_86,20.0,True,True
232,232,CNN_11351.156 E6 schwarz_E_3357_,110.0,False,True
233,233,CNN_4521.100B Günzburg Nor_C_198,380.0,False,False
234,234,CNN_69C_J_21253_4,10.0,True,False
235,235,CNN_F12R_H_18531_2,30.0,False,True
236,236,CNN_66001.49 O6/2 grün_E_19735_3,110.0,False,False
237,237,CNN_58001.233b B5 schwarz_E_2033,110.0,False,True
238,238,CNN_732_E_28451_6,110.0,False,False
239,239,CNN_F9R_C_18522_35,380.0,False,True
240,240,CNN_729_J_28456_10,6.0,False,True
241,241,CNN_1010092240070143668020_C_185,380.0,False,False
242,242,CNN_64001.39 U6/2 blau_E_2758_2,110.0,False,True
243,243,CNN_640P5_J_3347_3,6.0,False,True
244,244,CNN_423E_E_22253_5,110.0,False,False
245,245,CNN_1206172312540003473148_E_163,110.0,False,True
246,246,CNN_173A_J_20930_53,20.0,False,True
247,247,CNN_332K_J_4052_24,20.0,False,True
248,248,CNN_121K_E_20325_11,110.0,False,True
249,249,CNN_205B_E_1057_5,110.0,False,False
250,250,CNN_F8R_C_18521_2,380.0,True,True
251,251,CNN_630A4_J_3321_6,6.0,False,True
252,252,CNN_144G_E_138_6,110.0,False,False
253,253,CNN_11611.46 R11 schwarz_E_19637,110.0,False,False
254,254,CNN_19U_E_5494_8,110.0,False,True
255,255,CNN_630C2_J_29032_21,10.0,False,True
256,256,CNN_697S_E_2764_20,110.0,False,True
257,257,CNN_173A_E_24_44,110.0,False,True
258,258,CNN_339H_J_3336_7,6.0,False,True
259,259,CNN_62E_E_11932_5,110.0,False,False
260,260,CNN_62E_J_14179_40,20.0,False,True
261,261,CNN_490M_E_3329_1,110.0,False,False
262,262,CNN_734_E_18551_29,110.0,False,True
263,263,CNN_1311302224290284479216_E_103,110.0,False,True
264,264,CNN_F102NS_E_5501_22,110.0,False,True
265,265,CNN_64001.39s U6/1 gelb_E_2751_2,110.0,False,True
266,266,CNN_11351.32 E6 gelb_E_11_1,110.0,False,False
267,267,CNN_1311302212320143293524_E_335,110.0,False,False
268,268,CNN_69001.149 R6/2 grün_E_26146_,110.0,False,False
269,269,CNN_687_E_10353_9,110.0,False,True
270,270,CNN_69001.149 R6/2 grün_E_26146_,110.0,False,True
271,271,CNN_0503201747290000334400_E_917,110.0,False,False
272,272,CNN_168F_E_29689_10,110.0,False,True
273,273,CNN_28C_E_14727_5,110.0,False,True
274,274,CNN_1206172141070000325006_E_549,110.0,False,False
275,275,CNN_815_E_9670_4,110.0,False,False
276,276,CNN_122U_E_5493_19,110.0,False,False
277,277,CNN_118_E_22257_2,110.0,True,True
278,278,CNN_F102NS_E_5501_18,110.0,False,True
279,279,CNN__E_16310_1,110.0,False,False
280,280,CNN_835_E_28476_5,110.0,True,True
281,281,CNN_0504190925320189865236_E_212,110.0,False,False
282,282,CNN_685A_E_10357_2,110.0,False,True
283,283,CNN_31U1_E_14720_12,110.0,True,True
284,284,CNN_66001.48a O6/1 blau_E_19747_,110.0,False,False
285,285,CNN_19U_E_5494_13,110.0,False,True
286,286,CNN_12U1_E_6034_9,110.0,False,True
287,287,CNN_309G_E_19746_1,110.0,False,False
288,288,CNN_815_E_9670_10,110.0,False,True
289,289,CNN_428_E_27_7,110.0,False,False
290,290,CNN_118_E_22257_5,110.0,True,False
291,291,CNN_395A_J_7784_44,20.0,False,True
292,292,CNN_31U1_J_14576_9,20.0,True,False
293,293,CNN_F10R_C_18519_42,380.0,False,True
294,294,CNN_687_J_10046_39,20.0,True,True
295,295,CNN_182Z_E_8_20,110.0,True,True
296,296,CNN_340M_J_13434_69,20.0,True,True
297,297,CNN_630Z3_E_29040_1,110.0,False,False
298,298,CNN_625_E_1053_46,110.0,False,True
299,299,CNN_144G_E_138_4,110.0,False,False
300,300,CNN_122U_E_5493_35,110.0,False,True
301,301,CNN_279A_E_15559_5,110.0,False,False
302,302,CNN_114B_E_17614_4,110.0,True,True
303,303,CNN_640_E_3354_12,110.0,False,True
304,304,CNN_179U_E_9171_6,110.0,True,True
305,305,CNN_712_E_18556_4,110.0,True,True
306,306,CNN_113F_E_21808_14,110.0,False,True
307,307,CNN_685_J_10385_1,10.0,False,False
308,308,CNN_613A_E_5503_30,110.0,False,True
309,309,CNN_854_E_466_5,110.0,False,False
310,310,CNN_31U1_E_14720_4,110.0,True,False
311,311,CNN_173A_E_24_72,110.0,False,True
312,312,CNN_625_E_1053_10,110.0,False,False
313,313,CNN_490M_J_3330_6,6.0,False,True
314,314,CNN_179U_J_9143_11,20.0,False,False
315,315,CNN_62E_E_11932_13,110.0,False,True
316,316,CNN_385B_E_19_23,110.0,False,True
317,317,CNN_55U_E_12886_4,110.0,False,False
318,318,CNN_589U1_J_22079_21,10.0,False,True
319,319,CNN_648E_E_1054_3,110.0,False,True
320,320,CNN_0710281706480057084608_E_217,110.0,False,True
321,321,CNN_815_J_9669_45,20.0,False,True
322,322,CNN_69C_E_21248_17,110.0,False,True
323,323,CNN_630C2_J_29037_16,10.0,False,True
324,324,CNN_697Y_J_3300_44,20.0,False,True
325,325,CNN_113F_E_21808_10,110.0,False,False
326,326,CNN_687_E_10353_8,110.0,False,True
327,327,CNN_51503.18 D5/2 gelb_E_11930_1,110.0,False,False
328,328,CNN_711_E_9183_7,110.0,False,False
329,329,CNN_1511090741450437796338_E_119,110.0,False,False
330,330,CNN_28C_E_14727_10,110.0,False,True
331,331,CNN_48U_E_5535_1,110.0,False,False
332,332,CNN_118_E_22257_11,110.0,False,True
333,333,CNN_632_E_28482_13,110.0,False,True
334,334,CNN_613U_E_5509_7,110.0,False,False
335,335,CNN_589U1_E_5495_23,110.0,False,True
336,336,CNN_0505081724190551597592_C_185,380.0,False,False
337,337,CNN_1311302212320143293524_E_335,110.0,False,True
338,338,CNN_0504140855350945908735_E_284,110.0,False,False
339,339,CNN_0504201131020176515777_E_212,110.0,False,False
340,340,CNN_529N_J_29_43,20.0,True,True
341,341,CNN_685_E_10368_5,110.0,False,True
342,342,CNN_1403301322070756819756_E_135,110.0,False,False
343,343,CNN_57001.52 U5 rot_E_10369_3,110.0,False,False
344,344,CNN_0504190848360328552293_E_549,110.0,False,False
345,345,CNN_182_E_1060_1,110.0,False,False
346,346,CNN_625_E_1053_12,110.0,False,False
347,347,CNN_459B_J_3360_80,20.0,False,True
348,348,CNN_1011072033470690145302_E_276,110.0,False,True
349,349,CNN_613U_E_5509_26,110.0,False,True
350,350,CNN_428_E_27_27,110.0,False,True
351,351,CNN_697S_C_18536_1,380.0,False,False
352,352,CNN_1102021624450053130714_E_276,110.0,False,False
353,353,CNN_249K_E_3342_12,110.0,False,True
354,354,CNN_685A_E_10357_4,110.0,False,False
355,355,CNN_48U_E_5535_2,110.0,False,True
356,356,CNN_1005090927160046654720_E_203,110.0,False,False
357,357,CNN_64001.39 U6/2 blau_E_2758_1,110.0,False,False
358,358,CNN_685_J_10385_13,10.0,True,True
359,359,CNN_625W_E_10378_9,110.0,False,True
360,360,CNN_192_E_16_15,110.0,False,True
361,361,CNN_630F2_E_3309_9,110.0,False,False
362,362,CNN_113F_E_21808_3,110.0,False,True
363,363,CNN_613U_E_5509_19,110.0,False,True
364,364,CNN_69C_J_21253_14,10.0,False,True
365,365,CNN_0505101418510118996616_E_284,110.0,False,False
366,366,CNN_613U_E_5509_10,110.0,False,True
367,367,CNN_0505101434120077962788_E_284,110.0,False,True
368,368,CNN_0505101434120013620720_E_284,110.0,False,False
369,369,CNN_423E_J_22251_17,20.0,False,False
370,370,CNN_173A_E_24_61,110.0,False,True
371,371,CNN_57R_J_11928_45,20.0,True,True
372,372,CNN_55U_J_12896_18,3.0,False,True
373,373,CNN_4543.38 K11 blau_E_31057_3,110.0,False,False
374,374,CNN_0503251528580835993008_E_103,110.0,False,True
375,375,CNN_0504171603490065997010_E_218,110.0,False,False
376,376,CNN_48U_J_5538_1,20.0,False,False
377,377,CNN_60007.66/9 C6/2A gelb_E_6037,110.0,False,True
378,378,CNN_36W_E_11931_8,110.0,False,True
379,379,CNN_0504161417290138751327_E_203,110.0,False,False
380,380,CNN_630C2_J_29032_8,10.0,False,True
381,381,CNN_0805161413360569997183_E_193,110.0,False,False
382,382,CNN_144G_J_140_15,20.0,False,True
383,383,CNN_0504161613250000740601_E_330,110.0,False,False
384,384,CNN_19U_E_5494_3,110.0,False,True
385,385,CNN_UW-Westtirol_D_19819_10,220.0,False,True
386,386,CNN_62101.180/10 W6B blau_E_2646,110.0,False,False
387,387,CNN_332K_E_4053_2,110.0,False,False
388,388,CNN_0503201540000289486407_E_917,110.0,False,False
389,389,CNN_0504190848360328552293_E_549,110.0,False,False
390,390,CNN_F12R_C_18529_8,380.0,False,True
391,391,CNN_268O_E_26138_1,110.0,False,False
392,392,CNN_1102021624450196099325_E_276,110.0,False,False
393,393,CNN_1011072053110343234749_E_197,110.0,False,False
394,394,CNN_253Q_J_26130_8,6.0,False,True
395,395,CNN_613U_E_5509_36,110.0,False,True
396,396,CNN_0504220831140043061238_E_222,110.0,False,False
397,397,CNN_625_H_19826_1,30.0,False,False
398,398,CNN_309G_E_19746_5,110.0,False,False
399,399,CNN_265_E_11933_24,110.0,False,True
400,400,CNN_712_E_18556_42,110.0,True,True
401,401,CNN_625_C_18523_2,380.0,False,False
402,402,CNN_1111042223130364097958_E_284,110.0,False,False
403,403,CNN_36W_E_11931_3,110.0,True,True
404,404,CNN_645_J_1_16,3.0,True,True
405,405,CNN_0504190956290279787038_E_218,110.0,False,False
406,406,CNN_192_E_16_2,110.0,False,True
407,407,CNN_11611.32 A11 grün_E_19628_3,110.0,False,False
408,408,CNN_730_E_2750_1,110.0,False,False
409,409,CNN_0504131449550158397228_E_290,110.0,False,False
410,410,CNN_182Z_E_8_30,110.0,True,True
411,411,CNN_182Z_E_8_8,110.0,False,False
412,412,CNN_122S_E_22080_5,110.0,False,True
413,413,CNN_182Z_E_8_19,110.0,False,True
414,414,CNN_407H_E_11936_13,110.0,False,True
415,415,CNN_625_D_18527_10,220.0,False,True
416,416,CNN_1005091124510388900827_E_296,110.0,False,True
417,417,CNN_0505100928370177749468_E_334,110.0,False,False
418,418,CNN_F675B_J_29025_4,6.0,False,True
419,419,CNN_114B_E_17614_1,110.0,True,False
420,420,CNN_301N_J_3950_7,20.0,False,False
421,421,CNN_57R_E_11929_2,110.0,False,True
422,422,CNN_625_E_1053_39,110.0,False,True
423,423,CNN_0504141054130686827746_E_330,110.0,False,False
424,424,CNN_F12R_C_18529_6,380.0,False,True
425,425,CNN_173A_J_20930_55,20.0,True,True
426,426,CNN_0504190925320003861097_E_550,110.0,False,False
427,427,CNN_0503201540000118537055_E_918,110.0,False,False
428,428,CNN_F588S_J_5526_4,20.0,False,True
429,429,CNN_732_E_28451_16,110.0,False,True
430,430,CNN_0504211825170010820143_E_293,110.0,False,True
431,431,CNN_69101.128 W6 blau_E_26464_2,110.0,False,True
432,432,CNN_0504171015500013196403_E_275,110.0,False,False
433,433,CNN_0504200739130260985784_E_551,110.0,False,True
434,434,CNN_55U_J_12896_7,3.0,False,True
435,435,CNN_144G_J_140_73,20.0,False,True
436,436,CNN_62E_J_14179_12,20.0,False,False
437,437,CNN_630C2_J_29032_22,10.0,False,True
438,438,CNN_630Z3_E_29040_2,110.0,False,False
439,439,CNN_205B_E_1057_9,110.0,False,True
440,440,CNN_625_D_18527_4,220.0,False,False
441,441,CNN_625_E_1053_3,110.0,True,True
442,442,CNN_630C2_E_29031_5,110.0,False,False
443,443,CNN_67001.126 A11A grün_E_19633_,110.0,True,False
444,444,CNN_F9R_C_18522_24,380.0,False,True
445,445,CNN_724D_E_3324_1,110.0,False,False
446,446,CNN_712_E_18556_6,110.0,False,False
447,447,CNN_866_E_468_12,110.0,False,True
448,448,CNN_171D_E_22260_11,110.0,False,True
449,449,CNN_630F2_E_3309_18,110.0,True,True
450,450,CNN_630C2_E_29031_3,110.0,True,True
451,451,CNN_0710281702020036418877_E_218,110.0,False,False
452,452,CNN_835_J_28477_1,6.0,True,False
453,453,CNN_51004.82/6b W5/2 blau_E_1472,110.0,True,True
454,454,CNN_625_E_1053_5,110.0,True,False
455,455,CNN_0504232205420044642400_E_331,110.0,False,True
456,456,CNN_712_E_18556_39,110.0,True,True
457,457,CNN_0504061949450189436441_E_103,110.0,False,False
458,458,CNN_290F_E_16312_5,110.0,False,True
459,459,CNN_613U_H_18542_1,30.0,False,False
460,460,CNN_182Z_E_8_51,110.0,True,True
461,461,CNN_1206172141070161823552_E_550,110.0,False,False
462,462,CNN_459B_E_3358_12,110.0,False,True
463,463,CNN_1111042223130154665210_E_284,110.0,False,False
464,464,CNN_588_E_5520_10,110.0,False,False
465,465,CNN_729_J_28456_53,6.0,True,True
466,466,CNN_1206172312540211991248_E_163,110.0,False,True
467,467,CNN_253H_E_26118_1,110.0,True,False
468,468,CNN_613A_E_5503_21,110.0,False,True
469,469,CNN_0710281702020793538252_E_551,110.0,False,False
470,470,CNN_253Q_J_26130_1,6.0,False,False
471,471,CNN_0503201540000054143280_E_917,110.0,False,True
472,472,CNN_589W1_J_22078_1,10.0,False,False
473,473,CNN_0504140857120169891001_E_284,110.0,False,True
474,474,CNN_0505100937040125940094_E_334,110.0,False,True
475,475,CNN_0505091525540154314616_E_261,110.0,False,False
476,476,CNN_631B_E_3_5,110.0,False,True
477,477,CNN_712_E_18556_10,110.0,True,True
478,478,CNN_F9R_C_18522_42,380.0,False,True
479,479,CNN_0503251419100382752457_E_104,110.0,False,False
480,480,CNN_402D_E_16302_2,110.0,False,True
481,481,CNN_630C2_E_29031_17,110.0,False,True
482,482,CNN_F8R_C_18521_7,380.0,False,False
483,483,CNN_0710281702020036418877_E_218,110.0,False,True
484,484,CNN_249K_E_3342_10,110.0,False,True
485,485,CNN_588_E_5520_24,110.0,False,True
486,486,CNN_339H_J_3336_1,6.0,False,False
487,487,CNN_F9R_C_18522_29,380.0,False,True
488,488,CNN_542Q2_E_26141_4,110.0,False,False
489,489,CNN_1005090927160046654720_E_203,110.0,False,False
490,490,CNN_F8R_C_18521_10,380.0,False,False
491,491,CNN_630F2_E_3309_16,110.0,False,True
492,492,CNN_732_E_28451_13,110.0,False,True
493,493,CNN_0505101434120013620720_E_284,110.0,False,False
494,494,CNN_625_D_18527_9,220.0,False,True
495,495,CNN_UW-Westtirol_D_19819_11,220.0,False,True
496,496,CNN_113F_E_21808_12,110.0,True,False
497,497,CNN_113F_J_21810_14,3.0,False,True
498,498,CNN_589U1_J_5434_88,20.0,False,True
499,499,CNN_0504211825170010820143_E_293,110.0,False,False
500,500,CNN_182Z_E_8_31,110.0,False,True
501,501,CNN_613A_E_5503_8,110.0,False,True
502,502,CNN_F10R_C_18519_14,380.0,False,True
503,503,CNN_0504220831140043061238_E_222,110.0,False,True
504,504,CNN_171D_E_22260_3,110.0,False,True
505,505,CNN_0503251419100382752457_E_104,110.0,False,False
506,506,CNN_625W_E_10378_13,110.0,False,True
507,507,CNN_UW-Westtirol_D_19819_2,220.0,True,True
508,508,CNN_62001.63b Z6 blau_E_22255_3,110.0,False,False
509,509,CNN_389A_J_2770_87,20.0,True,True
510,510,CNN_173A_E_24_23,110.0,False,False
511,511,CNN_590B_E_5518_23,110.0,False,True
512,512,CNN_632_J_27471_6,20.0,False,False
513,513,CNN_4543.126 Füssen West g_D_198,220.0,False,False
514,514,CNN_121K_J_7847_46,20.0,True,True
515,515,CNN_1502222036410050473800_E_335,110.0,False,False
516,516,CNN_631B_E_3_1,110.0,False,False
517,517,CNN_F9R_C_18522_25,380.0,True,True
518,518,CNN_48U_J_5538_48,20.0,False,True
519,519,CNN_729_E_28454_1,110.0,False,False
520,520,CNN_57R_E_11929_20,110.0,False,True
521,521,CNN_402D_J_16299_49,20.0,True,True
522,522,CNN_229H2_E_10_19,110.0,False,True
523,523,CNN_122U_E_5493_10,110.0,True,False
524,524,CNN_12U1_J_6017_43,20.0,False,True
525,525,CNN_265_E_11933_21,110.0,False,True
526,526,CNN_2Z_E_5490_5,110.0,True,False
527,527,CNN_171D_E_22260_12,110.0,False,True
528,528,CNN_729_E_28454_3,110.0,False,True
529,529,CNN_630F2_E_3309_10,110.0,False,False
530,530,CNN_60001.66 C6/1 grün_E_5517_1,110.0,False,False
531,531,CNN_0504061949450079693838_E_103,110.0,False,False
532,532,CNN_413U1_E_12882_14,110.0,False,True
533,533,CNN_625_J_30033_81,20.0,True,True
534,534,CNN_0504131449550158397228_E_290,110.0,False,False
535,535,CNN_625_E_1053_7,110.0,False,False
536,536,CNN_640_E_3354_13,110.0,False,True
537,537,CNN_589U1_E_5495_16,110.0,False,True
538,538,CNN_605U1_E_20813_8,110.0,False,True
539,539,CNN_675B_E_3327_5,110.0,False,True
540,540,CNN_413U1_J_12844_66,20.0,False,True
541,541,CNN_245B_J_26150_8,6.0,False,True
542,542,CNN_648E_J_29909_5,20.0,True,False
543,543,CNN_605U1_E_20813_4,110.0,False,False
544,544,CNN_264S_J_18747_6,20.0,False,False
545,545,CNN_60001.66 C6/1 grün_E_5517_3,110.0,False,False
546,546,CNN_122U_E_5493_4,110.0,False,True
547,547,CNN_588_E_5520_18,110.0,False,True
548,548,CNN_2Z_E_5490_13,110.0,False,True
549,549,CNN_0504131306000002525026_E_203,110.0,False,False
550,550,CNN_0504171610540978597964_E_284,110.0,True,False
551,551,CNN_0504140857120023993508_E_331,110.0,False,False
552,552,CNN_F11R_C_18528_17,380.0,False,True
553,553,CNN_1212040832310082146207_E_331,110.0,False,False
554,554,CNN_173A_E_24_11,110.0,False,True
555,555,CNN_F12R_H_18531_1,30.0,False,False
556,556,CNN_0503251625340055811316_E_103,110.0,False,True
557,557,CNN_51502.18 D5/1 rot_E_15560_3,110.0,False,False
558,558,CNN_729_E_28454_13,110.0,True,True
559,559,CNN_0504171705280152696176_C_185,380.0,False,False
560,560,CNN_1003031520210300445722_E_128,110.0,False,True
561,561,CNN_0610021927230030764328_E_147,110.0,False,True
562,562,CNN_11601.11 W11 weiss_E_9_2,110.0,True,True
563,563,CNN_625_E_1053_47,110.0,False,True
564,564,CNN_385B_E_19_10,110.0,False,False
565,565,CNN_359A_J_26124_6,6.0,False,True
566,566,CNN_0505110958300264372420_C_185,380.0,False,False
567,567,CNN_18O_J_5232_8,20.0,True,False
568,568,CNN_182Z_E_8_27,110.0,False,True
569,569,CNN_F9R_C_18522_8,380.0,False,False
570,570,CNN_11351.32 E6 gelb_E_11_3,110.0,False,False
571,571,CNN_51004.82/6a W5/2 gelb_E_1472,110.0,True,False
572,572,CNN_0504171756000110092978_E_284,110.0,False,True
573,573,CNN_0505100743570264919234_E_261,110.0,False,True
574,574,CNN_340M_J_13434_50,20.0,True,True
575,575,CNN_428_E_27_32,110.0,False,True
576,576,CNN_11611.59 A11 grün_E_19629_3,110.0,True,False
577,577,CNN_182Z_J_1702_96,20.0,False,True
578,578,CNN_F10R_C_18519_44,380.0,False,True
579,579,CNN_685_E_10368_3,110.0,False,True
580,580,CNN_61501.37N X6/1 grün_E_5521_3,110.0,False,False
581,581,CNN_687_E_10353_11,110.0,False,True
582,582,CNN_734_E_18551_16,110.0,False,True
583,583,CNN_0504171756300217043052_E_284,110.0,False,False
584,584,CNN_F5S_E_5502_1,110.0,False,False
585,585,CNN_179M_J_11035_9,20.0,False,False
586,586,CNN_52102.19/27 K5A gelb_E_17615,110.0,True,True
587,587,CNN_589U1_J_22079_1,10.0,False,False
588,588,CNN_182Z_E_8_7,110.0,False,False
589,589,CNN_1007211307130079917012_E_7_1,110.0,False,False
590,590,CNN_268N_J_26135_5,6.0,False,True
591,591,CNN_0503251810190416964152_E_103,110.0,False,True
592,592,CNN_651_E_11939_2,110.0,False,False
593,593,CNN_182_J_1062_79,20.0,False,True
594,594,CNN_F8R_C_18521_27,380.0,False,True
595,595,CNN_1011072053110363558000_E_276,110.0,False,False
596,596,CNN_428_E_27_2,110.0,False,True
597,597,CNN_729_E_28454_14,110.0,False,True
598,598,CNN_0504171705280152696176_C_185,380.0,False,True
599,599,CNN_0504191310140015280320_E_218,110.0,False,False
600,600,CNN_0503251758590653515830_E_103,110.0,False,False
601,601,CNN_173A_E_24_4,110.0,False,False
602,602,CNN_168F_E_29689_7,110.0,False,True
603,603,CNN_1212040832310082146207_E_331,110.0,False,False
604,604,CNN_640_E_3354_3,110.0,True,True
605,605,CNN_1111042239390200007460_E_284,110.0,False,True
606,606,CNN_529N_E_28_3,110.0,False,True
607,607,CNN_1611022022200074761280_E_276,110.0,False,False
608,608,CNN_122U_E_5493_32,110.0,False,True
609,609,CNN_0504171705280313826566_C_198,380.0,True,False
610,610,CNN_118_E_22257_1,110.0,False,False
611,611,CNN_402D_E_16302_7,110.0,False,False
612,612,CNN_385B_J_22400_18,20.0,False,False
613,613,CNN_1011072053110343234749_E_197,110.0,False,False
614,614,CNN_198S_E_134_1,110.0,False,False
615,615,CNN_F301N_J_29024_6,6.0,False,True
616,616,CNN_0503251758590585656664_E_103,110.0,False,False
617,617,CNN_265_E_11933_6,110.0,False,False
618,618,CNN_F11R_C_18528_27,380.0,True,True
619,619,CNN_712_E_18556_32,110.0,False,True
620,620,CNN_1111042239390200007460_E_284,110.0,False,False
621,621,CNN_53001.201 Q5/2 violett_E_917,110.0,False,True
622,622,CNN_1005091115250417830182_E_105,110.0,False,False
623,623,CNN_19U_E_5494_6,110.0,False,False
624,624,CNN_359A_J_26124_1,6.0,False,False
625,625,CNN_712_E_18556_53,110.0,True,True
626,626,CNN_182Z_J_1702_16,20.0,False,False
627,627,CNN_0610021927230030764328_E_147,110.0,False,False
628,628,CNN_630F2_E_3309_32,110.0,False,True
629,629,CNN_630C2_J_29032_6,10.0,False,False
630,630,CNN_734_E_18551_3,110.0,False,True
631,631,CNN_1005090927160046654720_E_203,110.0,False,True
632,632,CNN_0503251625340236945056_E_103,110.0,False,False
633,633,CNN_613U_E_5509_51,110.0,True,True
634,634,CNN_179M_E_9174_3,110.0,True,True
635,635,CNN_0505091525540138590592_E_261,110.0,False,False
636,636,CNN_866_J_471_1,20.0,True,False
637,637,CNN_F613S_E_21798_19,110.0,False,True
638,638,CNN_815_J_9669_39,20.0,False,True
639,639,CNN_687_J_10046_9,20.0,True,False
640,640,CNN_645_J_1_23,3.0,True,True
641,641,CNN_697S_E_2764_16,110.0,False,False
642,642,CNN_0505071241190302544528_E_469,110.0,False,False
643,643,CNN_0504131447000048732877_E_290,110.0,False,False
644,644,CNN_118_E_22257_16,110.0,False,True
645,645,CNN_589U1_E_5495_8,110.0,False,False
646,646,CNN_730_E_2750_7,110.0,False,True
647,647,CNN_0710281702020439408440_E_553,110.0,False,True
648,648,CNN_697S_E_2764_4,110.0,True,True
649,649,CNN_0504171015500013196403_E_275,110.0,False,False
650,650,CNN_A328S_E_31062_1,110.0,False,False
651,651,CNN_0504251009110459929712_E_185,110.0,False,False
652,652,CNN_122U_E_5493_1,110.0,False,False
653,653,CNN_F12R_C_18529_5,380.0,False,False
654,654,CNN_31U1_E_14720_1,110.0,True,False
655,655,CNN_173A_C_18538_18,380.0,True,True
656,656,CNN_245B_J_26150_7,6.0,False,True
657,657,CNN_19U_J_6561_42,20.0,False,True
658,658,CNN_0504200739130260985784_E_551,110.0,False,False
659,659,CNN_60001.66 C6/1 grün_E_5517_4,110.0,False,False
660,660,CNN_0505101149170186825424_E_333,110.0,False,True
661,661,CNN_625W_J_10380_6,20.0,False,True
662,662,CNN_1U_J_5646_122,20.0,True,True
663,663,CNN_1304170736280037317024_E_163,110.0,False,False
664,664,CNN_630F2_J_27917_10,20.0,False,False
665,665,CNN_301N_E_3333_7,110.0,False,False
666,666,CNN_0504131543590176245800_E_290,110.0,False,True
667,667,CNN_645_J_1_22,3.0,True,True
668,668,CNN_66001.9 O6/1 blau_E_19749_2,110.0,False,True
669,669,CNN_F675B_J_29025_5,6.0,False,True
670,670,CNN_335B_J_3352_5,6.0,False,True
671,671,CNN_182Z_E_8_5,110.0,True,True
672,672,CNN_613A_E_5503_11,110.0,False,False
673,673,CNN_66001.11 O6/2 grün_E_19733_2,110.0,False,True
674,674,CNN_0504140857120295674880_E_284,110.0,False,False
675,675,CNN_171D_E_22260_6,110.0,False,False
676,676,CNN_651_E_11939_1,110.0,False,False
677,677,CNN_122U_E_5493_40,110.0,False,True
678,678,CNN_630F2_E_3309_17,110.0,False,True
679,679,CNN_F613S_E_21798_18,110.0,False,True
680,680,CNN_815_E_9670_7,110.0,False,True
681,681,CNN_67001.124 A11A grün_E_19632_,110.0,True,False
682,682,CNN_630C2_J_29032_17,10.0,True,True
683,683,CNN_442A_E_12892_7,110.0,False,True
684,684,CNN_625W_E_10378_8,110.0,False,False
685,685,CNN_645_J_1_20,3.0,True,True
686,686,CNN_685B_E_10359_11,110.0,False,True
687,687,CNN_0504220831140527826663_E_222,110.0,False,False
688,688,CNN_268O_J_26139_1,6.0,False,False
689,689,CNN_679F_E_10791_2,110.0,False,False
690,690,CNN_385B_E_19_30,110.0,False,True
691,691,CNN_1005090929420237276510_E_203,110.0,False,False
692,692,CNN_69001.235 R6/2 gelb_E_26125_,110.0,False,False
693,693,CNN_192_J_23928_62,20.0,True,True
694,694,CNN_173A_C_18538_5,380.0,False,False
695,695,CNN_866_E_468_10,110.0,False,True
696,696,CNN_179M_E_9174_8,110.0,False,True
697,697,CNN_0505061617000169191010_E_193,110.0,False,True
698,698,CNN_697S_E_2764_33,110.0,False,True
699,699,CNN_279A_E_15559_1,110.0,False,False
700,700,CNN_168F_E_29689_6,110.0,False,False
701,701,CNN_288K_E_13_5,110.0,False,False
702,702,CNN_A630D6__29039_22,10.0,False,True
703,703,CNN_2Z_J_5489_28,20.0,True,True
704,704,CNN_182Z_E_8_3,110.0,True,True
705,705,CNN_18O_E_5498_2,110.0,True,True
706,706,CNN_733_E_9178_1,110.0,False,False
707,707,CNN_179U_E_9171_15,110.0,False,True
708,708,CNN_1010092240070000580548_E_330,110.0,False,False
709,709,CNN_0503201501170403476150_E_128,110.0,False,False
710,710,CNN_1U_E_5515_8,110.0,False,True
711,711,CNN_630F2_E_3309_5,110.0,False,False
712,712,CNN_413U1_J_12844_13,20.0,False,False
713,713,CNN_645_J_1_10,3.0,True,True
714,714,CNN_589U1_E_5495_35,110.0,False,True
715,715,CNN_0505100854500005431075_E_261,110.0,False,False
716,716,CNN_630Z3_J_29041_1,6.0,False,False
717,717,CNN_0504171603490009294558_E_218,110.0,False,True
718,718,CNN_1005091115250031972070_E_105,110.0,False,False
719,719,CNN_173A_E_24_28,110.0,False,True
720,720,CNN_0505100840540078687510_E_261,110.0,False,False
721,721,CNN_629_E_19739_3,110.0,False,True
722,722,CNN_69C_E_21248_11,110.0,False,True
723,723,CNN_0504171756000102426687_E_284,110.0,False,True
724,724,CNN_F9R_C_18522_10,380.0,True,True
725,725,CNN_182Z_E_8_21,110.0,False,True
726,726,CNN_66001.49 O6/1 rot_E_19745_1,110.0,False,False
727,727,CNN_179M_E_9174_4,110.0,True,False
728,728,CNN_69C_E_21248_7,110.0,False,False
729,729,CNN_0504190956290279787038_E_218,110.0,False,False
730,730,CNN_0503251749520119771886_E_103,110.0,False,False
731,731,CNN_713_J_10383_4,10.0,True,False
732,732,CNN_11501.118 V11 gelb_E_31066_2,110.0,False,True
733,733,CNN_0504171756300201638840_E_284,110.0,False,False
734,734,CNN_31U1_E_14720_2,110.0,True,True
735,735,CNN_340M_E_17139_1,110.0,True,False
736,736,CNN_290F_E_16312_7,110.0,False,False
737,737,CNN_F9R_C_18522_12,380.0,False,True
738,738,CNN_640_E_3354_17,110.0,False,True
739,739,CNN_171D_J_4542_7,20.0,True,False
740,740,CNN_423E_E_22253_1,110.0,False,False
741,741,CNN_229H2_E_10_27,110.0,False,True
742,742,CNN_4521.100A Iller Nord_C_19827,380.0,False,False
743,743,CNN_2Z_E_5490_10,110.0,False,True
744,744,CNN_12211.180 W6 blau_E_26462_3,110.0,False,False
745,745,CNN_279A_E_15559_3,110.0,False,True
746,746,CNN_391L_J_18562_26,20.0,False,True
747,747,CNN_0505061747130832384038_E_193,110.0,False,False
748,748,CNN_229H2_E_10_16,110.0,False,True
749,749,CNN_173A_C_18538_32,380.0,False,True
750,750,CNN_F10R_C_18519_16,380.0,False,True
751,751,CNN_697S_E_2764_14,110.0,False,False
752,752,CNN_490N_J_3340_5,6.0,False,True
753,753,CNN_62E_E_11932_4,110.0,False,False
754,754,CNN_0504141054130037632449_E_331,110.0,False,False
755,755,CNN_0505101220410228924756_E_332,110.0,False,False
756,756,CNN_192_J_23928_63,20.0,False,True
757,757,CNN_625_E_1053_45,110.0,False,True
758,758,CNN_685A_E_10357_15,110.0,False,True
759,759,CNN_12U1_E_6034_5,110.0,False,False
760,760,CNN_359A_J_26124_8,6.0,False,True
761,761,CNN_182Z_J_1702_83,20.0,False,True
762,762,CNN_F8R_C_18521_11,380.0,False,False
763,763,CNN_625W_J_10380_12,20.0,False,True
764,764,CNN_712_E_18556_33,110.0,False,True
765,765,CNN_529N_J_29_61,20.0,True,True
766,766,CNN_712_E_18556_36,110.0,False,True
767,767,CNN_442A_E_12892_6,110.0,False,True
768,768,CNN_719_E_10789_4,110.0,False,True
769,769,CNN_339H_E_3335_4,110.0,False,False
770,770,CNN_182Z_E_8_16,110.0,False,True
771,771,CNN_F8R_C_18521_21,380.0,False,True
772,772,CNN_428_E_27_29,110.0,False,True
773,773,CNN_675B_E_3327_6,110.0,False,False
774,774,CNN_0512142039330080713700_C_185,380.0,False,False
775,775,CNN_11651.100 K11 blau_E_31060_1,110.0,False,False
776,776,CNN_648E_J_29909_39,20.0,True,True
777,777,CNN_173A_E_24_64,110.0,False,True
778,778,CNN_854_E_466_1,110.0,False,False
779,779,CNN_192_E_16_11,110.0,False,True
780,780,CNN_340M_E_17139_4,110.0,False,False
781,781,CNN_1608211442080023658648_E_136,110.0,False,False
782,782,CNN_288K_E_13_2,110.0,True,True
783,783,CNN_629_E_19741_1,110.0,False,False
784,784,CNN_60007.66/1 C6/2A gelb_E_6038,110.0,False,True
785,785,CNN_173A_E_24_5,110.0,True,True
786,786,CNN_640_E_3354_20,110.0,False,True
787,787,CNN_589U1_E_5495_13,110.0,False,False
788,788,CNN_1005091115250158210789_E_296,110.0,False,True
789,789,CNN_168F_E_29689_2,110.0,True,True
790,790,CNN_413U1_E_12882_16,110.0,False,True
791,791,CNN_113F_E_21808_20,110.0,False,True
792,792,CNN_113F_E_21808_24,110.0,False,True
793,793,CNN_854_J_465_41,20.0,False,True
794,794,CNN_576Q_E_28463_1,110.0,False,False
795,795,CNN_428_J_8236_12,20.0,False,False
796,796,CNN_697S_E_2764_27,110.0,True,True
797,797,CNN_11351.80 O11 rot_E_31203_3,110.0,False,False
798,798,CNN_0710281706470140763496_E_217,110.0,False,True
799,799,CNN_340M_J_13434_70,20.0,False,True
800,800,CNN_1102021624450053130714_E_276,110.0,False,True
801,801,CNN_630Z3_E_29040_4,110.0,False,True
802,802,CNN_2U_E_5491_4,110.0,False,False
803,803,CNN_0504220831140527826663_E_222,110.0,False,True
804,804,CNN_732_E_28451_2,110.0,False,True
805,805,CNN_0504171610540037630100_E_284,110.0,False,False
806,806,CNN_12211.180 W6 blau_E_26462_2,110.0,False,True
807,807,CNN_0505061747130832384038_E_193,110.0,False,True
808,808,CNN_279A_E_15559_8,110.0,False,True
809,809,CNN_630F2_E_3309_36,110.0,False,True
810,810,CNN_589U1_E_5495_29,110.0,False,True
811,811,CNN_F10R_C_18519_1,380.0,False,False
812,812,CNN_640_E_3354_21,110.0,False,True
813,813,CNN_61501.37C X6/1 grün_E_5525_2,110.0,False,True
814,814,CNN_613U_E_5509_23,110.0,False,True
815,815,CNN_F9R_H_18526_1,30.0,False,False
816,816,CNN_645_J_1_15,3.0,True,True
817,817,CNN_542Q2_J_26142_1,6.0,False,False
818,818,CNN_711_E_9183_11,110.0,False,True
819,819,CNN_0504131036470008318838_E_203,110.0,False,False
820,820,CNN_335B_J_3352_4,6.0,False,True
821,821,CNN_0505100840540674652198_E_261,110.0,False,False
822,822,CNN_268O_E_26138_3,110.0,False,False
823,823,CNN_732_J_27650_6,20.0,True,False
824,824,CNN_F8R_C_18521_24,380.0,True,True
825,825,CNN_F8R_C_18521_9,380.0,False,False
826,826,CNN_712_E_18556_47,110.0,True,True
827,827,CNN_459B_E_3358_9,110.0,False,True
828,828,CNN_625_E_1053_36,110.0,True,True
829,829,CNN_1203121731370627853072_E_147,110.0,False,True
830,830,CNN_613A_E_5503_18,110.0,False,True
831,831,CNN_62E_J_14179_4,20.0,False,False
832,832,CNN_0612220900190071857200_E_552,110.0,False,False
833,833,CNN_64001.39n U6/1 schwarz_E_293,110.0,False,True
834,834,CNN_630C2_E_29031_8,110.0,False,False
835,835,CNN_685A_J_10390_11,10.0,False,True
836,836,CNN_648E_E_1054_14,110.0,False,True
837,837,CNN_122U_E_5493_46,110.0,False,True
838,838,CNN_0503201117560794056263_E_128,110.0,False,False
839,839,CNN_36W_E_11931_5,110.0,True,False
840,840,CNN_66001.11 O6/1 blau_E_19748_1,110.0,False,False
841,841,CNN_36W_J_14449_12,20.0,False,False
842,842,CNN_724D_J_3325_5,6.0,False,True
843,843,CNN_0504131138390013512033_E_290,110.0,False,False
844,844,CNN_729_E_28454_12,110.0,False,True
845,845,CNN_173A_E_24_20,110.0,False,False
846,846,CNN_F10R_C_18519_20,380.0,True,True
847,847,CNN_0504251009110459929712_E_185,110.0,True,True
848,848,CNN_687_E_10353_12,110.0,False,True
849,849,CNN_60001.66 C6/1 grün_E_5517_2,110.0,False,True
850,850,CNN_F11R_C_18528_23,380.0,False,True
851,851,CNN_0504161613250201014072_E_331,110.0,False,True
852,852,CNN_732M_E_28473_3,110.0,False,False
853,853,CNN_122U_E_5493_11,110.0,False,False
854,854,CNN_335B_E_3351_3,110.0,False,False
855,855,CNN_268N_J_26135_2,6.0,False,True
856,856,CNN_1003031532260049706226_E_128,110.0,False,True
857,857,CNN_0602241915490229117710_E_103,110.0,False,False
858,858,CNN_428_E_27_10,110.0,False,False
859,859,CNN_712_E_18556_14,110.0,True,False
860,860,CNN_685A_J_10390_1,10.0,False,False
861,861,CNN_701_E_2753_2,110.0,True,False
862,862,CNN_459B_E_3358_13,110.0,False,True
863,863,CNN_1611022022200188204214_E_276,110.0,False,True
864,864,CNN_0503201207150407023552_E_128,110.0,False,False
865,865,CNN_385B_E_19_29,110.0,True,True
866,866,CNN_51503.18 D5/2 gelb_E_11930_3,110.0,False,False
867,867,CNN_122U_E_5493_30,110.0,False,True
868,868,CNN_529N_E_28_1,110.0,False,False
869,869,CNN_0504171610540978597964_E_284,110.0,True,True
870,870,CNN_734_E_18551_40,110.0,False,True
871,871,CNN_719_E_10789_12,110.0,False,True
872,872,CNN_679F_E_10791_1,110.0,False,False
873,873,CNN_0505081035070821588768_E_198,110.0,False,False
874,874,CNN_118_E_22257_13,110.0,False,True
875,875,CNN_1611022028260005063975_E_185,110.0,False,False
876,876,CNN_640_E_3354_26,110.0,False,True
877,877,CNN_0504171603490065997010_E_218,110.0,False,False
878,878,CNN_12U1_E_6034_6,110.0,False,True
879,879,CNN_407H_E_11936_2,110.0,False,True
880,880,CNN_265_E_11933_5,110.0,False,False
881,881,CNN_0504171628170074626580_E_218,110.0,False,False
882,882,CNN_340M_J_13434_67,20.0,True,True
883,883,CNN_48U_E_5535_11,110.0,False,True
884,884,CNN_F10R_C_18519_40,380.0,False,True
885,885,CNN_63501.156 W6 blau_E_26463_1,110.0,False,False
886,886,CNN_0503201405540428246838_E_119,110.0,False,False
887,887,CNN_173A_E_24_56,110.0,False,True
888,888,CNN_0504191310140029728608_E_217,110.0,False,False
889,889,CNN_0504140857120447294852_E_330,110.0,False,True
890,890,CNN_179U_E_9171_42,110.0,False,True
891,891,CNN_122U_E_5493_6,110.0,True,True
892,892,CNN_0505100937040043535323_E_334,110.0,False,False
893,893,CNN_0504140855350301737020_E_330,110.0,False,False
894,894,CNN_0504140857120447294852_E_330,110.0,False,False
895,895,CNN_265_E_11933_16,110.0,False,True
896,896,CNN_423E_E_22253_7,110.0,False,False
897,897,CNN_4543.99 Füssen West ge_D_198,220.0,False,False
898,898,CNN_713_E_10374_3,110.0,True,True
899,899,CNN_253Q_E_26129_2,110.0,False,True
900,900,CNN_385B_E_19_31,110.0,False,True
901,901,CNN_734_E_18551_32,110.0,False,True
902,902,CNN_687_J_10046_38,20.0,False,True
903,903,CNN_69C_E_21248_15,110.0,True,True
904,904,CNN_697S_E_2764_17,110.0,False,True
905,905,CNN_0503251749520126961920_E_103,110.0,False,False
906,906,CNN_1U_J_5646_123,20.0,False,True
907,907,CNN_0503201501170049161150_E_128,110.0,False,True
908,908,CNN_UW-Westtirol_D_19819_9,220.0,False,True
909,909,CNN_630F2_E_3309_11,110.0,False,False
910,910,CNN_490N_J_3340_3,6.0,False,True
911,911,CNN_0505081032590105755820_E_198,110.0,False,False
912,912,CNN_395A_E_20331_10,110.0,False,True
913,913,CNN_697Y_E_3301_1,110.0,False,False
914,914,CNN_402D_J_16299_8,20.0,True,False
915,915,CNN_41M_E_20328_7,110.0,False,True
916,916,CNN_122U_H_19835_1,30.0,False,False
917,917,CNN_613U_E_5509_28,110.0,True,True
918,918,CNN_11501.57 V11 gelb_E_31064_1,110.0,False,False
919,919,CNN_625_E_1053_31,110.0,False,True
920,920,CNN_11611.87a R11 schwarz_E_1963,110.0,False,False
921,921,CNN_588X_E_5523_10,110.0,False,True
922,922,CNN_605U1_J_20814_42,20.0,False,True
923,923,CNN_171D_J_4542_81,20.0,True,True
924,924,CNN_712_E_18556_15,110.0,False,True
925,925,CNN_69C_E_21248_19,110.0,True,True
926,926,CNN_0505100743570264919234_E_261,110.0,False,False
927,927,CNN_692_E_9672_9,110.0,False,True
928,928,CNN_F9R_C_18522_34,380.0,False,True
929,929,CNN_0505100937040125940094_E_334,110.0,False,False
930,930,CNN_11611.32 R11 schwarz_E_19635,110.0,False,True
931,931,CNN_173A_H_18548_1,30.0,False,False
932,932,CNN_734_E_18551_15,110.0,False,True
933,933,CNN_854_E_466_7,110.0,False,False
934,934,CNN_264S_E_19634_3,110.0,False,True
935,935,CNN_0505081005400794109325_E_105,110.0,False,False
936,936,CNN_66001.9 O6/2 grün_E_19732_2,110.0,False,True
937,937,CNN_732_E_28451_4,110.0,False,True
938,938,CNN_0504131306000269779496_E_203,110.0,False,True
939,939,CNN_712_E_18556_44,110.0,False,True
940,940,CNN_385B_E_19_32,110.0,False,True
941,941,CNN_459B_E_3358_1,110.0,False,False
942,942,CNN_31U1_J_14576_55,20.0,True,True
943,943,CNN_69C_J_21253_1,10.0,False,False
944,944,CNN_687_E_10353_6,110.0,False,False
945,945,CNN_675B_E_3327_12,110.0,False,True
946,946,CNN_724D_E_3324_4,110.0,False,False
947,947,CNN_1604041726400054850519_E_17_,110.0,False,True
948,948,CNN_0503201501170278527200_E_128,110.0,False,False
949,949,CNN_229H2_E_10_1,110.0,False,False
950,950,CNN_1005091115250031972070_E_105,110.0,False,False
951,951,CNN_0505061730040006804603_E_193,110.0,False,True
952,952,CNN_729_J_28455_1,10.0,False,False
953,953,CNN_630Z3_J_29041_6,6.0,False,True
954,954,CNN_62E_E_11932_3,110.0,False,True
955,955,CNN_62101.180/10 W6A blau_E_2646,110.0,False,False
956,956,CNN_60007.66/9 C6/1A grün_E_6035,110.0,False,False
957,957,CNN_589U1_E_5495_6,110.0,False,False
958,958,CNN_0504200739130001379040_E_551,110.0,False,False
959,959,CNN_279A_J_14978_5,20.0,False,False
960,960,CNN_1010092240070096140408_E_331,110.0,False,False
961,961,CNN_0505071241190465481030_E_467,110.0,False,False
962,962,CNN_122U_E_5493_36,110.0,False,True
963,963,CNN_0504220831140527826663_E_222,110.0,False,False
964,964,CNN_459B_J_3360_20,20.0,False,False
965,965,CNN_413U1_E_12882_1,110.0,True,False
966,966,CNN_0504171015500013196403_E_275,110.0,False,True
967,967,CNN_1010092240070143668020_C_185,380.0,False,False
968,968,CNN_0505061617000975065868_E_4_1,110.0,False,False
969,969,CNN_205B_E_1057_10,110.0,False,True
970,970,CNN_423E_E_22253_8,110.0,False,False
971,971,CNN_68002.38 E6 blau_E_14_1,110.0,False,False
972,972,CNN_1611022028260005063975_E_185,110.0,False,False
973,973,CNN_588_E_5520_8,110.0,False,False
974,974,CNN_685_E_10368_11,110.0,False,True
975,975,CNN_64001.39s U6/1 gelb_E_2751_3,110.0,False,False
976,976,CNN_613U_E_5509_35,110.0,False,True
977,977,CNN_588X_E_5523_7,110.0,False,False
978,978,CNN_1001171505080210668640_E_918,110.0,False,True
979,979,CNN_711_E_9183_12,110.0,False,True
980,980,CNN_1005090922020555333318_E_103,110.0,False,False
981,981,CNN_590B_E_5518_8,110.0,False,False
982,982,CNN_1U_E_5515_11,110.0,False,True
983,983,CNN_625_E_1053_1,110.0,False,False
984,984,CNN_60001.66 C6/2 gelb_E_5530_3,110.0,False,False
985,985,CNN_113F_J_21809_14,20.0,False,True
986,986,CNN_118_E_22257_15,110.0,False,True
987,987,CNN_182_E_1060_9,110.0,False,True
988,988,CNN_339H_J_3336_4,6.0,False,True
989,989,CNN_0503201540000289486407_E_917,110.0,False,True
990,990,CNN_588X_E_5523_19,110.0,True,True
991,991,CNN_625_H_19826_2,30.0,False,True
992,992,CNN_395A_E_20331_14,110.0,False,True
993,993,CNN_640_J_3613_134,20.0,True,True
994,994,CNN_F9R_C_18522_27,380.0,False,True
995,995,CNN_51001.91a W5/2 blau_E_14726_,110.0,True,True
996,996,CNN_62101.180/10 W6B blau_E_2646,110.0,False,True
997,997,CNN_F9R_C_18522_44,380.0,False,True
998,998,CNN_442A_E_12892_8,110.0,False,True
999,999,CNN_486E_J_10395_6,10.0,False,True
1000,1000,CNN_A630D6__29039_21,10.0,True,True
1001,1001,CNN_253Q_J_26130_7,6.0,False,True
1002,1002,CNN_173A_C_18538_31,380.0,False,True
1003,1003,CNN_268N_J_26135_7,6.0,False,True
1004,1004,CNN_229H2_E_10_12,110.0,False,True
1005,1005,CNN_0505061756290233927735_E_185,110.0,False,False
1006,1006,CNN_28C_E_14727_9,110.0,True,True
1007,1007,CNN_1U_J_5646_48,20.0,False,True
1008,1008,CNN_0504190925320003861097_E_550,110.0,False,True
1009,1009,CNN_1011072053110752099520_E_197,110.0,False,False
1010,1010,CNN_182_J_1062_111,20.0,False,True
1011,1011,CNN_173A_E_24_59,110.0,False,True
1012,1012,CNN_0504190956300859761468_E_218,110.0,False,True
1013,1013,CNN_711_E_9183_6,110.0,False,False
1014,1014,CNN_41M_E_20328_5,110.0,False,False
1015,1015,CNN_0612220900190239481792_E_552,110.0,False,False
1016,1016,CNN_173A_E_24_3,110.0,True,False
1017,1017,CNN_182Z_E_8_25,110.0,True,True
1018,1018,CNN_62101.180/10 W6A blau_E_2646,110.0,False,True
1019,1019,CNN_423E_E_22253_14,110.0,False,True
1020,1020,CNN_0505101121490099191088_E_333,110.0,False,False
1021,1021,CNN_229H2_E_10_6,110.0,False,False
1022,1022,CNN_1103170726430057675944_E_331,110.0,False,True
1023,1023,CNN_339H_E_3335_1,110.0,False,False
1024,1024,CNN_589U1_E_5495_27,110.0,False,True
1025,1025,CNN_11351.122 O11 rot_E_31201_1,110.0,False,False
1026,1026,CNN_0503201540000118537055_E_918,110.0,False,False
1027,1027,CNN_486E_E_10392_1,110.0,False,False
1028,1028,CNN_11651.119 K11 blau_E_31061_3,110.0,False,False
1029,1029,CNN_613U_E_5509_8,110.0,False,False
1030,1030,CNN_113F_J_21810_4,3.0,False,False
1031,1031,CNN_719_J_10788_79,20.0,True,True
1032,1032,CNN_55U_J_12897_28,20.0,False,True
1033,1033,CNN_713_E_10374_4,110.0,True,True
1034,1034,CNN_F102NS_E_5501_16,110.0,False,True
1035,1035,CNN_57R_J_11928_7,20.0,True,False
1036,1036,CNN_542U1_J_4277_67,20.0,True,True
1037,1037,CNN_1011072053110752099520_E_197,110.0,False,True
1038,1038,CNN_428_E_27_11,110.0,False,False
1039,1039,CNN_F675B_J_29025_2,6.0,False,True
1040,1040,CNN_389A_E_2769_8,110.0,False,True
1041,1041,CNN_625_D_18527_7,220.0,False,True
1042,1042,CNN_0504131449550061278761_E_290,110.0,False,False
1043,1043,CNN_0503251528580490584450_E_103,110.0,False,True
1044,1044,CNN_4543.95 Füssen West ge_D_198,220.0,False,False
1045,1045,CNN_173A_E_24_60,110.0,False,True
1046,1046,CNN_173A_E_24_17,110.0,False,False
1047,1047,CNN_630C2_J_29037_1,10.0,False,False
1048,1048,CNN_1111042239390234391664_E_284,110.0,False,False
1049,1049,CNN_279A_J_14978_8,20.0,False,False
1050,1050,CNN_1011072053110343234749_E_197,110.0,False,True
1051,1051,CNN_1111042223130154665210_E_284,110.0,False,False
1052,1052,CNN_391L_J_31208_16,10.0,True,True
1053,1053,CNN_413U1_E_12882_6,110.0,False,False
1054,1054,CNN_0504191310140029728608_E_217,110.0,False,False
1055,1055,CNN_391L_J_31208_17,10.0,True,True
1056,1056,CNN_48U_E_5535_6,110.0,True,False
1057,1057,CNN_0504190848360160824960_E_550,110.0,False,False
1058,1058,CNN_288K_J_2357_11,20.0,False,False
1059,1059,CNN_732M_E_28473_1,110.0,False,False
1060,1060,CNN_229H2_E_10_21,110.0,True,True
1061,1061,CNN_0603240901060385321800_E_198,110.0,False,False
1062,1062,CNN_1U_E_5515_2,110.0,False,True
1063,1063,CNN_631B_J_2_6,3.0,False,False
1064,1064,CNN_712_E_18556_7,110.0,True,True
1065,1065,CNN_632_E_28482_11,110.0,False,True
1066,1066,CNN_63501.156 W6 blau_E_26463_2,110.0,False,True
1067,1067,CNN_122U_E_5493_44,110.0,False,True
1068,1068,CNN_0503201816360000496392_E_107,110.0,False,False
1069,1069,CNN_2Z_E_5490_7,110.0,False,False
1070,1070,CNN_F102NS_E_5501_7,110.0,False,True
1071,1071,CNN_335B_E_3351_1,110.0,False,False
1072,1072,CNN_249K_E_3342_13,110.0,False,True
1073,1073,CNN_423E_E_22253_3,110.0,False,True
1074,1074,CNN_AMP1_C_19828_9,380.0,False,True
1075,1075,CNN_529N_E_28_11,110.0,False,True
1076,1076,CNN_589U1_E_5495_10,110.0,False,False
1077,1077,CNN_249K_J_29023_5,6.0,False,True
1078,1078,CNN_697S_C_18536_4,380.0,False,True
1079,1079,CNN_866_E_468_13,110.0,False,True
1080,1080,CNN_866_E_468_7,110.0,False,False
1081,1081,CNN_423E_J_22251_83,20.0,False,True
1082,1082,CNN_734_E_18551_19,110.0,False,True
1083,1083,CNN_0511161130420335553666_E_550,110.0,False,True
1084,1084,CNN_613U_E_5509_18,110.0,False,True
1085,1085,CNN_630C2_E_29031_13,110.0,False,True
1086,1086,CNN_631B_J_2_21,3.0,False,True
1087,1087,CNN_697S_E_2764_34,110.0,False,True
1088,1088,CNN_1011072033470024663500_E_276,110.0,False,True
1089,1089,CNN_613U_E_5509_29,110.0,False,True
1090,1090,CNN_613A_E_5503_39,110.0,False,True
1091,1091,CNN_605U1_J_20814_13,20.0,False,False
1092,1092,CNN_719_J_10788_78,20.0,False,True
1093,1093,CNN_625_E_1053_30,110.0,False,True
1094,1094,CNN_0505101121490234838464_E_333,110.0,False,True
1095,1095,CNN_173A_E_24_1,110.0,False,False
1096,1096,CNN_0503191711250199636244_E_171,110.0,False,False
1097,1097,CNN_268O_J_26139_2,6.0,False,True
1098,1098,CNN_428_E_27_23,110.0,False,True
1099,1099,CNN_340M_J_13434_46,20.0,False,True
1100,1100,CNN_179U_E_9171_14,110.0,False,False
1101,1101,CNN_122U_E_5493_48,110.0,False,True
1102,1102,CNN_459B_E_3358_7,110.0,False,False
1103,1103,CNN_645_J_1_19,3.0,True,True
1104,1104,CNN_118_E_22257_12,110.0,False,True
1105,1105,CNN_57R_E_11929_9,110.0,False,False
1106,1106,CNN_395A_E_20331_5,110.0,True,False
1107,1107,CNN_1206172141070008005690_E_549,110.0,False,True
1108,1108,CNN_279A_J_14978_51,20.0,False,True
1109,1109,CNN_173A_E_24_48,110.0,False,True
1110,1110,CNN_168F_J_1344_39,20.0,False,True
1111,1111,CNN_0504131449550061278761_E_290,110.0,False,True
1112,1112,CNN_1102021624450231749824_E_197,110.0,False,False
1113,1113,CNN_734_E_18551_7,110.0,False,False
1114,1114,CNN_18O_E_5498_4,110.0,False,False
1115,1115,CNN_1603051632190015413174_E_185,110.0,True,True
1116,1116,CNN_182Z_E_8_32,110.0,False,True
1117,1117,CNN_2Z_J_5489_5,20.0,False,False
1118,1118,CNN_4543.99 K11 blau_E_31059_2,110.0,False,True
1119,1119,CNN_265_J_13697_152,20.0,True,True
1120,1120,CNN_1005091124510388900827_E_296,110.0,False,False
1121,1121,CNN_205B_E_1057_2,110.0,False,True
1122,1122,CNN_F12R_C_18529_17,380.0,False,True
1123,1123,CNN_529N_E_28_9,110.0,False,True
1124,1124,CNN_173A_C_18538_4,380.0,False,False
1125,1125,CNN_1512291016090149800938_E_197,110.0,False,False
1126,1126,CNN_724D_E_3324_3,110.0,False,False
1127,1127,CNN_229H2_E_10_15,110.0,False,True
1128,1128,CNN_423E_J_22251_156,20.0,True,True
1129,1129,CNN_0504171610540257452641_E_284,110.0,False,True
1130,1130,CNN_205B_E_1057_7,110.0,False,True
1131,1131,CNN_11501.86 V11 gelb_E_31065_3,110.0,False,False
1132,1132,CNN_F9R_C_18522_31,380.0,False,True
1133,1133,CNN_395A_E_20331_4,110.0,False,True
1134,1134,CNN_1311302212320143293524_E_335,110.0,False,False
1135,1135,CNN_268O_E_26138_2,110.0,False,True
1136,1136,CNN_712_E_18556_24,110.0,False,True
1137,1137,CNN_651_E_11941_1,110.0,True,False
1138,1138,CNN_866_E_468_14,110.0,False,True
1139,1139,CNN_28C_J_14732_4,20.0,False,False
1140,1140,CNN_625W_E_10378_14,110.0,False,True
1141,1141,CNN_1502222036410050473800_E_335,110.0,False,False
1142,1142,CNN_732M_E_28473_4,110.0,False,False
1143,1143,CNN_66001.48a O6/1 blau_E_19747_,110.0,False,True
1144,1144,CNN_729_J_28457_1,20.0,False,False
1145,1145,CNN_0504190848360363697221_E_212,110.0,False,False
1146,1146,CNN_0505061756290233927735_E_185,110.0,False,True
1147,1147,CNN_413U1_J_12844_20,20.0,True,False
1148,1148,CNN_729_E_28454_9,110.0,False,False
1149,1149,CNN_0504161349110124162605_E_147,110.0,True,True
1150,1150,CNN_61501.37N X6/1 grün_E_5521_4,110.0,False,False
1151,1151,CNN_391L_J_31208_18,10.0,True,True
1152,1152,CNN_590B_E_5518_14,110.0,False,True
1153,1153,CNN_0505100928370003614135_E_334,110.0,False,False
1154,1154,CNN_0504171610540257452641_E_284,110.0,False,False
1155,1155,CNN_0505101433070086502096_E_284,110.0,False,False
1156,1156,CNN_F10R_C_18519_27,380.0,False,True
1157,1157,CNN_1611022022200188204214_E_276,110.0,False,False
1158,1158,CNN_629_E_19739_2,110.0,False,False
1159,1159,CNN_866_E_468_5,110.0,False,False
1160,1160,CNN_F8R_C_18521_41,380.0,True,True
1161,1161,CNN_734_E_18551_38,110.0,False,True
1162,1162,CNN_0504131138390571135374_E_290,110.0,False,False
1163,1163,CNN_F102NS_E_5501_33,110.0,False,True
1164,1164,CNN_1611022022200074761280_E_276,110.0,False,False
1165,1165,CNN_0505071054350313753552_E_296,110.0,False,True
1166,1166,CNN_0505101121490234838464_E_333,110.0,False,False
1167,1167,CNN_645_J_1_6,3.0,True,True
1168,1168,CNN_288K_E_13_4,110.0,True,False
1169,1169,CNN_0505100743570264919234_E_261,110.0,False,False
1170,1170,CNN_0503251749520119771886_E_103,110.0,False,False
1171,1171,CNN_712_E_18556_37,110.0,False,True
1172,1172,CNN_55U_E_12886_9,110.0,False,True
1173,1173,CNN_685A_E_10357_9,110.0,False,True
1174,1174,CNN_649A_E_19364_4,110.0,False,False
1175,1175,CNN_122U_E_5493_62,110.0,False,True
1176,1176,CNN_0505071054340764151360_E_139,110.0,False,False
1177,1177,CNN_0505101121490234838464_E_333,110.0,False,False
1178,1178,CNN_0505101235080006856174_E_332,110.0,False,False
1179,1179,CNN_423E_E_22253_6,110.0,False,False
1180,1180,CNN_613U_E_5509_37,110.0,False,True
1181,1181,CNN_F10R_C_18519_2,380.0,True,True
1182,1182,CNN_144G_E_138_3,110.0,False,True
1183,1183,CNN_60007.66/9 C6/2A gelb_E_6037,110.0,False,False
1184,1184,CNN_173A_E_24_43,110.0,False,True
1185,1185,CNN_0612220900190299847915_E_552,110.0,False,False
1186,1186,CNN_685B_E_10359_7,110.0,False,True
1187,1187,CNN_253H_E_26118_11,110.0,False,True
1188,1188,CNN_0503191711250225522485_E_171,110.0,False,False
1189,1189,CNN_645_J_1_14,3.0,True,True
1190,1190,CNN_730_E_2750_4,110.0,False,False
1191,1191,CNN_423E_J_22251_29,20.0,False,False
1192,1192,CNN_711_E_9183_14,110.0,False,True
1193,1193,CNN_0602241915490484204740_E_103,110.0,False,False
1194,1194,CNN_62E_E_11932_11,110.0,False,True
1195,1195,CNN__E_5_1,110.0,False,False
1196,1196,CNN_36W_J_14449_13,20.0,True,False
1197,1197,CNN_182Z_E_8_11,110.0,False,False
1198,1198,CNN_1604041726400054850519_E_17_,110.0,False,False
1199,1199,CNN_113F_E_21808_6,110.0,False,False
1200,1200,CNN_0504171705280054636210_E_218,110.0,False,True
1201,1201,CNN_0504200739130001379040_E_551,110.0,False,False
1202,1202,CNN_542Q2_J_26142_2,6.0,False,True
1203,1203,CNN_179M_E_9174_11,110.0,False,True
1204,1204,CNN_648E_E_1054_13,110.0,False,True
1205,1205,CNN_630C2_J_29032_20,10.0,True,True
1206,1206,CNN_28C_J_14732_1,20.0,True,False
1207,1207,CNN_630Z3_J_29041_3,6.0,False,True
1208,1208,CNN_F8R_C_18521_37,380.0,False,True
1209,1209,CNN_613A_E_5503_1,110.0,False,False
1210,1210,CNN_712_E_18556_19,110.0,False,True
1211,1211,CNN_613U_E_5509_3,110.0,False,True
1212,1212,CNN_0504190925320189865236_E_212,110.0,False,True
1213,1213,CNN_732_E_28451_15,110.0,False,True
1214,1214,CNN_630F2_E_3309_3,110.0,True,True
1215,1215,CNN_UW-Westtirol_D_19819_13,220.0,False,True
1216,1216,CNN_60007.66/9 C6/1A grün_E_6035,110.0,False,False
1217,1217,CNN_F102NS_E_5501_12,110.0,False,False
1218,1218,CNN_685B_E_10359_1,110.0,False,False
1219,1219,CNN_542U1_E_26147_12,110.0,False,True
1220,1220,CNN_0805161413360569997183_E_193,110.0,False,True
1221,1221,CNN_640_J_3613_36,20.0,False,True
1222,1222,CNN__E_10370_1,110.0,False,False
1223,1223,CNN_0505081724190140747694_E_310,110.0,False,True
1224,1224,CNN_36W_E_11931_2,110.0,False,True
1225,1225,CNN_713_J_10383_13,10.0,True,True
1226,1226,CNN_A630D6_E_29038_1,110.0,False,False
1227,1227,CNN_182Z_E_8_22,110.0,False,True
1228,1228,CNN_309G_E_19746_4,110.0,False,False
1229,1229,CNN_66001.11 O6/2 grün_E_19733_1,110.0,False,False
1230,1230,CNN_F8R_C_18521_20,380.0,False,True
1231,1231,CNN_0505101149170216485031_E_333,110.0,False,False
1232,1232,CNN_31U1_E_14720_11,110.0,True,True
1233,1233,CNN__E_6_1,110.0,False,False
1234,1234,CNN_1U_E_5515_5,110.0,True,False
1235,1235,CNN_118_J_4633_8,20.0,False,False
1236,1236,CNN_181B_E_26459_3,110.0,False,True
1237,1237,CNN_0504211825170010820143_E_293,110.0,False,False
1238,1238,CNN_0505071054350468918038_E_106,110.0,False,False
1239,1239,CNN_1604041726400144776820_E_15_,110.0,False,False
1240,1240,CNN_630A4_E_3320_1,110.0,False,False
1241,1241,CNN_F12R_C_18529_1,380.0,False,False
1242,1242,CNN_69001.234 R6/1 violett_E_261,110.0,False,True
1243,1243,CNN_0505101157210628754896_E_333,110.0,False,False
1244,1244,CNN_F102NS_E_5501_17,110.0,False,True
1245,1245,CNN_11351.122 O11 rot_E_31201_2,110.0,False,True
1246,1246,CNN_0504131447000506983099_E_290,110.0,False,True
1247,1247,CNN_182Z_E_8_4,110.0,False,True
1248,1248,CNN_55U_J_12897_1,20.0,False,False
1249,1249,CNN_31U1_J_14576_54,20.0,True,True
1250,1250,CNN_51001.91a W5/2 blau_E_14726_,110.0,True,False
1251,1251,CNN_542U1_E_26147_8,110.0,False,True
1252,1252,CNN_265_E_11933_12,110.0,False,True
1253,1253,CNN_685_E_10368_14,110.0,False,True
1254,1254,CNN_F5S_E_5502_6,110.0,False,True
1255,1255,CNN_192_E_16_1,110.0,False,False
1256,1256,CNN_1311302224290037197069_E_103,110.0,False,True
1257,1257,CNN_1603051658150093599388_E_18_,110.0,False,False
1258,1258,CNN_57R_E_11929_17,110.0,False,True
1259,1259,CNN_613U_H_18543_1,30.0,False,False
1260,1260,CNN_F8R_C_18521_23,380.0,False,True
1261,1261,CNN_625W_J_10382_8,20.0,True,True
1262,1262,CNN_649A_J_19369_38,3.0,False,True
1263,1263,CNN_0504161417290881589544_E_147,110.0,False,False
1264,1264,CNN_69001.224 R6/1 violett_E_261,110.0,False,True
1265,1265,CNN_613U_H_18540_1,30.0,False,False
1266,1266,CNN_1403301322070756819756_E_135,110.0,False,False
1267,1267,CNN_0505100840540078687510_E_261,110.0,False,False
1268,1268,CNN_57R_E_11929_12,110.0,False,True
1269,1269,CNN_102N_J_21820_8,20.0,True,False
1270,1270,CNN_192_J_23928_7,20.0,False,False
1271,1271,CNN_113F_J_21809_16,20.0,False,True
1272,1272,CNN_0503201207150114124435_E_128,110.0,False,True
1273,1273,CNN_309G_E_19746_3,110.0,False,True
1274,1274,CNN_1111042223130154665210_E_284,110.0,False,False
1275,1275,CNN_62E_E_11932_1,110.0,False,False
1276,1276,CNN_64001.40 U6/2 blau_E_2757_3,110.0,False,False
1277,1277,CNN_122U_C_19834_1,380.0,False,False
1278,1278,CNN_0503201540000054143280_E_917,110.0,False,False
1279,1279,CNN_179U_E_9171_5,110.0,False,True
1280,1280,CNN_529N_E_28_6,110.0,False,False
1281,1281,CNN_0504171444070030958046_E_218,110.0,False,True
1282,1282,CNN_0504131138390013512033_E_290,110.0,False,True
1283,1283,CNN_625_E_1053_37,110.0,False,True
1284,1284,CNN_309G_J_2475_57,20.0,False,True
1285,1285,CNN_590B_E_5518_20,110.0,False,True
1286,1286,CNN_F10R_C_18519_21,380.0,False,True
1287,1287,CNN_144G_E_138_2,110.0,True,True
1288,1288,CNN_630F2_E_3309_25,110.0,False,True
1289,1289,CNN_182_E_1060_13,110.0,False,True
1290,1290,CNN_301N_E_3333_12,110.0,False,True
1291,1291,CNN_229H2_E_10_3,110.0,True,True
1292,1292,CNN_182Z_E_8_17,110.0,False,True
1293,1293,CNN_122U_E_5493_63,110.0,False,True
1294,1294,CNN_632_E_28482_2,110.0,True,True
1295,1295,CNN_630F2_E_3309_28,110.0,True,True
1296,1296,CNN_60501.207 V11 schwarz_E_25_3,110.0,False,False
1297,1297,CNN_F613S_E_21798_8,110.0,False,True
1298,1298,CNN_268O_J_26139_6,6.0,False,True
1299,1299,CNN_2Z_E_5490_2,110.0,False,True
1300,1300,CNN_265_J_13697_129,20.0,True,True
1301,1301,CNN_1304170736280037317024_E_163,110.0,False,True
1302,1302,CNN_118_E_22257_4,110.0,False,False
1303,1303,CNN_625_D_18527_1,220.0,False,False
1304,1304,CNN_685B_E_10359_2,110.0,False,True
1305,1305,CNN_2U_J_6794_38,10.0,False,True
1306,1306,CNN_69001.235 R6/1 violett_E_261,110.0,False,False
1307,1307,CNN_69001.148a R6/1 blau_E_26145,110.0,False,True
1308,1308,CNN_F10R_C_18519_23,380.0,False,True
1309,1309,CNN_631B_J_2_26,3.0,False,True
1310,1310,CNN_0503191711250225522485_E_171,110.0,False,True
1311,1311,CNN_F9R_C_18522_2,380.0,True,True
1312,1312,CNN_0503251528580835993008_E_103,110.0,False,False
1313,1313,CNN_0504140855350066948533_E_331,110.0,False,False
1314,1314,CNN_121K_E_20325_6,110.0,False,False
1315,1315,CNN_2Z_E_5490_3,110.0,True,True
1316,1316,CNN_640_E_3354_4,110.0,False,False
1317,1317,CNN_701_E_2753_3,110.0,False,True
1318,1318,CNN_1U_J_5646_120,20.0,True,True
1319,1319,CNN_69C_E_21248_2,110.0,True,True
1320,1320,CNN_122U_J_12951_41,20.0,True,True
1321,1321,CNN_613U_E_5509_1,110.0,False,False
1322,1322,CNN_301N_E_3333_5,110.0,False,False
1323,1323,CNN_459B_E_3358_14,110.0,False,True
1324,1324,CNN_265_J_13697_150,20.0,True,True
1325,1325,CNN_632_E_28482_10,110.0,False,True
1326,1326,CNN_AMP1_C_19828_3,380.0,False,True
1327,1327,CNN_545G_E_16304_3,110.0,False,False
1328,1328,CNN_490M_J_3330_5,6.0,False,True
1329,1329,CNN_41M_E_20328_8,110.0,False,True
1330,1330,CNN_645_E_19359_2,110.0,False,False
1331,1331,CNN_629_E_19739_1,110.0,False,False
1332,1332,CNN_1U_E_5515_3,110.0,True,True
1333,1333,CNN_66001.48a O6/2 grün_E_19734_,110.0,False,False
1334,1334,CNN_31U1_E_14720_8,110.0,True,True
1335,1335,CNN_1603051632190015413174_E_185,110.0,True,False
1336,1336,CNN_113F_E_21808_29,110.0,False,True
1337,1337,CNN_11501.86 V11 gelb_E_31065_2,110.0,False,True
1338,1338,CNN_28C_E_14727_1,110.0,True,False
1339,1339,CNN_0505101121490099191088_E_333,110.0,False,False
1340,1340,CNN_734_E_18551_27,110.0,False,True
1341,1341,CNN_253H_E_26118_2,110.0,True,True
1342,1342,CNN_835_E_28476_4,110.0,True,True
1343,1343,CNN_613U_E_5509_44,110.0,False,True
1344,1344,CNN_589U1_E_5495_24,110.0,False,True
1345,1345,CNN_648E_E_1054_6,110.0,True,False
1346,1346,CNN_712_E_18556_2,110.0,False,True
1347,1347,CNN_290F_E_16312_11,110.0,False,True
1348,1348,CNN_F102NS_E_5501_3,110.0,False,True
1349,1349,CNN_11611.59 A11 grün_E_19629_1,110.0,False,False
1350,1350,CNN_249K_J_29023_3,6.0,True,True
1351,1351,CNN_53202.52 Z5/U5 schwarz_E_103,110.0,False,False
1352,1352,CNN_0505041412110502717050_E_185,110.0,False,False
1353,1353,CNN_0603240901060385321800_E_198,110.0,False,False
1354,1354,CNN_1007211307130079917012_E_7_2,110.0,False,True
1355,1355,CNN_0805161413360569997183_E_193,110.0,False,False
1356,1356,CNN_428_E_27_8,110.0,False,False
1357,1357,CNN_733_J_9179_39,20.0,False,True
1358,1358,CNN_265_E_11933_7,110.0,False,False
1359,1359,CNN_53001.201 Q5/1 gelb_E_9186_1,110.0,False,False
1360,1360,CNN_0504191310140343269885_E_551,110.0,False,False
1361,1361,CNN_692_E_9672_5,110.0,False,True
1362,1362,CNN_649A_E_19364_10,110.0,False,True
1363,1363,CNN_182Z_E_8_2,110.0,False,True
1364,1364,CNN_52001.55/14 K5 schwarz_E_171,110.0,False,False
1365,1365,CNN_268O_J_26139_7,6.0,False,True
1366,1366,CNN_48U_E_5535_12,110.0,False,True
1367,1367,CNN_648E_E_1054_4,110.0,False,False
1368,1368,CNN_67001.59 A11a grün_E_19631_2,110.0,True,True
1369,1369,CNN_F9R_C_18522_11,380.0,False,True
1370,1370,CNN_122U_E_5493_37,110.0,True,True
1371,1371,CNN_AMP1_C_19828_1,380.0,False,False
1372,1372,CNN_835_J_28477_5,6.0,True,True
1373,1373,CNN_385B_E_19_18,110.0,True,True
1374,1374,CNN_179M_E_9174_10,110.0,False,True
1375,1375,CNN_0504220936230037520775_E_20_,110.0,False,False
1376,1376,CNN_69C_E_21248_5,110.0,False,False
1377,1377,CNN_385B_E_19_28,110.0,False,True
1378,1378,CNN_640_E_3354_18,110.0,False,True
1379,1379,CNN_712_E_18556_8,110.0,False,True
1380,1380,CNN__E_10384_1,110.0,False,False
1381,1381,CNN_F8R_C_18521_40,380.0,False,True
1382,1382,CNN_53001.201 Q5/1 gelb_E_9186_2,110.0,False,True
1383,1383,CNN_589W1_J_22078_6,10.0,False,True
1384,1384,CNN_2U_E_5491_12,110.0,False,True
1385,1385,CNN_340M_E_17139_2,110.0,True,True
1386,1386,CNN_340M_E_17139_6,110.0,False,False
1387,1387,CNN_2U_J_6793_15,20.0,False,False
1388,1388,CNN_11351.156 E6 schwarz_E_3357_,110.0,False,False
1389,1389,CNN_630F2_E_3309_14,110.0,False,True
1390,1390,CNN_734_C_18549_2,380.0,False,False
1391,1391,CNN_264S_E_19634_2,110.0,False,False
1392,1392,CNN_1206172141070161823552_E_550,110.0,False,True
1393,1393,CNN_2U_E_5491_11,110.0,False,True
1394,1394,CNN_588_E_5520_19,110.0,False,True
1395,1395,CNN_0505100937040125940094_E_334,110.0,False,False
1396,1396,CNN_168F_E_29689_9,110.0,False,True
1397,1397,CNN_459B_E_3358_5,110.0,True,False
1398,1398,CNN_0503251749520137940660_E_103,110.0,False,False
1399,1399,CNN_1206172141070008005690_E_549,110.0,False,False
1400,1400,CNN_62001.37b Z6 blau_E_22256_3,110.0,False,False
1401,1401,CNN_F8R_C_18521_6,380.0,False,True
1402,1402,CNN_490M_E_3329_4,110.0,False,False
1403,1403,CNN_340M_J_13434_9,20.0,True,False
1404,1404,CNN_182Z_E_8_36,110.0,False,True
1405,1405,CNN_1U_E_5515_6,110.0,False,False
1406,1406,CNN_0504171610540037630100_E_284,110.0,False,True
1407,1407,CNN_36W_J_14449_46,20.0,True,True
1408,1408,CNN_1206172141070071942878_E_550,110.0,False,False
1409,1409,CNN_589U1_J_5434_85,20.0,True,True
1410,1410,CNN_0505101439400987831310_E_284,110.0,False,False
1411,1411,CNN_1103170726430008716860_E_330,110.0,False,True
1412,1412,CNN_685_E_10368_10,110.0,False,True
1413,1413,CNN_730_E_2750_12,110.0,False,True
1414,1414,CNN_31U1_E_14720_7,110.0,True,True
1415,1415,CNN_542U1_E_26147_10,110.0,False,True
1416,1416,CNN_711_E_9183_5,110.0,False,True
1417,1417,CNN_588X_E_5523_11,110.0,False,True
1418,1418,CNN_625W_E_10378_10,110.0,False,False
1419,1419,CNN_62E_E_11932_2,110.0,True,True
1420,1420,CNN_62E_E_11932_9,110.0,False,True
1421,1421,CNN_179U_H_18516_2,30.0,False,False
1422,1422,CNN_391L_E_18561_1,110.0,False,False
1423,1423,CNN_613U_C_18539_6,380.0,False,True
1424,1424,CNN_719_E_10789_13,110.0,False,True
1425,1425,CNN_66001.11 O6/1 blau_E_19748_2,110.0,False,True
1426,1426,CNN_640_E_3354_7,110.0,False,False
1427,1427,CNN_413U1_E_12882_9,110.0,False,True
1428,1428,CNN_58001.312 B5 violett_E_20335,110.0,False,True
1429,1429,CNN_171D_E_22260_10,110.0,False,True
1430,1430,CNN_0504131306000002525026_E_203,110.0,False,True
1431,1431,CNN_0503201207150407023552_E_128,110.0,False,False
1432,1432,CNN_171D_E_22260_13,110.0,False,True
1433,1433,CNN_122U_E_5493_50,110.0,False,True
1434,1434,CNN_385B_E_19_13,110.0,False,True
1435,1435,CNN_F10R_C_18519_10,380.0,False,False
1436,1436,CNN_339H_J_3336_2,6.0,True,True
1437,1437,CNN_1103170726430008716860_E_330,110.0,False,False
1438,1438,CNN_173A_C_18538_29,380.0,False,True
1439,1439,CNN_182Z_E_8_18,110.0,True,True
1440,1440,CNN_1001171505090738472196_E_917,110.0,False,False
1441,1441,CNN_649A_J_19369_14,3.0,False,True
1442,1442,CNN_685A_E_10357_11,110.0,False,True
1443,1443,CNN_301N_E_3333_3,110.0,False,True
1444,1444,CNN_229H2_E_10_24,110.0,False,True
1445,1445,CNN_0504171603490945171379_E_218,110.0,False,False
1446,1446,CNN_651_J_11940_47,20.0,False,True
1447,1447,CNN_589W1_J_22078_9,10.0,True,True
1448,1448,CNN_301N_E_3333_16,110.0,False,True
1449,1449,CNN_0504171756300217043052_E_284,110.0,True,False
1450,1450,CNN_730_J_2749_13,20.0,False,False
1451,1451,CNN_173A_C_18545_1,380.0,False,False
1452,1452,CNN_613U_E_5509_48,110.0,False,True
1453,1453,CNN_625_E_1053_25,110.0,False,True
1454,1454,CNN_F8R_H_19832_2,30.0,False,True
1455,1455,CNN_0504131036470008318838_E_203,110.0,False,True
1456,1456,CNN_253H_J_26117_4,20.0,False,False
1457,1457,CNN_730_E_2750_9,110.0,False,True
1458,1458,CNN_122U_J_17648_38,10.0,False,True
1459,1459,CNN_1U_J_5646_98,20.0,True,True
1460,1460,CNN_11611.46 R11 schwarz_E_19637,110.0,False,False
1461,1461,CNN_589U1_E_5495_25,110.0,False,True
1462,1462,CNN_0602241915490484204740_E_103,110.0,False,True
1463,1463,CNN_712_E_18556_40,110.0,True,True
1464,1464,CNN_359A_E_26123_4,110.0,False,False
1465,1465,CNN_605U1_J_20814_1,20.0,True,False
1466,1466,CNN_36W_J_14449_45,20.0,False,True
1467,1467,CNN_815_E_9670_2,110.0,True,True
1468,1468,CNN_69101.128 E6 schwarz_E_3356_,110.0,False,False
1469,1469,CNN_732_E_28451_8,110.0,True,True
1470,1470,CNN_724D_J_3325_4,6.0,False,True
1471,1471,CNN_866_E_468_6,110.0,True,False
1472,1472,CNN_53001.201 Q5/1 gelb_E_9186_3,110.0,False,False
1473,1473,CNN_640_E_3354_22,110.0,True,True
1474,1474,CNN_542Q2_E_26141_3,110.0,False,False
1475,1475,CNN_428_E_27_20,110.0,False,True
1476,1476,CNN_4521.100A Iller Nord_C_19827,380.0,False,True
1477,1477,CNN_0504191310140157127890_E_553,110.0,True,False
1478,1478,CNN_168F_J_1344_38,20.0,False,True
1479,1479,CNN_118_E_22257_6,110.0,False,False
1480,1480,CNN_1U_J_5646_58,20.0,False,True
1481,1481,CNN_55U_E_12886_7,110.0,False,True
1482,1482,CNN_1003031520210300445722_E_128,110.0,False,False
1483,1483,CNN_F675B_J_29025_3,6.0,False,True
1484,1484,CNN_F10R_C_18519_24,380.0,False,True
1485,1485,CNN_55U_E_12886_1,110.0,False,False
1486,1486,CNN_11611.32 R11 schwarz_E_19635,110.0,False,False
1487,1487,CNN_52001.55/14 K5 violett_E_171,110.0,False,False
1488,1488,CNN_640_E_3354_16,110.0,False,True
1489,1489,CNN_113F_J_21811_6,20.0,False,True
1490,1490,CNN_1604041726400144776820_E_15_,110.0,False,True
1491,1491,CNN_4543.95 Füssen West ge_D_198,220.0,False,True
1492,1492,CNN_53001.201 Q5/2 violett_E_917,110.0,False,False
1493,1493,CNN_11501.118 V11 gelb_E_31066_3,110.0,False,False
1494,1494,CNN_F10R_C_18519_8,380.0,False,True
1495,1495,CNN_0505071054350468918038_E_106,110.0,False,False
1496,1496,CNN_395A_E_20331_13,110.0,False,True
1497,1497,CNN_58001.233b B5 schwarz_E_2033,110.0,False,False
1498,1498,CNN_1304170736280037317024_E_163,110.0,False,False
1499,1499,CNN_640P5_J_3347_2,6.0,True,True
1500,1500,CNN_588X_E_5523_4,110.0,False,True
1501,1501,CNN_173A_E_24_50,110.0,True,True
1502,1502,CNN_F102NS_E_5501_19,110.0,False,True
1503,1503,CNN_645_J_1_11,3.0,True,True
1504,1504,CNN_675B_E_3327_1,110.0,False,False
1505,1505,CNN_0504191310140343269885_E_551,110.0,False,False
1506,1506,CNN_122U_E_5493_18,110.0,False,False
1507,1507,CNN_0503201749160174908738_E_163,110.0,False,False
1508,1508,CNN_12211.222 W6 blau_E_26467_1,110.0,False,False
1509,1509,CNN_173A_E_24_8,110.0,False,False
1510,1510,CNN_2Z_E_5490_8,110.0,True,True
1511,1511,CNN_631B_E_3_7,110.0,False,True
1512,1512,CNN_31U1_E_14720_6,110.0,True,False
1513,1513,CNN_613A_E_5503_29,110.0,False,True
1514,1514,CNN_52102.19/27 K5A gelb_E_17615,110.0,True,True
1515,1515,CNN_290F_E_16312_8,110.0,False,True
1516,1516,CNN_1311302224290037197069_E_103,110.0,False,False
1517,1517,CNN_0504191310140343269885_E_551,110.0,False,False
1518,1518,CNN_173A_E_24_67,110.0,True,True
1519,1519,CNN_697S_E_2764_3,110.0,False,True
1520,1520,CNN_182Z_J_1702_204,20.0,True,True
1521,1521,CNN_385B_E_19_21,110.0,False,True
1522,1522,CNN_11611.87a R11 schwarz_E_1963,110.0,False,True
1523,1523,CNN_391L_J_31208_8,10.0,True,True
1524,1524,CNN_F11R_C_18528_24,380.0,False,True
1525,1525,CNN_173A_E_24_47,110.0,False,True
1526,1526,CNN_11351.122 O11 rot_E_31201_4,110.0,False,False
1527,1527,CNN_182Z_J_1702_162,20.0,False,True
1528,1528,CNN_229H2_E_10_9,110.0,False,False
1529,1529,CNN_0505101433070124904430_E_284,110.0,False,False
1530,1530,CNN_685A_E_10357_6,110.0,False,False
1531,1531,CNN_340M_E_17139_8,110.0,False,True
1532,1532,CNN_11501.86 V11 gelb_E_31065_1,110.0,False,False
1533,1533,CNN_0710281702020793538252_E_551,110.0,False,False
1534,1534,CNN_0505101149170216485031_E_333,110.0,False,True
1535,1535,CNN_605U1_J_20814_41,20.0,True,True
1536,1536,CNN_0503251810190523488210_E_103,110.0,False,False
1537,1537,CNN_F11R_C_18528_7,380.0,False,True
1538,1538,CNN_19U_E_5494_12,110.0,False,True
1539,1539,CNN_265_E_11933_9,110.0,False,False
1540,1540,CNN_1009081042390193523056_E_103,110.0,False,False
1541,1541,CNN_0505061756290233927735_E_185,110.0,False,False
1542,1542,CNN_632_E_28482_9,110.0,False,True
1543,1543,CNN_428_J_8236_65,20.0,False,True
1544,1544,CNN_732U_E_28467_5,110.0,False,True
1545,1545,CNN_0504302135210885582888_E_218,110.0,False,True
1546,1546,CNN_11611.46 R11 schwarz_E_19637,110.0,False,True
1547,1547,CNN_625_E_1053_28,110.0,False,True
1548,1548,CNN_AMP1_C_19828_8,380.0,False,True
1549,1549,CNN_687_E_10353_7,110.0,False,False
1550,1550,CNN_173A_E_24_26,110.0,False,True
1551,1551,CNN_0505101235080138742800_E_331,110.0,False,False
1552,1552,CNN_F10R_H_18517_2,30.0,True,True
1553,1553,CNN_605U1_E_20813_6,110.0,False,False
1554,1554,CNN_1603051658150093599388_E_18_,110.0,False,False
1555,1555,CNN_697S_E_2764_25,110.0,False,True
1556,1556,CNN_122U_E_5493_43,110.0,False,True
1557,1557,CNN_0504171756300201638840_E_284,110.0,False,True
1558,1558,CNN_173A_E_24_18,110.0,False,False
1559,1559,CNN_589U1_E_5495_3,110.0,False,True
1560,1560,CNN_697S_E_2764_29,110.0,False,True
1561,1561,CNN_0710281706480057084608_E_217,110.0,False,False
1562,1562,CNN_630F2_E_3309_20,110.0,False,True
1563,1563,CNN_62101.180/10 W6B blau_E_2646,110.0,False,False
1564,1564,CNN_58001.311 B5 violett_E_20334,110.0,False,False
1565,1565,CNN_F11R_C_18528_10,380.0,False,True
1566,1566,CNN_205B_E_1057_11,110.0,False,True
1567,1567,CNN_122U_E_5493_54,110.0,False,True
1568,1568,CNN_113F_J_21810_13,3.0,False,True
1569,1569,CNN_182Z_E_8_35,110.0,False,True
1570,1570,CNN_1107311832040326233859_E_203,110.0,False,False
1571,1571,CNN_0505100757150127789640_E_261,110.0,False,False
1572,1572,CNN_1206172141070008005690_E_549,110.0,False,False
1573,1573,CNN_529N_E_28_8,110.0,False,True
1574,1574,CNN_0504140857120295674880_E_284,110.0,False,True
1575,1575,CNN_122U_E_5493_17,110.0,False,False
1576,1576,CNN_144G_J_140_76,20.0,False,True
1577,1577,CNN_205B_E_1057_8,110.0,False,True
1578,1578,CNN_605U1_E_20813_12,110.0,False,True
1579,1579,CNN_2U_E_5491_2,110.0,False,True
1580,1580,CNN_0504220936230037520775_E_20_,110.0,False,False
1581,1581,CNN_630Z3_J_29041_7,6.0,False,True
1582,1582,CNN_625_E_1053_17,110.0,False,False
1583,1583,CNN_F2S_E_21803_1,110.0,False,False
1584,1584,CNN_173A_E_24_58,110.0,False,True
1585,1585,CNN_1502222036410312308607_E_335,110.0,False,False
1586,1586,CNN_545G_E_16304_1,110.0,False,False
1587,1587,CNN_113F_E_21808_13,110.0,False,True
1588,1588,CNN_66001.9 O6/2 grün_E_19732_3,110.0,False,False
1589,1589,CNN_1512291016090107491128_E_197,110.0,False,False
1590,1590,CNN_630F2_E_3309_33,110.0,False,True
1591,1591,CNN_588X_E_5523_18,110.0,False,True
1592,1592,CNN_588_E_5520_7,110.0,True,True
1593,1593,CNN_F11R_C_18528_20,380.0,False,True
1594,1594,CNN_0503251419100004533638_E_967,110.0,False,False
1595,1595,CNN_4521.100B Günzburg Nor_C_198,380.0,False,True
1596,1596,CNN_173A_E_24_14,110.0,False,False
1597,1597,CNN_630F2_E_3309_12,110.0,False,False
1598,1598,CNN_395A_J_7784_45,20.0,True,True
1599,1599,CNN_428_E_27_18,110.0,False,True
1600,1600,CNN_2U_E_5491_1,110.0,False,False
1601,1601,CNN_0504220936230245529270_E_222,110.0,False,False
1602,1602,CNN_28C_E_14727_6,110.0,True,False
1603,1603,CNN_122U_E_5493_15,110.0,False,False
1604,1604,CNN_0504161613250000740601_E_330,110.0,False,False
1605,1605,CNN_F10R_C_18519_6,380.0,False,False
1606,1606,CNN_854_E_466_3,110.0,False,True
1607,1607,CNN_0504190925320189865236_E_212,110.0,False,False
1608,1608,CNN_712_E_18556_35,110.0,True,True
1609,1609,CNN_730_E_2750_10,110.0,False,True
1610,1610,CNN_F102NS_E_5501_23,110.0,False,True
1611,1611,CNN_173A_C_18538_10,380.0,False,True
1612,1612,CNN_1611022028260005063975_E_185,110.0,False,True
1613,1613,CNN_301N_J_3950_51,20.0,False,True
1614,1614,CNN_69001.224 R6/1 violett_E_261,110.0,False,False
1615,1615,CNN_2U_E_5491_14,110.0,False,True
1616,1616,CNN_265_E_11933_14,110.0,False,True
1617,1617,CNN_0504200739130175420544_E_553,110.0,False,False
1618,1618,CNN_179U_E_9171_32,110.0,False,True
1619,1619,CNN_340M_E_17139_3,110.0,False,True
1620,1620,CNN_173A_E_24_16,110.0,False,False
1621,1621,CNN_57R_E_11929_3,110.0,False,True
1622,1622,CNN_0504171628170074626580_E_218,110.0,False,True
1623,1623,CNN_301N_E_3333_13,110.0,False,True
1624,1624,CNN_60007.66/1 C6/1A grün_E_6036,110.0,False,True
1625,1625,CNN_28C_E_14727_2,110.0,False,True
1626,1626,CNN_1206172141070008005690_E_549,110.0,True,False
1627,1627,CNN_4543.159 Füssen West g_D_198,220.0,False,True
1628,1628,CNN_697S_E_2764_30,110.0,False,True
1629,1629,CNN_229H2_E_10_23,110.0,False,True
1630,1630,CNN_640_E_3354_23,110.0,True,True
1631,1631,CNN_57R_E_11929_1,110.0,False,False
1632,1632,CNN_0504131138390571135374_E_290,110.0,False,False
1633,1633,CNN_181B_E_26459_2,110.0,False,False
1634,1634,CNN_613U_C_18539_8,380.0,False,False
1635,1635,CNN_613A_E_5503_15,110.0,False,True
1636,1636,CNN_11611.32 A11 grün_E_19628_1,110.0,False,False
1637,1637,CNN_711_J_9187_48,20.0,False,True
1638,1638,CNN_173A_E_24_53,110.0,False,True
1639,1639,CNN_62E_E_11932_8,110.0,False,True
1640,1640,CNN_588X_E_5523_1,110.0,False,False
1641,1641,CNN_648E_J_29909_10,20.0,False,False
1642,1642,CNN_0505101157210520809838_E_332,110.0,False,False
1643,1643,CNN_490N_E_3339_4,110.0,False,False
1644,1644,CNN_734_E_18551_17,110.0,False,True
1645,1645,CNN_1005090922020555333318_E_103,110.0,False,True
1646,1646,CNN_402D_J_16299_48,20.0,False,True
1647,1647,CNN_1007211307130079917012_E_7_3,110.0,False,False
1648,1648,CNN_UW-Westtirol_D_19819_28,220.0,False,True
1649,1649,CNN_168F_E_29689_3,110.0,False,True
1650,1650,CNN_0504171705280054636210_E_218,110.0,False,False
1651,1651,CNN_F8R_C_18521_38,380.0,False,True
1652,1652,CNN_265_J_13697_74,20.0,False,True
1653,1653,CNN_629_J_19740_11,20.0,False,False
1654,1654,CNN_631B_E_3_4,110.0,False,False
1655,1655,CNN_589U1_E_5495_9,110.0,False,False
1656,1656,CNN_60007.66/9 C6/2A gelb_E_6037,110.0,False,False
1657,1657,CNN_630C2_J_29032_18,10.0,False,True
1658,1658,CNN_58001.312 B5 violett_E_20335,110.0,False,False
1659,1659,CNN_18O_E_5498_7,110.0,False,True
1660,1660,CNN_171D_E_22260_8,110.0,False,True
1661,1661,CNN_402D_E_16302_3,110.0,False,True
1662,1662,CNN_711_J_9187_1,20.0,False,False
1663,1663,CNN_173A_C_18538_12,380.0,False,True
1664,1664,CNN_1102021624450196099325_E_276,110.0,False,True
1665,1665,CNN_648E_J_31205_10,10.0,True,True
1666,1666,CNN_11611.32 R11 schwarz_E_19635,110.0,False,False
1667,1667,CNN_268O_J_26139_4,6.0,False,True
1668,1668,CNN_0504232205420067777325_E_290,110.0,False,True
1669,1669,CNN_0504171015500118128096_E_275,110.0,False,False
1670,1670,CNN_1611022022200188204214_E_276,110.0,False,False
1671,1671,CNN_866_J_471_64,20.0,False,True
1672,1672,CNN_122U_E_5493_45,110.0,False,True
1673,1673,CNN_0504171628170074626580_E_218,110.0,False,False
1674,1674,CNN_121K_E_20325_1,110.0,True,False
1675,1675,CNN_11611.38 R11 schwarz_E_19636,110.0,False,False
1676,1676,CNN_253H_J_26117_42,20.0,False,True
1677,1677,CNN_122S_E_22080_4,110.0,False,True
1678,1678,CNN_389A_E_2769_2,110.0,False,True
1679,1679,CNN_529N_J_29_60,20.0,True,True
1680,1680,CNN_734_E_18551_4,110.0,False,True
1681,1681,CNN_701_E_2755_3,110.0,False,True
1682,1682,CNN_0505101220410228924756_E_332,110.0,False,False
1683,1683,CNN_423E_J_22251_152,20.0,False,True
1684,1684,CNN_122U_E_5493_25,110.0,False,True
1685,1685,CNN_55U_E_12886_3,110.0,False,False
1686,1686,CNN_0504061949450189436441_E_103,110.0,False,False
1687,1687,CNN_69C_E_21248_13,110.0,False,True
1688,1688,CNN_407H_J_12135_8,20.0,True,False
1689,1689,CNN_0503191711250122255485_E_128,110.0,False,True
1690,1690,CNN_F9R_C_18522_32,380.0,True,True
1691,1691,CNN_340M_J_13434_37,20.0,False,True
1692,1692,CNN_590B_E_5518_17,110.0,False,True
1693,1693,CNN_0504140855350066948533_E_331,110.0,False,False
1694,1694,CNN_423E_E_22253_4,110.0,False,False
1695,1695,CNN_19U_J_6561_6,20.0,True,False
1696,1696,CNN_0504171756000110092978_E_284,110.0,False,False
1697,1697,CNN_0504171705280152696176_C_185,380.0,False,False
1698,1698,CNN_179U_E_9171_13,110.0,False,False
1699,1699,CNN_F11R_C_18528_18,380.0,False,True
1700,1700,CNN_249K_E_3342_15,110.0,False,True
1701,1701,CNN_712_E_18556_25,110.0,False,True
1702,1702,CNN_245B_J_26150_2,6.0,False,True
1703,1703,CNN_179U_H_18515_1,30.0,False,False
1704,1704,CNN_692_E_9672_2,110.0,False,True
1705,1705,CNN_649_J_19368_13,3.0,False,True
1706,1706,CNN_67001.59 A11a grün_E_19631_3,110.0,True,False
1707,1707,CNN_613A_E_5503_33,110.0,False,True
1708,1708,CNN_122S_E_22080_3,110.0,False,True
1709,1709,CNN_423E_J_22251_157,20.0,False,True
1710,1710,CNN_630Z3_J_29041_2,6.0,False,True
1711,1711,CNN_F102NS_E_5501_20,110.0,False,True
1712,1712,CNN_12U1_E_6034_1,110.0,False,False
1713,1713,CNN_631B_E_3_2,110.0,False,True
1714,1714,CNN_640_E_3354_25,110.0,False,True
1715,1715,CNN_0504131543590176245800_E_290,110.0,False,False
1716,1716,CNN_173A_C_18538_6,380.0,False,True
1717,1717,CNN_625W_E_10378_7,110.0,False,True
1718,1718,CNN_62E_E_11932_12,110.0,False,True
1719,1719,CNN_182_J_1062_112,20.0,False,True
1720,1720,CNN_0503201749160174908738_E_163,110.0,False,True
1721,1721,CNN_0504171603490945171379_E_218,110.0,False,False
1722,1722,CNN_589W1_E_22077_1,110.0,False,False
1723,1723,CNN_542Q2_J_26142_6,6.0,False,True
1724,1724,CNN_835_E_28476_7,110.0,True,False
1725,1725,CNN_171D_J_4542_80,20.0,True,True
1726,1726,CNN_2Z_E_5490_11,110.0,False,True
1727,1727,CNN_589U1_E_5495_21,110.0,False,True
1728,1728,CNN_701_E_2753_1,110.0,False,False
1729,1729,CNN_144G_E_138_5,110.0,False,False
1730,1730,CNN_11501.119 V11 schwarz_E_26_2,110.0,False,True
1731,1731,CNN_36W_E_11931_1,110.0,False,False
1732,1732,CNN_389A_J_2770_86,20.0,True,True
1733,1733,CNN_0503201207150407023552_E_128,110.0,False,False
1734,1734,CNN_0603240901060385321800_E_198,110.0,False,True
1735,1735,CNN_51503.18 D5/2 gelb_E_11930_2,110.0,False,True
1736,1736,CNN_0504122020580210309550_E_147,110.0,True,True
1737,1737,CNN_69101.128 W6 blau_E_26464_1,110.0,False,False
1738,1738,CNN_0511161130420335553666_E_550,110.0,False,False
1739,1739,CNN_182_J_1062_24,20.0,False,True
1740,1740,CNN_122U_C_19834_2,380.0,False,False
1741,1741,CNN_529N_J_29_1,20.0,False,False
1742,1742,CNN_1U_E_5515_13,110.0,False,True
1743,1743,CNN_613U_C_18539_2,380.0,True,True
1744,1744,CNN_732_E_28451_5,110.0,True,False
1745,1745,CNN_630F2_E_3309_34,110.0,False,True
1746,1746,CNN_69101.128 E6 schwarz_E_3356_,110.0,False,True
1747,1747,CNN_0504220831140054149040_E_23_,110.0,False,True
1748,1748,CNN_1102021624450168466800_E_197,110.0,False,False
1749,1749,CNN_0505101433070086502096_E_284,110.0,False,True
1750,1750,CNN_60001.66 C6/2 gelb_E_5530_2,110.0,False,True
1751,1751,CNN_675B_E_3327_4,110.0,True,False
1752,1752,CNN_649A_E_19364_2,110.0,False,True
1753,1753,CNN_732_E_28451_12,110.0,False,True
1754,1754,CNN_835_E_28476_3,110.0,False,False
1755,1755,CNN_625W_J_10380_17,20.0,False,True
1756,1756,CNN_2Z_J_5489_26,20.0,True,True
1757,1757,CNN_279A_E_15559_10,110.0,False,True
1758,1758,CNN_F9R_C_18522_7,380.0,False,False
1759,1759,CNN_1502222036410050473800_E_335,110.0,False,True
1760,1760,CNN_630A4_E_3320_2,110.0,False,True
1761,1761,CNN_0503251810190523488210_E_103,110.0,False,False
1762,1762,CNN_122U_E_5493_8,110.0,False,False
1763,1763,CNN_697S_E_2764_5,110.0,True,True
1764,1764,CNN_171D_J_4542_45,20.0,True,True
1765,1765,CNN_67001.124 A11A grün_E_19632_,110.0,True,False
1766,1766,CNN_391L_E_18561_3,110.0,False,True
1767,1767,CNN_385B_E_19_14,110.0,False,True
1768,1768,CNN__E_10361_1,110.0,False,False
1769,1769,CNN_12U1_E_6034_10,110.0,False,True
1770,1770,CNN_264S_E_19627_1,110.0,True,False
1771,1771,CNN_588X_E_5523_17,110.0,False,True
1772,1772,CNN_0504131306000269779496_E_203,110.0,False,False
1773,1773,CNN_F10R_C_18519_4,380.0,False,True
1774,1774,CNN_229H2_E_10_11,110.0,False,True
1775,1775,CNN_640P5_E_3346_2,110.0,False,True
1776,1776,CNN_613U_C_18539_4,380.0,False,True
1777,1777,CNN_589U1_E_5495_17,110.0,False,True
1778,1778,CNN_589W1_J_22078_10,10.0,False,True
1779,1779,CNN_640_E_3354_24,110.0,False,True
1780,1780,CNN_1403301322070756819756_E_135,110.0,False,True
1781,1781,CNN_61501.37N X6/1 grün_E_5521_2,110.0,False,True
1782,1782,CNN_12211.222 W6 blau_E_26467_2,110.0,False,True
1783,1783,CNN_712_E_18556_38,110.0,True,True
1784,1784,CNN_589U1_E_5495_18,110.0,True,True
1785,1785,CNN_102N_J_21820_38,20.0,True,True
1786,1786,CNN_0504171444070108579663_E_218,110.0,False,False
1787,1787,CNN_58001.311 B5 violett_E_20334,110.0,False,False
1788,1788,CNN_0505071054350313753552_E_296,110.0,False,False
1789,1789,CNN_118_E_22257_3,110.0,False,True
1790,1790,CNN_630C2_J_29037_6,10.0,False,True
1791,1791,CNN_685_J_10385_6,10.0,True,False
1792,1792,CNN_589U1_E_5495_5,110.0,True,False
1793,1793,CNN_625_E_1053_13,110.0,False,False
1794,1794,CNN_113F_J_21809_6,20.0,True,True
1795,1795,CNN_423E_J_22251_24,20.0,False,False
1796,1796,CNN_407H_E_11936_10,110.0,False,True
1797,1797,CNN_0504200739130260985784_E_551,110.0,False,False
1798,1798,CNN_713_J_10383_11,10.0,True,True
1799,1799,CNN_0503251419100726948768_E_107,110.0,False,True
1800,1800,CNN_687_E_10353_1,110.0,True,False
1801,1801,CNN_428_E_27_9,110.0,False,False
1802,1802,CNN_69001.234 R6/1 violett_E_261,110.0,False,False
1803,1803,CNN_31U1_E_14720_5,110.0,True,False
1804,1804,CNN_122U_E_5493_53,110.0,False,True
1805,1805,CNN_113F_J_21809_1,20.0,True,False
1806,1806,CNN_1511090741450564142458_E_119,110.0,False,False
1807,1807,CNN_697S_E_2764_21,110.0,False,True
1808,1808,CNN_121K_J_7847_6,20.0,False,False
1809,1809,CNN_0503201405540002266461_E_119,110.0,False,True
1810,1810,CNN_0504161613250201014072_E_331,110.0,False,False
1811,1811,CNN_713_J_10383_14,10.0,True,True
1812,1812,CNN_625_E_1053_6,110.0,False,False
1813,1813,CNN_61103.86B Y6/1 blau_E_21252_,110.0,False,False
1814,1814,CNN_613U_C_18539_14,380.0,False,True
1815,1815,CNN_192_E_16_13,110.0,False,True
1816,1816,CNN_697S_E_2764_15,110.0,False,False
1817,1817,CNN_442A_J_12895_1,3.0,False,False
1818,1818,CNN_613A_E_5503_28,110.0,False,True
1819,1819,CNN_173A_C_18538_19,380.0,False,True
1820,1820,CNN_253Q_J_26130_5,6.0,False,True
1821,1821,CNN_1102021624450196099325_E_276,110.0,False,False
1822,1822,CNN_288K_E_13_8,110.0,False,True
1823,1823,CNN_66001.48a O6/1 blau_E_19747_,110.0,False,False
1824,1824,CNN_0504141007510007705555_E_137,110.0,False,False
1825,1825,CNN_630A4_J_3321_5,6.0,False,True
1826,1826,CNN_590B_E_5518_3,110.0,False,True
1827,1827,CNN_0503251419100382752457_E_104,110.0,False,True
1828,1828,CNN_529N_E_28_2,110.0,False,True
1829,1829,CNN_640P5_J_3347_5,6.0,False,True
1830,1830,CNN_395A_J_7784_10,20.0,True,False
1831,1831,CNN_685A_E_10357_10,110.0,False,True
1832,1832,CNN_265_J_13697_151,20.0,True,True
1833,1833,CNN_66001.11 O6/2 grün_E_19733_3,110.0,False,False
1834,1834,CNN_F12R_C_18529_11,380.0,False,True
1835,1835,CNN_F11R_C_18528_26,380.0,False,True
1836,1836,CNN_679F_E_10791_4,110.0,False,True
1837,1837,CNN_113F_E_21808_25,110.0,False,True
1838,1838,CNN_0503251758590653515830_E_103,110.0,False,True
1839,1839,CNN_1001171505080210668640_E_918,110.0,False,False
1840,1840,CNN_0504061949450189436441_E_103,110.0,False,True
1841,1841,CNN_F6R_E_19838_2,110.0,False,True
1842,1842,CNN_0612220900190239481792_E_552,110.0,False,False
1843,1843,CNN_55U_E_12886_11,110.0,False,True
1844,1844,CNN_0504232205420044642400_E_331,110.0,False,False
1845,1845,CNN_589U1_J_5434_14,20.0,False,False
1846,1846,CNN_632_E_28482_5,110.0,True,False
1847,1847,CNN_122U_C_19830_2,380.0,False,False
1848,1848,CNN_66001.49 O6/2 grün_E_19735_2,110.0,False,True
1849,1849,CNN_122U_E_5493_2,110.0,False,True
1850,1850,CNN_613A_E_5503_7,110.0,False,True
1851,1851,CNN_1212040832300764619426_E_330,110.0,False,False
1852,1852,CNN_264S_J_18747_36,20.0,False,True
1853,1853,CNN_245B_J_26150_4,6.0,False,True
1854,1854,CNN_630C2_E_29031_1,110.0,False,False
1855,1855,CNN_0504061519130261759535_E_103,110.0,False,True
1856,1856,CNN_0504140855350147343424_E_284,110.0,False,False
1857,1857,CNN_4521.100A Iller Nord_C_19827,380.0,False,False
1858,1858,CNN_0505081035070821588768_E_198,110.0,False,False
1859,1859,CNN_590B_E_5518_13,110.0,False,True
1860,1860,CNN_630F2_J_27917_6,20.0,True,False
1861,1861,CNN_192_J_23928_8,20.0,True,False
1862,1862,CNN_648E_J_31205_9,10.0,True,True
1863,1863,CNN_645_J_19342_26,20.0,False,True
1864,1864,CNN_F102NS_E_5501_6,110.0,True,True
1865,1865,CNN_629_J_19740_1,20.0,False,False
1866,1866,CNN_249K_E_3342_4,110.0,False,True
1867,1867,CNN_173A_E_24_22,110.0,False,False
1868,1868,CNN_113F_J_21809_10,20.0,False,True
1869,1869,CNN_179U_E_9171_39,110.0,False,True
1870,1870,CNN_0503191711250199636244_E_171,110.0,False,False
1871,1871,CNN_66001.49 O6/2 grün_E_19735_1,110.0,False,False
1872,1872,CNN_0504140855350301737020_E_330,110.0,False,False
1873,1873,CNN_719_E_10789_7,110.0,False,False
1874,1874,CNN_0505101220410535470048_E_332,110.0,False,False
1875,1875,CNN_69001.235 R6/2 gelb_E_26125_,110.0,False,True
1876,1876,CNN_57R_E_11929_14,110.0,False,True
1877,1877,CNN_118_J_4633_85,20.0,False,True
1878,1878,CNN_12U1_E_6034_7,110.0,False,True
1879,1879,CNN_734_E_18551_26,110.0,False,True
1880,1880,CNN_249K_E_3342_17,110.0,False,True
1881,1881,CNN_724D_E_3324_2,110.0,False,True
1882,1882,CNN_0503251758590585656664_E_103,110.0,False,False
1883,1883,CNN_632_J_27471_48,20.0,False,True
1884,1884,CNN_11611.84 A11 grün_E_19630_3,110.0,False,False
1885,1885,CNN_732U_E_28467_8,110.0,True,True
1886,1886,CNN_645_J_1_13,3.0,True,True
1887,1887,CNN_0505081724190551597592_C_185,380.0,False,False
1888,1888,CNN_1111042239390200007460_E_284,110.0,False,False
1889,1889,CNN_625W_J_10382_7,20.0,False,True
1890,1890,CNN_0505091525540138590592_E_261,110.0,False,False
1891,1891,CNN_205B_E_1057_1,110.0,False,False
1892,1892,CNN_648E_J_31205_12,10.0,True,True
1893,1893,CNN_2U_J_6793_49,20.0,True,True
1894,1894,CNN_687_E_10353_10,110.0,False,True
1895,1895,CNN_0504191336400111064120_E_218,110.0,False,False
1896,1896,CNN_649A_E_19364_3,110.0,False,False
1897,1897,CNN_0504171015500013196403_E_275,110.0,False,False
1898,1898,CNN_1511090741450437796338_E_119,110.0,False,False
1899,1899,CNN_1001171505080210668640_E_918,110.0,False,False
1900,1900,CNN_62E_E_11932_10,110.0,False,True
1901,1901,CNN_F9R_C_18522_43,380.0,False,True
1902,1902,CNN_490M_E_3329_3,110.0,False,False
1903,1903,CNN_385B_E_19_15,110.0,False,True
1904,1904,CNN_529N_E_28_4,110.0,True,False
1905,1905,CNN_613A_E_5503_37,110.0,True,True
1906,1906,CNN_389A_E_2769_6,110.0,False,False
1907,1907,CNN_182_E_1060_6,110.0,False,False
1908,1908,CNN_712_E_18556_13,110.0,False,False
1909,1909,CNN_309G_E_19746_2,110.0,True,True
1910,1910,CNN_0504140857120447294852_E_330,110.0,False,False
1911,1911,CNN_122U_E_5493_14,110.0,False,False
1912,1912,CNN_1010092240070143668020_C_185,380.0,False,True
1913,1913,CNN_395A_E_20331_2,110.0,False,True
1914,1914,CNN_A328S_E_31062_5,110.0,True,True
1915,1915,CNN_625_E_1053_16,110.0,False,False
1916,1916,CNN_613U_E_5509_6,110.0,False,True
1917,1917,CNN_0804301456220197140293_E_335,110.0,False,False
1918,1918,CNN_52001.55/14 K5 violett_E_171,110.0,False,False
1919,1919,CNN_28C_J_14732_12,20.0,False,True
1920,1920,CNN_0503201501170049161150_E_128,110.0,False,False
1921,1921,CNN_11651.100 K11 blau_E_31060_3,110.0,False,False
1922,1922,CNN_712_E_18556_28,110.0,False,True
1923,1923,CNN_423E_E_22253_16,110.0,False,True
1924,1924,CNN_389A_J_2770_1,20.0,False,False
1925,1925,CNN_64001.39n U6/1 schwarz_E_293,110.0,False,False
1926,1926,CNN_2Z_J_5489_27,20.0,False,True
1927,1927,CNN_179U_E_9171_34,110.0,True,True
1928,1928,CNN_0505071241190302544528_E_469,110.0,False,False
1929,1929,CNN_41M_E_20328_4,110.0,False,False
1930,1930,CNN_245B_J_26150_5,6.0,False,True
1931,1931,CNN_486E_E_10392_9,110.0,False,True
1932,1932,CNN_1005091124510388900827_E_296,110.0,False,False
1933,1933,CNN_290F_E_16312_4,110.0,True,False
1934,1934,CNN_613A_E_5503_20,110.0,False,True
1935,1935,CNN_459B_E_3358_4,110.0,False,False
1936,1936,CNN_0503251749520119771886_E_103,110.0,False,True
1937,1937,CNN_F12R_C_18529_12,380.0,False,True
1938,1938,CNN_F8R_C_18521_12,380.0,True,True
1939,1939,CNN_0504220831140054149040_E_23_,110.0,False,False
1940,1940,CNN_55U_E_12886_8,110.0,False,True
1941,1941,CNN_1511090741450437796338_E_119,110.0,False,True
1942,1942,CNN_645_J_1_18,3.0,True,True
1943,1943,CNN_60007.66/1 C6/2A gelb_E_6038,110.0,False,False
1944,1944,CNN_697Y_E_3317_3,110.0,False,True
1945,1945,CNN_69C_E_21248_8,110.0,False,False
1946,1946,CNN_442A_J_12895_26,3.0,False,True
1947,1947,CNN_0504131138390571135374_E_290,110.0,False,True
1948,1948,CNN_685_E_10368_9,110.0,False,True
1949,1949,CNN_69C_J_21247_6,20.0,True,False
1950,1950,CNN_0504161417290881589544_E_147,110.0,False,True
1951,1951,CNN_F10R_C_18519_25,380.0,False,True
1952,1952,CNN_631B_E_3_6,110.0,False,True
1953,1953,CNN_36W_E_11931_6,110.0,False,False
1954,1954,CNN_0504171603490009294558_E_218,110.0,False,True
1955,1955,CNN_423E_J_22251_158,20.0,True,True
1956,1956,CNN_613U_E_5509_45,110.0,True,True
1957,1957,CNN_0503201207150114124435_E_128,110.0,False,False
1958,1958,CNN_675B_J_3816_31,20.0,False,True
1959,1959,CNN_290F_J_12764_52,20.0,True,True
1960,1960,CNN_205B_E_1057_12,110.0,False,True
1961,1961,CNN_288K_J_2357_38,20.0,False,True
1962,1962,CNN_113F_E_21808_17,110.0,False,True
1963,1963,CNN_625W_E_10378_1,110.0,False,False
1964,1964,CNN_11611.38 R11 schwarz_E_19636,110.0,False,False
1965,1965,CNN_687_E_10353_3,110.0,False,True
1966,1966,CNN_31U1_E_14720_3,110.0,True,True
1967,1967,CNN_113F_E_21808_18,110.0,False,True
1968,1968,CNN_264S_E_19627_3,110.0,False,True
1969,1969,CNN_407H_E_11936_9,110.0,False,True
1970,1970,CNN_605U1_E_20813_13,110.0,False,True
1971,1971,CNN_590B_E_5518_2,110.0,True,True
1972,1972,CNN_173A_E_24_9,110.0,False,True
1973,1973,CNN_712_E_18556_43,110.0,False,True
1974,1974,CNN_0804301456220197140293_E_335,110.0,False,False
1975,1975,CNN_428_J_8236_8,20.0,False,False
1976,1976,CNN_1005090922020112974120_E_103,110.0,False,True
1977,1977,CNN_486E_E_10392_6,110.0,False,True
1978,1978,CNN_268N_J_26135_8,6.0,False,True
1979,1979,CNN_630Z3_J_29041_4,6.0,False,True
1980,1980,CNN_712_E_18556_17,110.0,False,True
1981,1981,CNN_12U1_E_6034_8,110.0,False,True
1982,1982,CNN_144G_E_138_1,110.0,False,False
1983,1983,CNN_815_E_9670_5,110.0,False,False
1984,1984,CNN_0505071054340764151360_E_139,110.0,False,False
1985,1985,CNN_490M_J_3330_2,6.0,False,True
1986,1986,CNN_265_E_11933_15,110.0,False,True
1987,1987,CNN_1102021624450168466800_E_197,110.0,False,True
1988,1988,CNN_0710281702020439408440_E_553,110.0,False,False
1989,1989,CNN_0504131306000002525026_E_203,110.0,False,False
1990,1990,CNN_F10R_C_18519_11,380.0,False,True
1991,1991,CNN_697S_E_2764_18,110.0,False,True
1992,1992,CNN_490N_E_3339_1,110.0,False,False
1993,1993,CNN_F102NS_E_5501_29,110.0,False,True
1994,1994,CNN_589U1_E_5495_33,110.0,False,True
1995,1995,CNN_173A_E_24_10,110.0,True,True
1996,1996,CNN_632_J_27471_47,20.0,True,True
1997,1997,CNN_711_E_9183_9,110.0,False,True
1998,1998,CNN_0505081005400178469424_E_296,110.0,False,True
1999,1999,CNN_0504211825170071506974_E_275,110.0,False,True
2000,2000,CNN_428_E_27_12,110.0,False,False
2001,2001,CNN_F102NS_E_5501_10,110.0,False,False
2002,2002,CNN_0505101149170186825424_E_333,110.0,False,False
2003,2003,CNN_590B_E_5518_15,110.0,False,True
2004,2004,CNN_173A_E_24_51,110.0,True,True
2005,2005,CNN_0504171444070270685989_E_218,110.0,False,False
2006,2006,CNN_F102NS_E_5501_21,110.0,False,True
2007,2007,CNN_733_J_9179_38,20.0,True,True
2008,2008,CNN_173A_C_18547_1,380.0,False,False
2009,2009,CNN_173A_H_18546_1,30.0,False,False
2010,2010,CNN_F6R_E_19838_4,110.0,False,True
2011,2011,CNN_732M_J_28474_5,6.0,False,True
2012,2012,CNN_1511090741450437796338_E_119,110.0,False,False
2013,2013,CNN_4543.99 K11 blau_E_31059_1,110.0,False,False
2014,2014,CNN_651_J_11940_13,20.0,True,False
2015,2015,CNN_613U_E_5509_56,110.0,True,True
2016,2016,CNN_309G_J_2475_58,20.0,False,True
2017,2017,CNN_58001.312 B5 violett_E_20335,110.0,False,False
2018,2018,CNN_697S_H_18537_1,30.0,False,False
2019,2019,CNN_171D_E_22260_9,110.0,False,True
2020,2020,CNN_0505100743570108313440_E_261,110.0,False,False
2021,2021,CNN_0503201816360134985686_E_107,110.0,False,False
2022,2022,CNN_734_E_18551_30,110.0,False,True
2023,2023,CNN_62101.180/14 W6A blau_E_2646,110.0,False,False
2024,2024,CNN_407H_J_12135_45,20.0,True,True
2025,2025,CNN_265_E_11933_25,110.0,False,True
2026,2026,CNN_0505071054340764151360_E_139,110.0,False,True
2027,2027,CNN_625W_J_10380_13,20.0,False,True
2028,2028,CNN_712_E_18556_29,110.0,True,True
2029,2029,CNN_0504141007500220868408_E_203,110.0,False,True
2030,2030,CNN_442A_E_12892_2,110.0,False,True
2031,2031,CNN_732_E_28451_18,110.0,False,True
2032,2032,CNN_697Y_E_3301_3,110.0,False,True
2033,2033,CNN_0504211825170071506974_E_275,110.0,False,False
2034,2034,CNN_632_J_27471_11,20.0,True,False
2035,2035,CNN_F588S_J_5526_1,20.0,False,False
2036,2036,CNN_11611.84 A11 grün_E_19630_2,110.0,False,True
2037,2037,CNN_173A_J_20930_9,20.0,True,False
2038,2038,CNN_459B_E_3358_15,110.0,False,True
2039,2039,CNN_173A_C_18538_28,380.0,False,True
2040,2040,CNN_113F_E_21808_16,110.0,False,True
2041,2041,CNN_182Z_J_1702_29,20.0,False,False
2042,2042,CNN_1003031532260049706226_E_128,110.0,True,True
2043,2043,CNN_711_J_9187_9,20.0,False,False
2044,2044,CNN_62001.63b Z6 blau_E_22255_2,110.0,False,True
2045,2045,CNN_290F_J_12764_12,20.0,False,False
2046,2046,CNN_730_E_2750_8,110.0,False,True
2047,2047,CNN_613U_E_5509_21,110.0,False,True
2048,2048,CNN_625_E_1053_49,110.0,False,True
2049,2049,CNN_713_J_10383_1,10.0,True,False
2050,2050,CNN_1212040832300764619426_E_330,110.0,False,False
2051,2051,CNN_645_J_1_9,3.0,True,True
2052,2052,CNN_389A_E_2769_1,110.0,False,False
2053,2053,CNN_1603051632190015413174_E_185,110.0,True,False
2054,2054,CNN_0505091525540138590592_E_261,110.0,False,False
2055,2055,CNN_62101.180/14 W6B blau_E_2646,110.0,False,False
2056,2056,CNN_122S_E_22080_1,110.0,False,False
2057,2057,CNN_0503201749160174908738_E_163,110.0,False,False
2058,2058,CNN_697Y_J_3300_45,20.0,False,True
2059,2059,CNN_428_E_27_28,110.0,False,True
2060,2060,CNN_442A_J_12895_8,3.0,False,True
2061,2061,CNN_0504161613250000740601_E_330,110.0,False,True
2062,2062,CNN_18O_J_5232_7,20.0,False,False
2063,2063,CNN_625_J_30033_30,20.0,False,True
2064,2064,CNN_0504191336400070475328_E_553,110.0,True,False
2065,2065,CNN_428_E_27_25,110.0,True,True
2066,2066,CNN_57001.52 U5 rot_E_10369_1,110.0,False,False
2067,2067,CNN_734_E_18551_43,110.0,False,True
2068,2068,CNN_249K_E_3342_14,110.0,False,True
2069,2069,CNN_171D_J_4542_50,20.0,False,True
2070,2070,CNN_719_E_10789_6,110.0,True,False
2071,2071,CNN_675B_E_3327_15,110.0,False,True
2072,2072,CNN_413U1_E_12882_3,110.0,False,True
2073,2073,CNN_423E_J_22251_130,20.0,False,True
2074,2074,CNN_697S_E_2764_8,110.0,False,False
2075,2075,CNN_0505100743570264919234_E_261,110.0,False,False
2076,2076,CNN_67001.126 A11A grün_E_19633_,110.0,True,False
2077,2077,CNN_67001.59 A11a grün_E_19631_1,110.0,True,False
2078,2078,CNN_385B_J_22400_15,20.0,False,False
2079,2079,CNN_712_E_18556_18,110.0,True,True
2080,2080,CNN_0505081005400794109325_E_105,110.0,False,False
2081,2081,CNN_625_D_18527_8,220.0,False,True
2082,2082,CNN_301N_J_3950_50,20.0,False,True
2083,2083,CNN_173A_E_24_6,110.0,False,True
2084,2084,CNN_18O_E_5498_5,110.0,False,False
2085,2085,CNN_265_J_13697_153,20.0,False,True
2086,2086,CNN_490N_J_3340_1,6.0,False,False
2087,2087,CNN_1203121731370627853072_E_147,110.0,False,False
2088,2088,CNN_529N_J_29_14,20.0,False,True
2089,2089,CNN_122U_E_5493_20,110.0,False,False
2090,2090,CNN_F9R_C_18522_1,380.0,False,False
2091,2091,CNN_18O_E_5498_6,110.0,True,False
2092,2092,CNN_69C_E_21248_4,110.0,True,False
2093,2093,CNN_407H_E_11936_4,110.0,False,False
2094,2094,CNN_389A_E_2769_10,110.0,True,True
2095,2095,CNN_0504140857120295674880_E_284,110.0,False,False
2096,2096,CNN_0505100854500005431075_E_261,110.0,False,False
2097,2097,CNN__E_10386_1,110.0,False,False
2098,2098,CNN_182Z_J_1702_178,20.0,False,True
2099,2099,CNN_589U1_J_5434_57,20.0,False,True
2100,2100,CNN_53202.52 Z5/U5 schwarz_E_103,110.0,False,False
2101,2101,CNN_0503201207150114124435_E_128,110.0,False,False
2102,2102,CNN_732M_E_28473_2,110.0,False,True
2103,2103,CNN_173A_E_24_55,110.0,False,True
2104,2104,CNN_675B_E_3327_8,110.0,False,False
2105,2105,CNN_685_E_10368_12,110.0,False,True
2106,2106,CNN_179U_J_9143_36,20.0,False,True
2107,2107,CNN__E_19361_1,110.0,False,False
2108,2108,CNN_1206172312540211991248_E_163,110.0,False,False
2109,2109,CNN_423E_E_22253_12,110.0,False,True
2110,2110,CNN_53202.52 Z5/U5 schwarz_E_103,110.0,False,True
2111,2111,CNN_122U_E_5493_7,110.0,False,True
2112,2112,CNN_63501.156 W6 blau_E_26463_3,110.0,False,False
2113,2113,CNN_265_E_11933_8,110.0,False,False
2114,2114,CNN_590B_E_5518_22,110.0,False,True
2115,2115,CNN_52102.19/27 K5A gelb_E_17615,110.0,True,True
2116,2116,CNN_391L_J_31208_14,10.0,True,True
2117,2117,CNN_57R_E_11929_21,110.0,False,True
2118,2118,CNN_815_E_9670_8,110.0,False,True
2119,2119,CNN_630C2_E_29031_14,110.0,False,True
2120,2120,CNN_697S_E_2764_12,110.0,False,False
2121,2121,CNN_685_E_10368_7,110.0,False,False
2122,2122,CNN_11651.119 K11 blau_E_31061_2,110.0,False,True
2123,2123,CNN_69C_J_21247_36,20.0,True,True
2124,2124,CNN_542U1_E_26147_2,110.0,True,True
2125,2125,CNN_866_J_471_16,20.0,False,False
2126,2126,CNN_632_E_28482_1,110.0,False,False
2127,2127,CNN_0505101433070086502096_E_284,110.0,False,False
2128,2128,CNN_395A_E_20331_6,110.0,False,False
2129,2129,CNN_697S_E_2764_28,110.0,True,True
2130,2130,CNN_265_E_11933_26,110.0,True,True
2131,2131,CNN_630F2_E_3309_4,110.0,True,False
2132,2132,CNN_631B_E_3_3,110.0,False,False
2133,2133,CNN_625W_E_10378_6,110.0,False,True
2134,2134,CNN_490N_J_3340_6,6.0,False,True
2135,2135,CNN_685A_J_10390_13,10.0,False,True
2136,2136,CNN_630C2_E_29031_6,110.0,False,False
2137,2137,CNN_588X_E_5523_20,110.0,False,True
2138,2138,CNN_F102NS_E_5501_2,110.0,True,True
2139,2139,CNN_734_E_18551_41,110.0,False,True
2140,2140,CNN_625_E_1053_44,110.0,False,True
2141,2141,CNN_1203121731370627853072_E_147,110.0,False,False
2142,2142,CNN_630F2_J_27917_67,20.0,True,True
2143,2143,CNN_122U_E_5493_5,110.0,False,True
2144,2144,CNN_391L_J_31208_15,10.0,True,True
2145,2145,CNN_F102NS_E_5501_8,110.0,False,False
2146,2146,CNN_407H_E_11936_6,110.0,False,False
2147,2147,CNN_F6R_E_19838_1,110.0,False,False
2148,2148,CNN_729_E_28454_16,110.0,True,True
2149,2149,CNN_11351.156 E6 schwarz_E_3357_,110.0,False,False
2150,2150,CNN_62001.63a J6 rot_E_21_2,110.0,False,True
2151,2151,CNN_625_J_30033_63,20.0,True,True
2152,2152,CNN_0503251528580835993008_E_103,110.0,False,False
2153,2153,CNN_730_E_2750_5,110.0,False,False
2154,2154,CNN_268O_J_26139_8,6.0,False,True
2155,2155,CNN_114B_E_17614_2,110.0,True,True
2156,2156,CNN_729_E_28454_21,110.0,False,True
2157,2157,CNN_625_J_30033_12,20.0,True,False
2158,2158,CNN_428_E_27_19,110.0,False,True
2159,2159,CNN_0503201405540002266461_E_119,110.0,False,False
2160,2160,CNN_685A_E_10357_16,110.0,False,True
2161,2161,CNN_F8R_C_18521_1,380.0,False,False
2162,2162,CNN_640_J_3613_135,20.0,True,True
2163,2163,CNN_18O_E_5498_8,110.0,False,True
2164,2164,CNN_630C2_E_29031_10,110.0,False,True
2165,2165,CNN_340M_E_17139_10,110.0,False,True
2166,2166,CNN_0504190925320003861097_E_550,110.0,False,False
2167,2167,CNN_0504171756300201638840_E_284,110.0,False,False
2168,2168,CNN_0505101220410535470048_E_332,110.0,False,False
2169,2169,CNN_F9R_C_18522_40,380.0,False,True
2170,2170,CNN_173A_E_24_71,110.0,False,True
2171,2171,CNN_F11R_C_18528_8,380.0,True,True
2172,2172,CNN_1005091115250031972070_E_105,110.0,False,True
2173,2173,CNN_144G_J_140_75,20.0,True,True
2174,2174,CNN_113F_J_21811_18,20.0,False,True
2175,2175,CNN_625W_E_10378_11,110.0,False,False
2176,2176,CNN_253H_J_26117_10,20.0,True,False
2177,2177,CNN_288K_E_13_6,110.0,False,False
2178,2178,CNN_F5S_E_5502_2,110.0,False,True
2179,2179,CNN_640_J_3613_69,20.0,False,True
2180,2180,CNN_2U_J_6793_50,20.0,False,True
2181,2181,CNN_340M_J_13434_68,20.0,True,True
2182,2182,CNN_253Q_E_26129_4,110.0,False,False
2183,2183,CNN_0504171756300217043052_E_284,110.0,False,True
2184,2184,CNN_402D_E_16302_12,110.0,False,True
2185,2185,CNN_613U_C_18539_16,380.0,False,True
2186,2186,CNN_55U_J_12897_22,20.0,False,True
2187,2187,CNN_733_E_9180_3,110.0,False,True
2188,2188,CNN_F10R_C_18519_7,380.0,True,False
2189,2189,CNN_F11R_C_18528_3,380.0,False,True
2190,2190,CNN_279A_J_14978_52,20.0,False,True
2191,2191,CNN_486E_E_10392_2,110.0,False,True
2192,2192,CNN_253Q_J_26130_6,6.0,False,True
2193,2193,CNN_0505101157210628754896_E_333,110.0,False,True
2194,2194,CNN_648E_E_1054_12,110.0,False,True
2195,2195,CNN_36W_E_11931_4,110.0,False,False
2196,2196,CNN_66001.49 O6/1 rot_E_19745_3,110.0,False,False
2197,2197,CNN_249K_E_3342_6,110.0,False,False
2198,2198,CNN_12211.222 W6 blau_E_26467_3,110.0,False,False
2199,2199,CNN_279A_E_15559_4,110.0,False,True
2200,2200,CNN_734_E_18551_39,110.0,False,True
2201,2201,CNN_12U1_E_6034_3,110.0,False,True
2202,2202,CNN_51001.233a B5 violett_E_2033,110.0,False,False
2203,2203,CNN_605U1_E_20813_5,110.0,True,False
2204,2204,CNN_423E_J_22251_153,20.0,True,True
2205,2205,CNN_36W_E_11931_11,110.0,False,True
2206,2206,CNN_253H_E_26118_9,110.0,False,True
2207,2207,CNN_144G_J_140_11,20.0,False,False
2208,2208,CNN_625_C_18523_1,380.0,False,False
2209,2209,CNN_0504171603490009294558_E_218,110.0,False,False
2210,2210,CNN_685A_E_10357_14,110.0,False,True
2211,2211,CNN_0504220936230245529270_E_222,110.0,False,True
2212,2212,CNN_0504131543580063715813_E_290,110.0,False,False
2213,2213,CNN_173A_C_18538_1,380.0,False,False
2214,2214,CNN_2U_J_6794_13,10.0,False,True
2215,2215,CNN_719_E_10789_3,110.0,False,True
2216,2216,CNN_121K_E_20325_10,110.0,False,True
2217,2217,CNN_625_J_30033_8,20.0,False,False
2218,2218,CNN_F11R_C_18528_2,380.0,True,True
2219,2219,CNN_0505100757150127789640_E_261,110.0,False,True
2220,2220,CNN_423E_E_22253_10,110.0,False,True
2221,2221,CNN_1005091124510125779803_E_105,110.0,False,True
2222,2222,CNN_60007.66/1 C6/1A grün_E_6036,110.0,False,False
2223,2223,CNN_144G_E_138_12,110.0,False,True
2224,2224,CNN_711_E_9183_1,110.0,False,False
2225,2225,CNN_113F_J_21809_3,20.0,False,False
2226,2226,CNN_625_E_1053_51,110.0,False,True
2227,2227,CNN_0505100937040043535323_E_334,110.0,False,False
2228,2228,CNN_1011072053110363558000_E_276,110.0,False,False
2229,2229,CNN_F11R_H_18550_2,30.0,False,True
2230,2230,CNN_550/3.15/3 X5 schwarz_E_5492,110.0,False,False
2231,2231,CNN_0504061519130261759535_E_103,110.0,False,False
2232,2232,CNN_4543.38 K11 blau_E_31057_4,110.0,False,False
2233,2233,CNN_630F2_E_3309_26,110.0,False,True
2234,2234,CNN_113F_E_21808_21,110.0,False,True
2235,2235,CNN_649A_J_19369_37,3.0,False,True
2236,2236,CNN_301N_E_3333_4,110.0,False,False
2237,2237,CNN__E_22075_1,110.0,True,False
2238,2238,CNN_713_E_10374_10,110.0,True,True
2239,2239,CNN_625W_J_10380_18,20.0,False,True
2240,2240,CNN_11501.86 V6 grün_E_470_2,110.0,False,True
2241,2241,CNN_0504131138390013512033_E_290,110.0,False,False
2242,2242,CNN_0710281702020036418877_E_218,110.0,False,False
2243,2243,CNN_0505081005400794109325_E_105,110.0,False,True
2244,2244,CNN_605U1_E_20813_11,110.0,False,True
2245,2245,CNN_0503201816360134985686_E_107,110.0,False,True
2246,2246,CNN_F301N_J_29024_1,6.0,False,False
2247,2247,CNN_0505100854500116846843_E_261,110.0,False,False
2248,2248,CNN_121K_E_20325_8,110.0,False,True
2249,2249,CNN_121K_E_20325_9,110.0,False,True
2250,2250,CNN_69001.224 R6/2 grün_E_26126_,110.0,False,True
2251,2251,CNN_288K_E_13_3,110.0,False,True
2252,2252,CNN_730_E_2750_11,110.0,False,True
2253,2253,CNN_1206172255270041625058_E_163,110.0,False,False
2254,2254,CNN_648E_E_1054_11,110.0,False,True
2255,2255,CNN_1511090741450564142458_E_119,110.0,False,False
2256,2256,CNN_0505071054350468918038_E_106,110.0,False,True
2257,2257,CNN_685B_E_10359_8,110.0,False,True
2258,2258,CNN_589U1_J_5434_56,20.0,True,True
2259,2259,CNN_685A_E_10357_1,110.0,False,False
2260,2260,CNN_0504171756000102426687_E_284,110.0,False,False
2261,2261,CNN_F10R_C_18519_22,380.0,True,True
2262,2262,CNN_F9R_C_18522_9,380.0,False,False
2263,2263,CNN_118_E_22257_10,110.0,False,True
2264,2264,CNN_589U1_E_5495_26,110.0,True,True
2265,2265,CNN_1206172141070161823552_E_550,110.0,False,False
2266,2266,CNN_19U_E_5494_11,110.0,False,True
2267,2267,CNN_0503201405540428246838_E_119,110.0,False,False
2268,2268,CNN_542U1_E_26147_13,110.0,False,True
2269,2269,CNN_0504191336400295779540_E_217,110.0,False,False
2270,2270,CNN_31U1_J_14576_8,20.0,True,False
2271,2271,CNN_182Z_J_1702_206,20.0,True,True
2272,2272,CNN_122U_E_5493_60,110.0,False,True
2273,2273,CNN_685A_E_10357_5,110.0,False,False
2274,2274,CNN_F12R_C_18529_10,380.0,False,True
2275,2275,CNN_407H_E_11936_3,110.0,True,True
2276,2276,CNN_0504220936230037520775_E_20_,110.0,False,False
2277,2277,CNN_F9R_H_18526_2,30.0,False,True
2278,2278,CNN_2Z_E_5490_1,110.0,True,False
2279,2279,CNN_630F2_E_3309_6,110.0,False,False
2280,2280,CNN_113F_E_21808_7,110.0,False,False
2281,2281,CNN_589U1_E_5495_36,110.0,True,True
2282,2282,CNN_0505101121490234838464_E_333,110.0,False,False
2283,2283,CNN_0505101149170186825424_E_333,110.0,False,False
2284,2284,CNN_69C_J_21247_35,20.0,False,True
2285,2285,CNN_625_D_18527_3,220.0,False,True
2286,2286,CNN_171D_J_4542_11,20.0,False,False
2287,2287,CNN_0505100743570108313440_E_261,110.0,False,False
2288,2288,CNN_268N_E_26134_3,110.0,False,False
2289,2289,CNN_309G_E_19746_13,110.0,False,True
2290,2290,CNN_0505061747130832384038_E_193,110.0,False,False
2291,2291,CNN_0503201117560794056263_E_128,110.0,False,True
2292,2292,CNN_19U_E_5494_4,110.0,False,False
2293,2293,CNN_542Q2_J_26142_7,6.0,False,True
2294,2294,CNN_542U1_E_26147_3,110.0,False,True
2295,2295,CNN_173A_J_20930_70,20.0,True,True
2296,2296,CNN_12211.180 W6 blau_E_26462_5,110.0,False,False
2297,2297,CNN_288K_E_13_9,110.0,False,True
2298,2298,CNN_542U1_E_26147_9,110.0,False,True
2299,2299,CNN_589U1_E_5495_4,110.0,False,False
2300,2300,CNN_625_E_1053_50,110.0,False,True
2301,2301,CNN_192_E_16_14,110.0,False,True
2302,2302,CNN_692_E_9672_10,110.0,False,True
2303,2303,CNN_1005091138310018428271_E_103,110.0,False,False
2304,2304,CNN_68002.38 E6 gelb_E_12_1,110.0,False,False
2305,2305,CNN_613A_E_5503_12,110.0,False,False
2306,2306,CNN_589U1_E_5495_31,110.0,True,True
2307,2307,CNN_732U_E_28467_3,110.0,False,False
2308,2308,CNN_67001.124 A11A grün_E_19632_,110.0,True,True
2309,2309,CNN_2Z_E_5490_9,110.0,False,True
2310,2310,CNN_630F2_E_3309_37,110.0,True,True
2311,2311,CNN_1512291016090149800938_E_197,110.0,False,False
2312,2312,CNN_62001.37b Z6 blau_E_22256_2,110.0,False,True
2313,2313,CNN_69001.224 R6/1 violett_E_261,110.0,False,False
2314,2314,CNN_1011072033470690145302_E_276,110.0,False,False
2315,2315,CNN_712_E_18556_9,110.0,False,True
2316,2316,CNN_675B_E_3327_2,110.0,False,True
2317,2317,CNN_173A_E_24_49,110.0,False,True
2318,2318,CNN_1103170726430008716860_E_330,110.0,False,False
2319,2319,CNN_171D_J_4542_60,20.0,False,True
2320,2320,CNN_630C2_E_29031_4,110.0,False,False
2321,2321,CNN_0505100937040125940094_E_334,110.0,False,False
2322,2322,CNN_268N_E_26134_4,110.0,False,False
2323,2323,CNN_2U_E_5491_9,110.0,False,True
2324,2324,CNN_0505101439400160720585_E_284,110.0,False,False
2325,2325,CNN_0505091525540154314616_E_261,110.0,False,True
2326,2326,CNN_48U_E_5535_9,110.0,False,True
2327,2327,CNN_732_E_28451_19,110.0,True,True
2328,2328,CNN_0504171705280054636210_E_218,110.0,False,False
2329,2329,CNN_413U1_J_12844_67,20.0,True,True
2330,2330,CNN_701_J_2754_12,20.0,False,False
2331,2331,CNN_0504201131020176515777_E_212,110.0,False,False
2332,2332,CNN_121K_E_20325_5,110.0,False,False
2333,2333,CNN_711_E_9183_4,110.0,False,False
2334,2334,CNN_732M_J_28474_2,6.0,False,True
2335,2335,CNN_734_E_18551_28,110.0,False,True
2336,2336,CNN_UW-Westtirol_D_19819_6,220.0,False,True
2337,2337,CNN_F102NS_E_5501_30,110.0,False,True
2338,2338,CNN_F11R_C_18528_19,380.0,False,True
2339,2339,CNN_229H2_E_10_18,110.0,False,True
2340,2340,CNN_630C2_J_29032_1,10.0,False,False
2341,2341,CNN_733_E_9180_2,110.0,False,False
2342,2342,CNN_122U_J_17648_12,10.0,False,False
2343,2343,CNN_102N_J_21820_39,20.0,False,True
2344,2344,CNN_630F2_E_3309_7,110.0,False,False
2345,2345,CNN_0505101439400987831310_E_284,110.0,False,True
2346,2346,CNN_0504161417290881589544_E_147,110.0,False,False
2347,2347,CNN_685B_E_10359_6,110.0,False,True
2348,2348,CNN_12U1_E_6034_4,110.0,False,False
2349,2349,CNN_0504171015500118128096_E_275,110.0,False,False
2350,2350,CNN_632_E_28482_3,110.0,False,True
2351,2351,CNN_630F2_E_3309_27,110.0,True,True
2352,2352,CNN_F675B_J_29025_6,6.0,False,True
2353,2353,CNN_51502.18 D5/1 rot_E_15560_2,110.0,False,True
2354,2354,CNN_57R_E_11929_13,110.0,False,True
2355,2355,CNN_F9R_C_18522_13,380.0,False,False
2356,2356,CNN_649_E_19367_3,110.0,False,True
2357,2357,CNN_F11R_C_18528_25,380.0,False,True
2358,2358,CNN_613A_E_5503_23,110.0,False,True
2359,2359,CNN_55U_E_12886_5,110.0,False,False
2360,2360,CNN_0504200739130001379040_E_551,110.0,False,True
2361,2361,CNN_0504131447000506983099_E_290,110.0,False,False
2362,2362,CNN_48U_J_5538_11,20.0,False,False
2363,2363,CNN_301N_E_3333_6,110.0,False,False
2364,2364,CNN_179U_H_18516_1,30.0,False,False
2365,2365,CNN_0710281706480050302618_E_551,110.0,False,False
2366,2366,CNN_182Z_J_1702_203,20.0,False,True
2367,2367,CNN_0504191336400103746819_E_553,110.0,False,False
2368,2368,CNN_265_J_13697_60,20.0,False,True
2369,2369,CNN_712_E_18556_31,110.0,True,True
2370,2370,CNN_0505100840540078687510_E_261,110.0,False,False
2371,2371,CNN_0505100937040043535323_E_334,110.0,False,False
2372,2372,CNN_179U_E_9171_37,110.0,False,True
2373,2373,CNN_F9R_C_18522_15,380.0,False,True
2374,2374,CNN_648E_J_31205_8,10.0,True,True
2375,2375,CNN_1U_J_5646_106,20.0,True,True
2376,2376,CNN_179U_E_9171_35,110.0,False,True
2377,2377,CNN_542U1_J_4277_66,20.0,False,True
2378,2378,CNN_66001.48a O6/2 grün_E_19734_,110.0,False,False
2379,2379,CNN_0505101235080138742800_E_331,110.0,False,True
2380,2380,CNN_0610021927230030764328_E_147,110.0,False,False
2381,2381,CNN_685A_E_10357_7,110.0,False,False
2382,2382,CNN_613U_C_18539_3,380.0,True,True
2383,2383,CNN_854_E_466_11,110.0,False,True
2384,2384,CNN_713_E_10374_1,110.0,False,False
2385,2385,CNN_11351.32 O11 rot_E_31204_1,110.0,False,False
2386,2386,CNN_651_E_11941_2,110.0,False,False
2387,2387,CNN_0505101235080006856174_E_332,110.0,False,False
2388,2388,CNN_613U_E_5509_15,110.0,True,False
2389,2389,CNN_66001.9 O6/1 blau_E_19749_1,110.0,False,False
2390,2390,CNN_0512142039330080713700_C_185,380.0,False,False
2391,2391,CNN_0505100840540674652198_E_261,110.0,False,False
2392,2392,CNN__E_16308_1,110.0,False,False
2393,2393,CNN_854_J_465_7,20.0,False,False
2394,2394,CNN_A630D6__29039_8,10.0,False,True
2395,2395,CNN_407H_J_12135_46,20.0,False,True
2396,2396,CNN_182Z_E_8_14,110.0,True,False
2397,2397,CNN__H_18544_1,30.0,False,False
2398,2398,CNN_F9R_C_18522_28,380.0,False,True
2399,2399,CNN_102N_J_21820_1,20.0,False,False
2400,2400,CNN_588X_E_5523_3,110.0,False,True
2401,2401,CNN_179U_E_9171_10,110.0,False,False
2402,2402,CNN_121K_J_7847_47,20.0,False,True
2403,2403,CNN_0505100757150490989140_E_261,110.0,False,True
2404,2404,CNN_205B_J_29800_5,20.0,False,False
2405,2405,CNN_UW-Westtirol_D_19819_3,220.0,False,True
2406,2406,CNN_F10R_C_18519_15,380.0,True,True
2407,2407,CNN_12U1_E_6034_2,110.0,True,True
2408,2408,CNN_640_J_3613_62,20.0,False,True
2409,2409,CNN_395A_E_20331_12,110.0,False,True
2410,2410,CNN_11611.84 A11 grün_E_19630_1,110.0,False,False
2411,2411,CNN_4543.99 K11 blau_E_31059_3,110.0,False,False
2412,2412,CNN_11611.59 A11 grün_E_19629_2,110.0,False,True
2413,2413,CNN_179U_E_9171_12,110.0,False,False
2414,2414,CNN_630F2_E_3309_21,110.0,False,True
2415,2415,CNN_815_E_9670_6,110.0,False,True
2416,2416,CNN_121K_E_20325_12,110.0,False,True
2417,2417,CNN_0504220936230245529270_E_222,110.0,False,False
2418,2418,CNN_1103170726430057675944_E_331,110.0,False,False
2419,2419,CNN_F5S_E_5502_9,110.0,False,True
2420,2420,CNN_0710281706480050302618_E_551,110.0,False,False
2421,2421,CNN_866_E_468_9,110.0,False,True
2422,2422,CNN_486E_E_10392_7,110.0,False,True
2423,2423,CNN_0505081724190140747694_E_310,110.0,False,False
2424,2424,CNN_0505101418510076338704_E_284,110.0,False,False
2425,2425,CNN_0504161349110020199746_E_147,110.0,True,False
2426,2426,CNN_1111042223130154665210_E_284,110.0,False,True
2427,2427,CNN_182Z_E_8_6,110.0,False,False
2428,2428,CNN_0504131447000506983099_E_290,110.0,False,False
2429,2429,CNN_0504191310140343269885_E_551,110.0,False,True
2430,2430,CNN_182_E_1060_14,110.0,False,True
2431,2431,CNN_265_E_11933_18,110.0,False,True
2432,2432,CNN_0503251749520126961920_E_103,110.0,False,False
2433,2433,CNN_713_E_10374_14,110.0,True,True
2434,2434,CNN_0505100937040043535323_E_334,110.0,False,True
2435,2435,CNN_402D_J_16299_4,20.0,False,False
2436,2436,CNN_613U_C_18539_7,380.0,True,True
2437,2437,CNN_253H_E_26118_3,110.0,False,True
2438,2438,CNN_69C_E_21248_1,110.0,False,False
2439,2439,CNN_11651.100 K11 blau_E_31060_2,110.0,False,True
2440,2440,CNN_0612220900190299847915_E_552,110.0,False,False
2441,2441,CNN__E_16309_1,110.0,False,False
2442,2442,CNN_122U_E_5493_21,110.0,False,False
2443,2443,CNN_640_J_3613_136,20.0,False,True
2444,2444,CNN_1604081543180190494184_E_198,110.0,False,True
2445,2445,CNN_490M_J_3330_1,6.0,False,False
2446,2446,CNN_122U_E_5493_34,110.0,False,True
2447,2447,CNN_613U_E_5509_24,110.0,True,True
2448,2448,CNN_179M_J_11035_40,20.0,True,True
2449,2449,CNN_171D_J_4542_55,20.0,True,True
2450,2450,CNN_279A_E_15559_9,110.0,False,True
2451,2451,CNN_41M_E_20328_9,110.0,False,True
2452,2452,CNN_288K_E_13_11,110.0,False,True
2453,2453,CNN_F102NS_E_5501_4,110.0,True,False
2454,2454,CNN_649A_J_19369_1,3.0,False,False
2455,2455,CNN_588_E_5520_17,110.0,False,True
2456,2456,CNN_442A_E_12892_1,110.0,False,False
2457,2457,CNN_64001.40 U6/2 blau_E_2757_2,110.0,False,True
2458,2458,CNN_2Z_E_5490_6,110.0,False,False
2459,2459,CNN_1001171505080274173885_E_918,110.0,False,False
2460,2460,CNN_0504131449550061278761_E_290,110.0,False,False
2461,2461,CNN_268N_E_26134_2,110.0,False,True
2462,2462,CNN_182Z_J_1702_205,20.0,False,True
2463,2463,CNN_144G_J_140_74,20.0,True,True
2464,2464,CNN_588_E_5520_22,110.0,False,True
2465,2465,CNN_279A_E_15559_13,110.0,False,True
2466,2466,CNN_F11R_C_18528_11,380.0,False,True
2467,2467,CNN_69001.224 R6/1 violett_E_261,110.0,False,False
2468,2468,CNN_69001.148a R6/2 schwar_E_261,110.0,False,True
2469,2469,CNN_60001.66 C6/2 gelb_E_5530_4,110.0,False,False
2470,2470,CNN_122U_J_12951_42,20.0,False,True
2471,2471,CNN_F12R_C_18529_16,380.0,False,True
2472,2472,CNN_649A_E_19364_6,110.0,False,True
2473,2473,CNN_122U_E_5493_52,110.0,True,True
2474,2474,CNN_55U_J_12896_1,3.0,False,False
2475,2475,CNN_F5S_E_5502_7,110.0,False,True
2476,2476,CNN_625_C_19825_2,380.0,False,False
2477,2477,CNN_640P5_J_3347_1,6.0,False,False
2478,2478,CNN_UW-Westtirol_D_19819_27,220.0,False,True
2479,2479,CNN_712_E_18556_21,110.0,False,True
2480,2480,CNN_173A_E_24_74,110.0,False,True
2481,2481,CNN_613U_E_5509_55,110.0,False,True
2482,2482,CNN_0505100928370177749468_E_334,110.0,False,False
2483,2483,CNN_719_E_10789_14,110.0,False,True
2484,2484,CNN_36W_E_11931_12,110.0,False,True
2485,2485,CNN_0504141007500220868408_E_203,110.0,False,False
2486,2486,CNN_0503251625340055811316_E_103,110.0,False,False
2487,2487,CNN_734_C_18549_1,380.0,False,False
2488,2488,CNN_0505100840540674652198_E_261,110.0,False,True
2489,2489,CNN_733_E_9180_1,110.0,False,False
2490,2490,CNN_122U_E_5493_42,110.0,False,True
2491,2491,CNN_0503191711250199636244_E_171,110.0,False,True
2492,2492,CNN_733_J_9179_12,20.0,False,False
2493,2493,CNN_57R_E_11929_19,110.0,False,True
2494,2494,CNN_359A_J_26124_7,6.0,False,True
2495,2495,CNN_19U_E_5494_9,110.0,False,True
2496,2496,CNN_64001.39s U6/1 gelb_E_2751_1,110.0,False,False
2497,2497,CNN_640_J_3613_133,20.0,False,True
2498,2498,CNN_613U_E_5509_5,110.0,False,True
2499,2499,CNN_0504190956300859761468_E_218,110.0,False,False
2500,2500,CNN_613U_H_18543_2,30.0,False,True
2501,2501,CNN_288K_J_2357_39,20.0,True,True
2502,2502,CNN_692_E_9672_14,110.0,False,True
2503,2503,CNN_182Z_E_8_40,110.0,True,True
2504,2504,CNN_253H_E_26118_10,110.0,False,True
2505,2505,CNN_545G_J_12523_21,20.0,False,True
2506,2506,CNN_630F2_E_3309_22,110.0,False,True
2507,2507,CNN_229H2_E_10_17,110.0,False,True
2508,2508,CNN_51001.91b W5/2 schwarz_E_147,110.0,False,False
2509,2509,CNN_205B_E_1057_3,110.0,False,False
2510,2510,CNN_589U1_E_5495_7,110.0,False,False
2511,2511,CNN_732_E_28451_10,110.0,True,True
2512,2512,CNN_253Q_E_26129_1,110.0,False,False
2513,2513,CNN_64001.40 U6/2 blau_E_2757_1,110.0,False,False
2514,2514,CNN_589U1_E_5495_38,110.0,False,True
2515,2515,CNN_182_E_1060_5,110.0,False,True
2516,2516,CNN_1010092240070000580548_E_330,110.0,False,False
2517,2517,CNN_F11R_H_18550_1,30.0,False,False
2518,2518,CNN_268O_E_26138_4,110.0,False,False
2519,2519,CNN_697Y_J_3300_13,20.0,False,False
2520,2520,CNN_550/3.15/3 X5 schwarz_E_5492,110.0,False,True
2521,2521,CNN_57R_E_11929_10,110.0,False,True
2522,2522,CNN_198S_E_134_2,110.0,False,False
2523,2523,CNN_648E_J_31205_18,10.0,True,True
2524,2524,CNN_68002.38 E6 blau_E_14_3,110.0,False,False
2525,2525,CNN_697S_E_2764_32,110.0,False,True
2526,2526,CNN_613U_E_5509_25,110.0,False,True
2527,2527,CNN_173A_E_24_70,110.0,False,True
2528,2528,CNN_1011072053110752099520_E_197,110.0,False,False
2529,2529,CNN_0505071241190302544528_E_469,110.0,False,True
2530,2530,CNN_542U1_E_26147_11,110.0,False,True
2531,2531,CNN_279A_E_15559_6,110.0,False,False
2532,2532,CNN_649A_E_19364_1,110.0,False,False
2533,2533,CNN_60007.66/1 C6/2A gelb_E_6038,110.0,False,False
2534,2534,CNN_0503191711250225522485_E_171,110.0,False,False
2535,2535,CNN_4543.38 K11 blau_E_31057_1,110.0,False,False
2536,2536,CNN_339H_E_3335_3,110.0,False,False
2537,2537,CNN_0505100854500116846843_E_261,110.0,False,False
2538,2538,CNN_542U1_E_26147_4,110.0,False,False
2539,2539,CNN_1502222036410312308607_E_335,110.0,False,False
2540,2540,CNN_144G_J_140_16,20.0,False,True
2541,2541,CNN_423E_J_22251_91,20.0,False,True
2542,2542,CNN_F712A_E_18555_1,110.0,False,False
2543,2543,CNN_625_E_1053_2,110.0,False,True
2544,2544,CNN_122U_E_5493_31,110.0,False,True
2545,2545,CNN_692_J_9673_7,20.0,False,False
2546,2546,CNN_1111042239390234391664_E_284,110.0,False,True
2547,2547,CNN_391L_J_31208_9,10.0,True,True
2548,2548,CNN_648E_E_1054_7,110.0,False,False
2549,2549,CNN_423E_E_22253_11,110.0,False,True
2550,2550,CNN_290F_E_16312_3,110.0,False,True
2551,2551,CNN_60007.66/9 C6/1A grün_E_6035,110.0,False,True
2552,2552,CNN_1212040832300764619426_E_330,110.0,False,True
2553,2553,CNN_632_E_28482_4,110.0,False,False
2554,2554,CNN_118_J_4633_33,20.0,False,True
2555,2555,CNN_F8R_C_18521_5,380.0,False,True
2556,2556,CNN_613U_E_5509_22,110.0,False,True
2557,2557,CNN_179U_E_9171_38,110.0,True,True
2558,2558,CNN_265_J_13697_138,20.0,True,True
2559,2559,CNN_144G_E_138_11,110.0,False,True
2560,2560,CNN_1011072053110219673572_E_276,110.0,False,True
2561,2561,CNN_385B_E_19_2,110.0,True,True
2562,2562,CNN_734_E_18551_25,110.0,False,True
2563,2563,CNN_31U1_E_14720_9,110.0,True,True
2564,2564,CNN_28C_J_14732_13,20.0,True,True
2565,2565,CNN_648E_E_1054_1,110.0,False,False
2566,2566,CNN_66001.9 O6/2 grün_E_19732_1,110.0,False,False
2567,2567,CNN_625_D_18527_5,220.0,False,False
2568,2568,CNN_385B_E_19_1,110.0,False,False
2569,2569,CNN_675B_E_3327_10,110.0,False,True
2570,2570,CNN_290F_E_16312_10,110.0,False,True
2571,2571,CNN_1005090949270193630596_E_185,110.0,False,False
2572,2572,CNN_1311302212320453803984_E_334,110.0,False,False
2573,2573,CNN_0505100928370177749468_E_334,110.0,False,False
2574,2574,CNN_0504171603490009294558_E_218,110.0,False,False
2575,2575,CNN_41M_E_20328_10,110.0,False,True
2576,2576,CNN_0505061730040011689857_E_193,110.0,False,True
2577,2577,CNN_1U_E_5515_4,110.0,False,False
2578,2578,CNN_118_J_4633_66,20.0,True,True
2579,2579,CNN_0505101121490099191088_E_333,110.0,False,True
2580,2580,CNN_309G_J_2475_12,20.0,False,False
2581,2581,CNN_0505071241190465481030_E_467,110.0,False,False
2582,2582,CNN_57R_E_11929_6,110.0,False,False
2583,2583,CNN_F5S_E_5502_4,110.0,False,False
2584,2584,CNN_57R_J_11928_44,20.0,False,True
2585,2585,CNN_F5S_E_5502_5,110.0,False,True
2586,2586,CNN_0503251810190523488210_E_103,110.0,False,False
2587,2587,CNN_253Q_E_26129_3,110.0,False,False
2588,2588,CNN_340M_E_17139_7,110.0,True,True
2589,2589,CNN_613U_C_18539_20,380.0,False,True
2590,2590,CNN_613U_C_18539_22,380.0,False,True
2591,2591,CNN_730_J_2749_52,20.0,False,True
2592,2592,CNN_0504140855350066948533_E_331,110.0,False,True
2593,2593,CNN_0505081032590105755820_E_198,110.0,False,True
2594,2594,CNN_648E_E_1054_10,110.0,False,True
2595,2595,CNN_122U_E_5493_26,110.0,True,True
2596,2596,CNN_649A_J_19369_13,3.0,False,True
2597,2597,CNN_55U_E_12886_12,110.0,False,True
2598,2598,CNN_625_C_19825_1,380.0,False,False
2599,2599,CNN_2U_E_5491_10,110.0,False,True
2600,2600,CNN_459B_E_3358_11,110.0,False,True
2601,2601,CNN_625_E_1053_54,110.0,False,True
2602,2602,CNN_118_E_22257_7,110.0,False,False
2603,2603,CNN_0504140857120023993508_E_331,110.0,False,True
2604,2604,CNN_66001.49 O6/1 rot_E_19745_2,110.0,False,True
2605,2605,CNN_41M_J_4889_8,20.0,False,False
2606,2606,CNN_F102NS_E_5501_9,110.0,False,False
2607,2607,CNN_F102NS_E_5501_1,110.0,False,False
2608,2608,CNN_179M_J_11035_41,20.0,False,True
2609,2609,CNN_1003031520210300445722_E_128,110.0,False,False
2610,2610,CNN_192_J_23928_61,20.0,False,True
2611,2611,CNN_335B_E_3351_2,110.0,False,True
2612,2612,CNN_732_E_28451_7,110.0,False,False
2613,2613,CNN_0505061617000975065868_E_4_3,110.0,False,False
2614,2614,CNN_630A4_J_3321_3,6.0,False,True
2615,2615,CNN_625W_E_10378_5,110.0,False,False
2616,2616,CNN_340M_E_17139_12,110.0,False,True
2617,2617,CNN_F10R_C_18519_37,380.0,False,True
2618,2618,CNN_692_J_9673_1,20.0,True,False
2619,2619,CNN_732M_J_28474_1,6.0,False,False
2620,2620,CNN_48U_J_5538_49,20.0,False,True
2621,2621,CNN_428_E_27_14,110.0,False,True
2622,2622,CNN_719_J_10788_18,20.0,True,False
2623,2623,CNN_0503251528580490584450_E_103,110.0,False,False
2624,2624,CNN_0612220900190071857200_E_552,110.0,False,True
2625,2625,CNN_2U_E_5491_13,110.0,False,True
2626,2626,CNN_413U1_E_12882_13,110.0,False,True
2627,2627,CNN_0503251419100004533638_E_967,110.0,False,True
2628,2628,CNN_701_J_2754_26,20.0,False,True
2629,2629,CNN_205B_J_29800_42,20.0,False,True
2630,2630,CNN_0505101235080138742800_E_331,110.0,False,False
2631,2631,CNN_182Z_E_8_39,110.0,False,True
2632,2632,CNN_712_E_18556_16,110.0,False,True
2633,2633,CNN_F10R_C_18519_45,380.0,True,True
2634,2634,CNN_179U_E_9171_40,110.0,False,True
2635,2635,CNN_0505100757150127789640_E_261,110.0,False,False
2636,2636,CNN_529N_J_29_62,20.0,False,True
2637,2637,CNN_692_J_9673_54,20.0,False,True
2638,2638,CNN_F8R_C_18521_4,380.0,False,False
2639,2639,CNN_UW-Westtirol_D_19819_5,220.0,False,False
2640,2640,CNN_1311302212320000072323_E_334,110.0,False,False
2641,2641,CNN_0505100840540078687510_E_261,110.0,False,True
2642,2642,CNN_4543.99 Füssen West ge_D_198,220.0,False,True
2643,2643,CNN_1403301322070756819756_E_135,110.0,False,False
2644,2644,CNN_173A_E_24_54,110.0,False,True
2645,2645,CNN_55U_J_12897_9,20.0,False,False
2646,2646,CNN_0504171444070030958046_E_218,110.0,False,False
2647,2647,CNN_625_E_1053_9,110.0,False,False
2648,2648,CNN_713_E_10374_7,110.0,False,False
2649,2649,CNN_835_E_28476_6,110.0,True,False
2650,2650,CNN_168F_J_1344_11,20.0,False,False
2651,2651,CNN_613A_E_5503_17,110.0,True,True
2652,2652,CNN_685_E_10368_13,110.0,False,True
2653,2653,CNN_335B_J_3352_3,6.0,True,True
2654,2654,CNN_F10R_C_18519_9,380.0,False,False
2655,2655,CNN_590B_E_5518_21,110.0,True,True
2656,2656,CNN_675B_J_3816_8,20.0,False,False
2657,2657,CNN_413U1_E_12882_4,110.0,False,False
2658,2658,CNN_613U_C_18539_13,380.0,False,True
2659,2659,CNN_0505081032590105755820_E_198,110.0,False,False
2660,2660,CNN_301N_J_3950_6,20.0,False,False
2661,2661,CNN_69001.149 R6/2 grün_E_26146_,110.0,False,False
2662,2662,CNN_0505091525540138590592_E_261,110.0,False,True
2663,2663,CNN_122U_E_5493_22,110.0,False,False
2664,2664,CNN_1001171505080274173885_E_918,110.0,False,True
2665,2665,CNN_625W_J_10380_15,20.0,True,True
2666,2666,CNN_625W_J_10380_7,20.0,False,True
2667,2667,CNN_625_E_1053_23,110.0,False,True
2668,2668,CNN_692_E_9672_6,110.0,True,False
2669,2669,CNN_118_E_22257_9,110.0,False,True
2670,2670,CNN_122U_E_5493_59,110.0,False,True
2671,2671,CNN_173A_J_20930_93,20.0,True,True
2672,2672,CNN_630F2_E_3309_30,110.0,False,True
2673,2673,CNN_0504232205420067777325_E_290,110.0,False,False
2674,2674,CNN_459B_J_3360_1,20.0,False,False
2675,2675,CNN_0612220900190299847915_E_552,110.0,False,True
2676,2676,CNN_529N_E_28_10,110.0,False,True
2677,2677,CNN_359A_E_26123_3,110.0,False,False
2678,2678,CNN_423E_J_22251_89,20.0,False,True
2679,2679,CNN_F10R_C_18519_41,380.0,True,True
2680,2680,CNN_1311302212320453803984_E_334,110.0,False,True
2681,2681,CNN_57R_E_11929_11,110.0,False,True
2682,2682,CNN_359A_J_26124_2,6.0,False,True
2683,2683,CNN_69C_E_21248_6,110.0,True,False
2684,2684,CNN_0504131036470929360108_E_203,110.0,False,True
2685,2685,CNN_613U_E_5509_33,110.0,False,True
2686,2686,CNN_182Z_E_8_37,110.0,True,True
2687,2687,CNN_675B_E_3327_3,110.0,False,True
2688,2688,CNN_0512142039330080713700_C_185,380.0,False,True
2689,2689,CNN_0504141054130686827746_E_330,110.0,False,False
2690,2690,CNN_391L_J_31208_2,10.0,True,True
2691,2691,CNN_0504191310140029728608_E_217,110.0,False,True
2692,2692,CNN_625_E_1053_4,110.0,False,True
2693,2693,CNN_389A_E_2769_4,110.0,False,False
2694,2694,CNN_588_E_5520_6,110.0,False,True
2695,2695,CNN_182_E_1060_12,110.0,False,True
2696,2696,CNN_F8R_C_18521_39,380.0,False,True
2697,2697,CNN_265_E_11933_19,110.0,False,True
2698,2698,CNN_173A_E_24_15,110.0,False,False
2699,2699,CNN_0505101149170216485031_E_333,110.0,False,False
2700,2700,CNN_545G_E_16304_2,110.0,False,True
2701,2701,CNN_613U_E_5509_2,110.0,False,True
2702,2702,CNN_685_E_10368_4,110.0,True,False
2703,2703,CNN_265_E_11933_20,110.0,False,True
2704,2704,CNN_144G_J_140_57,20.0,False,True
2705,2705,CNN_389A_J_2770_15,20.0,False,True
2706,2706,CNN_550/3.15/3 X5 schwarz_E_5492,110.0,False,False
2707,2707,CNN_F8R_C_18521_26,380.0,True,True
2708,2708,CNN_542Q2_J_26142_4,6.0,False,True
2709,2709,CNN_64001.39 U6/2 blau_E_2758_3,110.0,False,False
2710,2710,CNN_1111042239390234391664_E_284,110.0,False,False
2711,2711,CNN_529N_J_29_63,20.0,True,True
2712,2712,CNN_442A_E_12892_4,110.0,False,False
2713,2713,CNN_632_E_28482_6,110.0,False,False
2714,2714,CNN_1003031532260049706226_E_128,110.0,False,False
2715,2715,CNN_640P5_E_3346_4,110.0,False,False
2716,2716,CNN_630C2_E_29031_12,110.0,False,True
2717,2717,CNN_385B_E_19_3,110.0,False,True
2718,2718,CNN_486E_E_10392_3,110.0,False,False
2719,2719,CNN_171D_J_4542_82,20.0,False,True
2720,2720,CNN_815_E_9670_3,110.0,False,True
2721,2721,CNN_0503201747290000334400_E_917,110.0,False,True
2722,2722,CNN_490M_E_3329_2,110.0,False,True
2723,2723,CNN_1011072053110219673572_E_276,110.0,False,False
2724,2724,CNN_385B_E_19_9,110.0,False,False
2725,2725,CNN_625_E_1053_15,110.0,False,False
2726,2726,CNN_0504161417290138751327_E_203,110.0,False,False
2727,2727,CNN_0503201501170403476150_E_128,110.0,False,True
2728,2728,CNN_1005091115250158210789_E_296,110.0,False,False
2729,2729,CNN_144G_J_140_48,20.0,False,True
2730,2730,CNN_0710281706470140763496_E_217,110.0,False,False
2731,2731,CNN_391L_J_31208_7,10.0,True,True
2732,2732,CNN_182Z_E_8_1,110.0,False,False
2733,2733,CNN_0504171610540037630100_E_284,110.0,False,False
2734,2734,CNN_253H_J_26117_41,20.0,True,True
2735,2735,CNN__E_22076_1,110.0,True,False
2736,2736,CNN_630F2_E_3309_1,110.0,False,False
2737,2737,CNN_640_E_3354_15,110.0,False,True
2738,2738,CNN_0503251419100726948768_E_107,110.0,False,False
2739,2739,CNN_0504191336400151938820_E_551,110.0,False,False
2740,2740,CNN_613U_C_18539_9,380.0,False,False
2741,2741,CNN_613U_E_5509_34,110.0,False,True
2742,2742,CNN_36W_E_11931_13,110.0,False,True
2743,2743,CNN_0504171444070270685989_E_218,110.0,False,False
2744,2744,CNN_413U1_E_12882_10,110.0,False,True
2745,2745,CNN_31U1_E_14720_10,110.0,True,True
2746,2746,CNN_625_E_1053_22,110.0,False,True
2747,2747,CNN_423E_E_22253_15,110.0,False,True
2748,2748,CNN_179M_E_9174_13,110.0,False,True
2749,2749,CNN_0503201747290000334400_E_917,110.0,False,False
2750,2750,CNN_113F_J_21811_1,20.0,False,False
2751,2751,CNN_121K_E_20325_7,110.0,False,True
2752,2752,CNN_0504171756000102426687_E_284,110.0,False,False
2753,2753,CNN_0511161130420335553666_E_550,110.0,False,False
2754,2754,CNN_69001.235 R6/2 gelb_E_26125_,110.0,False,False
2755,2755,CNN_651_E_11939_3,110.0,False,True
2756,2756,CNN_62101.180/14 W6A blau_E_2646,110.0,False,True
2757,2757,CNN_122U_E_5493_47,110.0,False,True
2758,2758,CNN_F102NS_E_5501_31,110.0,False,True
2759,2759,CNN_0504190956300859761468_E_218,110.0,False,False
2760,2760,CNN_391L_J_31208_12,10.0,True,True
2761,2761,CNN_625_D_18527_11,220.0,False,True
2762,2762,CNN_229H2_E_10_25,110.0,False,True
2763,2763,CNN_385B_E_19_8,110.0,False,False
2764,2764,CNN_0504191336400070475328_E_553,110.0,True,False
2765,2765,CNN_428_E_27_26,110.0,True,True
2766,2766,CNN_486E_E_10392_11,110.0,False,True
2767,2767,CNN_288K_J_2357_4,20.0,True,False
2768,2768,CNN_0505101418510118996616_E_284,110.0,False,False
2769,2769,CNN_179U_E_9171_30,110.0,False,True
2770,2770,CNN_12211.180 W6 blau_E_26462_4,110.0,False,False
2771,2771,CNN_113F_E_21808_11,110.0,False,False
2772,2772,CNN_640_E_3354_9,110.0,False,False
2773,2773,CNN_0505081724190140747694_E_310,110.0,False,False
2774,2774,CNN_640_E_3354_10,110.0,False,False
2775,2775,CNN_69101.128 E6 schwarz_E_3356_,110.0,False,False
2776,2776,CNN_332K_J_4052_7,20.0,False,False
2777,2777,CNN_173A_E_24_73,110.0,False,True
2778,2778,CNN_1111042223130364097958_E_284,110.0,False,False
2779,2779,CNN_55U_E_12886_10,110.0,False,True
2780,2780,CNN_173A_C_18538_14,380.0,False,True
2781,2781,CNN_245B_E_26149_4,110.0,False,False
2782,2782,CNN_198S_J_133_6,20.0,False,False
2783,2783,CNN_588_E_5520_25,110.0,True,True
2784,2784,CNN_4543.159 Füssen West g_D_198,220.0,False,False
2785,2785,CNN_675B_E_3327_16,110.0,False,True
2786,2786,CNN_11351.32 O11 rot_E_31204_2,110.0,False,True
2787,2787,CNN_F8R_C_18521_18,380.0,False,True
2788,2788,CNN_0710281702020793538252_E_551,110.0,False,True
2789,2789,CNN_389A_E_2769_5,110.0,False,False
2790,2790,CNN_613U_E_5509_47,110.0,False,True
2791,2791,CNN_630F2_E_3309_31,110.0,False,True
2792,2792,CNN_A630D6__29039_7,10.0,True,True
2793,2793,CNN_0710281706480050302618_E_551,110.0,False,True
2794,2794,CNN_0505101235080006856174_E_332,110.0,False,True
2795,2795,CNN_205B_J_29800_10,20.0,False,False
2796,2796,CNN_687_E_10353_2,110.0,False,True
2797,2797,CNN_62001.63a J6 rot_E_21_1,110.0,False,False
2798,2798,CNN_253H_E_26118_5,110.0,False,False
2799,2799,CNN_625_E_1053_34,110.0,False,True
2800,2800,CNN_66001.9 O6/1 blau_E_19749_3,110.0,False,False
2801,2801,CNN_490N_J_3340_2,6.0,True,True
2802,2802,CNN_729_E_28454_18,110.0,True,True
2803,2803,CNN_632_E_28482_12,110.0,False,True
2804,2804,CNN_0505110958300264372420_C_185,380.0,False,False
2805,2805,CNN_576Q_E_28463_3,110.0,False,False
2806,2806,CNN_0505101121490099191088_E_333,110.0,False,False
2807,2807,CNN_625_E_1053_14,110.0,False,False
2808,2808,CNN_61103.86B Y6/1 blau_E_21252_,110.0,False,True
2809,2809,CNN_632_E_28482_8,110.0,False,True
2810,2810,CNN_41M_J_4889_36,20.0,False,True
2811,2811,CNN_0504232205420044642400_E_331,110.0,False,False
2812,2812,CNN_173A_C_18538_30,380.0,True,True
2813,2813,CNN_1604041726400054850519_E_17_,110.0,False,False
2814,2814,CNN_0710281702020080748504_E_217,110.0,False,False
2815,2815,CNN_28C_E_14727_4,110.0,False,False
2816,2816,CNN_442A_E_12892_3,110.0,False,False
2817,2817,CNN_69C_J_21247_10,20.0,False,False
2818,2818,CNN_0504171015500118128096_E_275,110.0,False,True
2819,2819,CNN_1U_E_5515_10,110.0,False,True
2820,2820,CNN_19U_J_6561_41,20.0,True,True
2821,2821,CNN_0505101434120013620720_E_284,110.0,False,True
2822,2822,CNN_0504141054130686827746_E_330,110.0,False,True
2823,2823,CNN_264S_J_18747_37,20.0,True,True
2824,2824,CNN_113F_J_21810_6,3.0,False,True
2825,2825,CNN_1103170726430057675944_E_331,110.0,False,False
2826,2826,CNN_290F_J_12764_51,20.0,False,True
2827,2827,CNN_182Z_E_8_24,110.0,False,True
2828,2828,CNN_0505101235080006856174_E_332,110.0,False,False
2829,2829,CNN_179U_E_9171_41,110.0,False,True
2830,2830,CNN_181B_J_26391_3,20.0,False,False
2831,2831,CNN_51004.82/6b W5/2 blau_E_1472,110.0,True,False
2832,2832,CNN_866_E_468_4,110.0,False,True
2833,2833,CNN_1511090741450564142458_E_119,110.0,False,False
2834,2834,CNN_542Q2_E_26141_2,110.0,False,True
2835,2835,CNN_0503201501170049161150_E_128,110.0,False,False
2836,2836,CNN_0504191310140157127890_E_553,110.0,True,False
2837,2837,CNN_1212040832310082146207_E_331,110.0,False,True
2838,2838,CNN_640_E_3354_2,110.0,False,True
2839,2839,CNN_51502.18 D5/1 rot_E_15560_1,110.0,False,False
2840,2840,CNN_630F2_E_3309_2,110.0,False,True
2841,2841,CNN_0504220831140054149040_E_23_,110.0,False,False
2842,2842,CNN_0504122020580210309550_E_147,110.0,True,False
2843,2843,CNN_1005090922020555333318_E_103,110.0,False,False
2844,2844,CNN_114B_J_17275_60,20.0,True,False
2845,2845,CNN_625_J_30033_80,20.0,False,True
2846,2846,CNN_712_E_18556_46,110.0,True,True
2847,2847,CNN_F102NS_E_5501_5,110.0,False,False
2848,2848,CNN_545G_J_12523_3,20.0,False,False
2849,2849,CNN_613U_E_5509_9,110.0,False,False
2850,2850,CNN_62101.180/10 W6A blau_E_2646,110.0,False,False
2851,2851,CNN_279A_E_15559_7,110.0,False,False
2852,2852,CNN_0505101220410535470048_E_332,110.0,False,False
2853,2853,CNN_264S_E_19634_1,110.0,False,False
2854,2854,CNN_4543.38 K11 blau_E_31057_2,110.0,False,True
2855,2855,CNN_625_D_18527_2,220.0,True,True
2856,2856,CNN_0504171015500118128096_E_275,110.0,False,False
2857,2857,CNN_428_J_8236_64,20.0,False,True
2858,2858,CNN_113F_J_21811_17,20.0,False,True
2859,2859,CNN_113F_E_21808_23,110.0,True,True
2860,2860,CNN_640_E_3354_6,110.0,False,False
2861,2861,CNN_713_E_10374_6,110.0,True,False
2862,2862,CNN_41M_E_20328_3,110.0,True,True
2863,2863,CNN_0504171610540257452641_E_284,110.0,False,False
2864,2864,CNN_F8R_C_18521_22,380.0,False,True
2865,2865,CNN_1311302224290037197069_E_103,110.0,False,False
2866,2866,CNN_648E_J_31205_13,10.0,True,True
2867,2867,CNN_0505101157210520809838_E_332,110.0,False,False
2868,2868,CNN_630F2_E_3309_29,110.0,True,True
2869,2869,CNN_0504200739130175420544_E_553,110.0,False,False
2870,2870,CNN_359A_E_26123_2,110.0,False,True
2871,2871,CNN_0505101418510076338704_E_284,110.0,False,False
2872,2872,CNN_0504131036470929360108_E_203,110.0,False,False
2873,2873,CNN_649A_E_19364_7,110.0,False,True
2874,2874,CNN_0504131447000048732877_E_290,110.0,False,False
2875,2875,CNN_62001.37a J6 rot_E_22_2,110.0,False,True
2876,2876,CNN_11501.86 V6 grün_E_470_3,110.0,False,False
2877,2877,CNN_1005090949270193630596_E_185,110.0,False,True
2878,2878,CNN_179U_E_9171_8,110.0,False,False
2879,2879,CNN_732U_E_28467_1,110.0,False,False
2880,2880,CNN_732_E_28451_14,110.0,False,True
2881,2881,CNN_0710281702020439408440_E_553,110.0,False,False
2882,2882,CNN_385B_E_19_27,110.0,False,True
2883,2883,CNN_192_E_16_10,110.0,False,True
2884,2884,CNN_1206172312540003473148_E_163,110.0,False,False
2885,2885,CNN_122U_H_19831_1,30.0,False,False
2886,2886,CNN_171D_E_22260_4,110.0,False,False
2887,2887,CNN_0503201540000289486407_E_917,110.0,False,False
2888,2888,CNN_0504191310140157127890_E_553,110.0,True,True
2889,2889,CNN_57R_E_11929_7,110.0,True,False
2890,2890,CNN_0503251528580490584450_E_103,110.0,False,False
2891,2891,CNN_2U_J_6794_1,10.0,False,False
2892,2892,CNN_0505071040210142721838_E_222,110.0,False,True
2893,2893,CNN_62001.63a J6 rot_E_21_3,110.0,False,False
2894,2894,CNN_198S_J_133_24,20.0,False,True
2895,2895,CNN_625_E_1053_29,110.0,False,True
2896,2896,CNN_0504140857120169891001_E_284,110.0,False,False
2897,2897,CNN_649A_E_19364_8,110.0,False,True
2898,2898,CNN_692_E_9672_11,110.0,False,True
2899,2899,CNN_413U1_E_12882_7,110.0,False,False
2900,2900,CNN_701_J_2754_30,20.0,False,True
2901,2901,CNN_590B_E_5518_1,110.0,False,False
2902,2902,CNN_0505061730040011689857_E_193,110.0,False,False
2903,2903,CNN_589U1_E_5495_22,110.0,False,True
2904,2904,CNN_173A_E_24_66,110.0,False,True
2905,2905,CNN_0503201747290148948732_E_918,110.0,False,True
2906,2906,CNN_0505100928370177749468_E_334,110.0,False,True
2907,2907,CNN_182_E_1060_3,110.0,False,True
2908,2908,CNN_1608211442080023658648_E_136,110.0,False,False
2909,2909,CNN_58001.311 B5 violett_E_20334,110.0,False,True
2910,2910,CNN_171D_E_22260_5,110.0,True,False
2911,2911,CNN_385B_E_19_17,110.0,False,True
2912,2912,CNN_413U1_E_12882_11,110.0,False,True
2913,2913,CNN_1603051658150093599388_E_18_,110.0,False,True
2914,2914,CNN_179U_E_9171_36,110.0,False,True
2915,2915,CNN_1212040832300764619426_E_330,110.0,False,False
2916,2916,CNN_309G_E_19746_12,110.0,False,True
2917,2917,CNN_182Z_E_8_13,110.0,False,False
2918,2918,CNN_1011072053110363558000_E_276,110.0,False,True
2919,2919,CNN_733_E_9178_3,110.0,False,True
2920,2920,CNN_413U1_E_12882_8,110.0,False,False
2921,2921,CNN_625_E_1053_43,110.0,False,True
2922,2922,CNN_68002.38 E6 blau_E_14_2,110.0,False,True
2923,2923,CNN_12211.180 W6 blau_E_26462_1,110.0,False,False
2924,2924,CNN_173A_E_24_24,110.0,False,False
2925,2925,CNN_589U1_E_5495_1,110.0,False,False
2926,2926,CNN_0505101434120077962788_E_284,110.0,False,False
2927,2927,CNN_173A_J_20930_8,20.0,False,False
2928,2928,CNN_0505101439400160720585_E_284,110.0,False,True
2929,2929,CNN_48U_E_5535_3,110.0,True,True
2930,2930,CNN_542U1_E_26147_1,110.0,False,False
2931,2931,CNN_69001.224 R6/2 grün_E_26126_,110.0,False,False
2932,2932,CNN_459B_E_3358_3,110.0,False,True
2933,2933,CNN_0503251625340055811316_E_103,110.0,False,False
2934,2934,CNN_265_E_11933_28,110.0,False,True
2935,2935,CNN_4543.126 Füssen West g_D_198,220.0,False,True
2936,2936,CNN_249K_J_29023_1,6.0,False,False
2937,2937,CNN_423E_J_22251_124,20.0,False,True
2938,2938,CNN_0602241915490229117710_E_103,110.0,False,False
2939,2939,CNN_4543.95 Füssen West ge_D_198,220.0,False,False
2940,2940,CNN_114B_E_12889_1,110.0,False,False
2941,2941,CNN_0504171705280313826566_C_198,380.0,True,True
2942,2942,CNN_389A_J_2770_85,20.0,False,True
2943,2943,CNN_340M_J_13434_40,20.0,True,True
2944,2944,CNN_692_E_9672_7,110.0,False,False
2945,2945,CNN_18O_E_5498_10,110.0,False,True
2946,2946,CNN_542U1_E_26147_6,110.0,False,False
2947,2947,CNN_0710281706470046685742_E_553,110.0,False,True
2948,2948,CNN_52001.55/14 K5 schwarz_E_171,110.0,False,True
2949,2949,CNN_605U1_E_20813_3,110.0,False,True
2950,2950,CNN_113F_E_21808_1,110.0,False,False
2951,2951,CNN_179M_E_9174_5,110.0,False,False
2952,2952,CNN_181B_J_26391_24,20.0,False,True
2953,2953,CNN_640P5_E_3346_3,110.0,False,False
2954,2954,CNN_173A_E_24_12,110.0,False,False
2955,2955,CNN_19U_E_5494_2,110.0,True,True
2956,2956,CNN_1502222036410312308607_E_335,110.0,False,True
2957,2957,CNN_0505101157210520809838_E_332,110.0,False,True
2958,2958,CNN_11351.122 O11 rot_E_31201_3,110.0,False,False
2959,2959,CNN_0505100928370003614135_E_334,110.0,False,True
2960,2960,CNN_0504141007510007705555_E_137,110.0,False,True
2961,2961,CNN_1604081543180190494184_E_198,110.0,False,True
2962,2962,CNN_268O_J_26139_5,6.0,False,True
2963,2963,CNN_423E_J_22251_159,20.0,False,True
2964,2964,CNN_69001.224 R6/2 grün_E_26126_,110.0,False,False
2965,2965,CNN_589U1_E_5495_2,110.0,True,True
2966,2966,CNN_0504161349110020199746_E_147,110.0,True,False
2967,2967,CNN_64001.39n U6/1 schwarz_E_293,110.0,False,False
2968,2968,CNN_0504161349110124162605_E_147,110.0,True,False
2969,2969,CNN_1005091138310018428271_E_103,110.0,False,True
2970,2970,CNN_625_E_1053_24,110.0,False,True
2971,2971,CNN_413U1_E_12882_5,110.0,False,False
2972,2972,CNN_0504061949450079693838_E_103,110.0,False,False
2973,2973,CNN_734_E_18551_24,110.0,False,True
2974,2974,CNN_648E_J_31205_11,10.0,True,True
2975,2975,CNN_589U1_J_5434_87,20.0,True,True
2976,2976,CNN_692_E_9672_4,110.0,False,False
2977,2977,CNN_1011072033470690145302_E_276,110.0,False,False
2978,2978,CNN_0505061730040006804603_E_193,110.0,False,False
2979,2979,CNN_630Z3_J_29041_5,6.0,False,True
2980,2980,CNN_265_E_11933_13,110.0,False,True
2981,2981,CNN_69001.149 R6/1 rot_E_26144_1,110.0,False,False
2982,2982,CNN_2U_E_5491_3,110.0,False,True
2983,2983,CNN_253H_E_26118_6,110.0,False,False
2984,2984,CNN_1005091124510125779803_E_105,110.0,False,False
2985,2985,CNN_589U1_E_5495_32,110.0,False,True
2986,2986,CNN_730_E_2750_3,110.0,False,True
2987,2987,CNN_0504061519130261759535_E_103,110.0,False,False
2988,2988,CNN_290F_J_12764_13,20.0,True,False
2989,2989,CNN_613U_E_5509_14,110.0,False,False
2990,2990,CNN_121K_E_20325_3,110.0,True,True
2991,2991,CNN_613A_E_5503_14,110.0,False,True
2992,2992,CNN_640P5_J_3347_7,6.0,False,True
2993,2993,CNN_182Z_E_8_29,110.0,False,True
2994,2994,CNN_423E_J_22251_155,20.0,True,True
2995,2995,CNN_630C2_E_29031_20,110.0,False,True
2996,2996,CNN_57R_E_11929_8,110.0,False,False
2997,2997,CNN_0504251009110459929712_E_185,110.0,True,False
2998,2998,CNN_268N_J_26135_4,6.0,False,True
2999,2999,CNN_613A_E_5503_38,110.0,False,True
3000,3000,CNN_0504171756000110092978_E_284,110.0,False,False
3001,3001,CNN_122U_J_12951_5,20.0,True,False
3002,3002,CNN_179U_E_9171_2,110.0,True,True
3003,3003,CNN_630F2_E_3309_35,110.0,False,True
3004,3004,CNN_253H_E_26118_4,110.0,False,False
3005,3005,CNN_1001171505080274173885_E_918,110.0,False,False
3006,3006,CNN_0505061730040006804603_E_193,110.0,False,False
3007,3007,CNN_301N_E_3333_15,110.0,False,True
3008,3008,CNN_630C2_J_29032_9,10.0,True,True
3009,3009,CNN_1604081543180190494184_E_198,110.0,False,False
3010,3010,CNN_402D_E_16302_8,110.0,False,True
3011,3011,CNN_69C_E_21248_18,110.0,False,True
3012,3012,CNN_11601.11 W11 weiss_E_9_1,110.0,True,False
3013,3013,CNN_713_E_10374_13,110.0,True,True
3014,3014,CNN_173A_C_18538_9,380.0,False,False
3015,3015,CNN_613U_C_18539_11,380.0,False,True
3016,3016,CNN_122U_E_5493_29,110.0,False,True
3017,3017,CNN_0505101434120077962788_E_284,110.0,False,False
3018,3018,CNN_1010092240070096140408_E_331,110.0,False,True
3019,3019,CNN_625_E_1053_38,110.0,False,True
3020,3020,CNN_301N_E_3333_9,110.0,False,True
3021,3021,CNN_854_E_466_10,110.0,False,True
3022,3022,CNN_692_E_9672_12,110.0,False,True
3023,3023,CNN_173A_C_18538_8,380.0,False,False
3024,3024,CNN_724D_J_3325_2,6.0,True,True
3025,3025,CNN_F11R_C_18528_1,380.0,False,False
3026,3026,CNN_613A_E_5503_19,110.0,True,True
3027,3027,CNN_122U_J_12951_12,20.0,False,False
3028,3028,CNN_0504191336400111064120_E_218,110.0,False,False
3029,3029,CNN_730_J_2749_51,20.0,False,True
3030,3030,CNN_589U1_E_5495_39,110.0,False,True
3031,3031,CNN_640_J_3613_10,20.0,False,False
3032,3032,CNN_589U1_J_22079_132,10.0,True,True
3033,3033,CNN_0505101149170186825424_E_333,110.0,False,False
3034,3034,CNN_265_E_11933_10,110.0,False,False
3035,3035,CNN_0505101157210628754896_E_333,110.0,False,False
3036,3036,CNN_0504141054130037632449_E_331,110.0,False,False
3037,3037,CNN_290F_E_16312_6,110.0,False,False
3038,3038,CNN_0504190848360328552293_E_549,110.0,False,True
3039,3039,CNN_613U_C_18539_5,380.0,False,False
3040,3040,CNN_1001171505090738472196_E_917,110.0,False,True
3041,3041,CNN_122S_E_22080_2,110.0,False,True
3042,3042,CNN_0505100928370003614135_E_334,110.0,False,False
3043,3043,CNN_F9R_C_18522_39,380.0,False,True
3044,3044,CNN_732_E_28451_22,110.0,False,True
3045,3045,CNN_685A_E_10357_13,110.0,False,True
3046,3046,CNN_0505081724190551597592_C_185,380.0,False,True
3047,3047,CNN_1206172255270041625058_E_163,110.0,False,True
3048,3048,CNN_697S_E_2764_24,110.0,False,True
3049,3049,CNN_F5S_E_5502_8,110.0,False,True
3050,3050,CNN_0505071241190465481030_E_467,110.0,False,True
3051,3051,CNN_192_E_16_9,110.0,False,True
3052,3052,CNN_385B_E_19_16,110.0,False,True
3053,3053,CNN_229H2_E_10_7,110.0,False,False
3054,3054,CNN_0505101439400160720585_E_284,110.0,False,False
3055,3055,CNN_171D_J_4542_79,20.0,True,True
3056,3056,CNN_712_E_18556_5,110.0,True,True
3057,3057,CNN_630C2_J_29032_23,10.0,True,True
3058,3058,CNN_1111042223130364097958_E_284,110.0,False,True
3059,3059,CNN_179U_E_9171_3,110.0,False,True
3060,3060,CNN_701_J_2754_1,20.0,True,False
3061,3061,CNN_0505081005400178469424_E_296,110.0,False,False
3062,3062,CNN_0504161349110124162605_E_147,110.0,True,False
3063,3063,CNN_442A_E_12892_10,110.0,False,True
3064,3064,CNN_4543.99 Füssen West ge_D_198,220.0,False,False
3065,3065,CNN_173A_C_18538_7,380.0,True,True
3066,3066,CNN_649_E_19367_1,110.0,False,False
3067,3067,CNN_1311302212320000072323_E_334,110.0,False,True
3068,3068,CNN_712_E_18556_23,110.0,True,True
3069,3069,CNN_0505071040210142721838_E_222,110.0,False,False
3070,3070,CNN_589U1_J_5434_13,20.0,True,False
3071,3071,CNN_529N_J_29_41,20.0,True,True
3072,3072,CNN_649_E_19367_2,110.0,False,False
3073,3073,CNN_122U_E_5493_67,110.0,True,True
3074,3074,CNN_1010092240070096140408_E_331,110.0,False,False
3075,3075,CNN_F9R_C_18522_36,380.0,False,True
3076,3076,CNN_0505101418510076338704_E_284,110.0,False,True
3077,3077,CNN_192_E_16_6,110.0,False,False
3078,3078,CNN_589U1_J_5434_86,20.0,True,True
3079,3079,CNN_1512291016090107491128_E_197,110.0,False,False
3080,3080,CNN_F102NS_E_5501_15,110.0,False,True
3081,3081,CNN_0505101235080138742800_E_331,110.0,False,False
3082,3082,CNN_1206172255270041625058_E_163,110.0,False,False
3083,3083,CNN_288K_E_13_13,110.0,False,True
3084,3084,CNN_625_E_1053_33,110.0,False,True
3085,3085,CNN_F301N_J_29024_3,6.0,False,True
3086,3086,CNN_F9R_C_18522_4,380.0,False,False
3087,3087,CNN_245B_J_26150_1,6.0,False,False
3088,3088,CNN_F11R_D_19820_1,220.0,False,False
3089,3089,CNN_229H2_E_10_4,110.0,False,False
3090,3090,CNN_1011072033470024663500_E_276,110.0,False,False
3091,3091,CNN_1304170736280037317024_E_163,110.0,False,False
3092,3092,CNN_52001.55/14 K5 violett_E_171,110.0,False,True
3093,3093,CNN_713_E_10374_11,110.0,True,True
3094,3094,CNN_F12R_C_18529_2,380.0,True,True
3095,3095,CNN_402D_E_16302_1,110.0,True,False
3096,3096,CNN_179U_C_18518_1,380.0,False,False
3097,3097,CNN_1005090922020112974120_E_103,110.0,False,False
3098,3098,CNN_F12R_C_18529_3,380.0,True,True
3099,3099,CNN_835_J_28478_5,6.0,True,True
3100,3100,CNN_1U_J_5646_7,20.0,False,False
3101,3101,CNN_692_E_9672_1,110.0,False,False
3102,3102,CNN_61501.37N X6/1 grün_E_5521_1,110.0,False,False
3103,3103,CNN_41M_E_20328_1,110.0,False,False
3104,3104,CNN_F9R_C_18522_30,380.0,False,True
3105,3105,CNN_719_J_10788_25,20.0,False,False
3106,3106,CNN_685A_E_10357_3,110.0,True,True
3107,3107,CNN_589U1_E_5495_14,110.0,False,False
3108,3108,CNN_407H_E_11936_8,110.0,False,True
3109,3109,CNN_648E_J_31205_15,10.0,True,True
3110,3110,CNN_171D_E_22260_1,110.0,False,False
3111,3111,CNN_69001.149 R6/1 rot_E_26144_2,110.0,False,True
3112,3112,CNN_542Q2_J_26142_8,6.0,False,True
3113,3113,CNN_253H_E_26118_12,110.0,False,True
3114,3114,CNN_18O_E_5498_9,110.0,False,True
3115,3115,CNN_11351.32 E6 gelb_E_11_2,110.0,False,True
3116,3116,CNN_1311302224290284479216_E_103,110.0,False,False
3117,3117,CNN_685B_E_10359_5,110.0,False,False
3118,3118,CNN_28C_E_14727_7,110.0,False,False
3119,3119,CNN_490N_E_3339_3,110.0,False,False
3120,3120,CNN_121K_E_20325_2,110.0,False,True
3121,3121,CNN_428_E_27_17,110.0,True,True
3122,3122,CNN_1212040832310082146207_E_331,110.0,False,False
3123,3123,CNN_625_E_1053_32,110.0,True,True
3124,3124,CNN_301N_E_3333_2,110.0,True,True
3125,3125,CNN_168F_E_29689_1,110.0,False,False
3126,3126,CNN_697Y_E_3317_1,110.0,False,False
3127,3127,CNN_630F2_J_27917_66,20.0,False,True
3128,3128,CNN_0505101418510118996616_E_284,110.0,False,False
3129,3129,CNN_0503251810190523488210_E_103,110.0,False,True
3130,3130,CNN_F8R_C_18521_36,380.0,False,True
3131,3131,CNN_69C_J_21253_15,10.0,True,True
3132,3132,CNN_F10R_H_18517_4,30.0,False,True
3133,3133,CNN_0503201747290148948732_E_918,110.0,False,False
3134,3134,CNN_0710281702020080748504_E_217,110.0,False,True
3135,3135,CNN_113F_J_21810_1,3.0,False,False
3136,3136,CNN_69C_E_21248_12,110.0,False,True
3137,3137,CNN_309G_E_19746_10,110.0,False,True
3138,3138,CNN_4521.100B Günzburg Nor_C_198,380.0,False,False
3139,3139,CNN_51001.91a W5/2 blau_E_14726_,110.0,True,False
3140,3140,CNN_69001.224 R6/2 grün_E_26126_,110.0,False,False
3141,3141,CNN_AMP1_C_19828_16,380.0,False,True
3142,3142,CNN_57R_E_11929_18,110.0,False,True
3143,3143,CNN_36W_E_11931_9,110.0,False,True
3144,3144,CNN_0503201117560794056263_E_128,110.0,False,False
3145,3145,CNN_854_E_466_9,110.0,False,True
3146,3146,CNN_0505101418510118996616_E_284,110.0,False,True
3147,3147,CNN_0504191336400103746819_E_553,110.0,False,False
3148,3148,CNN_391L_J_18562_1,20.0,False,False
3149,3149,CNN_1011072053110343234749_E_197,110.0,False,False
3150,3150,CNN_60007.66/1 C6/1A grün_E_6036,110.0,False,False
3151,3151,CNN_0710281706470046685742_E_553,110.0,False,False
3152,3152,CNN_1010092240070143668020_C_185,380.0,False,False
3153,3153,CNN_385B_J_22400_77,20.0,False,True
3154,3154,CNN_629_E_19741_3,110.0,False,True
3155,3155,CNN_UW-Westtirol_D_19819_12,220.0,False,True
3156,3156,CNN_179M_E_9174_9,110.0,False,True
3157,3157,CNN_0505061747130832384038_E_193,110.0,False,False
3158,3158,CNN_118_E_22257_14,110.0,False,True
3159,3159,CNN_640P5_J_3347_4,6.0,False,True
3160,3160,CNN_1512291016090149800938_E_197,110.0,False,True
3161,3161,CNN_0503251625340055811316_E_103,110.0,False,False
3162,3162,CNN_182Z_E_8_38,110.0,False,True
3163,3163,CNN_866_E_468_11,110.0,False,True
3164,3164,CNN__E_16305_1,110.0,False,False
3165,3165,CNN_589U1_J_5434_59,20.0,True,True
3166,3166,CNN_712_E_18556_3,110.0,True,True
3167,3167,CNN_168F_E_29689_5,110.0,False,False
3168,3168,CNN_697S_E_2764_13,110.0,False,False
3169,3169,CNN_675B_E_3327_14,110.0,False,True
3170,3170,CNN_182Z_E_8_26,110.0,True,True
3171,3171,CNN_576Q_E_28463_2,110.0,False,True
3172,3172,CNN_729_J_28456_11,6.0,False,True
3173,3173,CNN_389A_E_2769_9,110.0,False,True
3174,3174,CNN_19U_J_6561_8,20.0,False,False
3175,3175,CNN_0505101439400160720585_E_284,110.0,False,False
3176,3176,CNN_687_J_10046_4,20.0,False,False
3177,3177,CNN_AMP1_C_19828_4,380.0,False,False
3178,3178,CNN_459B_E_3358_10,110.0,False,True
3179,3179,CNN_229H2_E_10_8,110.0,False,False
3180,3180,CNN_625W_J_10380_1,20.0,False,False
3181,3181,CNN_253H_E_26118_7,110.0,False,True
3182,3182,CNN_866_J_471_65,20.0,True,True
3183,3183,CNN_0504171603490945171379_E_218,110.0,False,True
3184,3184,CNN_428_E_27_24,110.0,False,True
3185,3185,CNN_53001.201 Q5/2 violett_E_917,110.0,False,False
3186,3186,CNN_0710281706470046685742_E_553,110.0,False,False
3187,3187,CNN_734_E_18551_1,110.0,False,False
3188,3188,CNN_589U1_J_22079_22,10.0,False,True
3189,3189,CNN_11351.120 O11 rot_E_31202_1,110.0,False,False
3190,3190,CNN_590B_E_5518_16,110.0,True,True
3191,3191,CNN_0503201816360134985686_E_107,110.0,False,False
3192,3192,CNN_249K_E_3342_11,110.0,False,True
3193,3193,CNN_719_E_10789_8,110.0,False,True
3194,3194,CNN_68002.38 E6 gelb_E_12_3,110.0,False,False
3195,3195,CNN_648E_J_31205_14,10.0,True,True
3196,3196,CNN_815_J_9669_11,20.0,False,False
3197,3197,CNN_173A_E_24_62,110.0,False,True
3198,3198,CNN_613U_H_18543_3,30.0,False,False
3199,3199,CNN_645_J_1_21,3.0,True,True
3200,3200,CNN_649A_E_19364_9,110.0,False,True
3201,3201,CNN_732M_J_28474_3,6.0,False,True
3202,3202,CNN_113F_E_21808_19,110.0,False,True
3203,3203,CNN_729_E_28454_15,110.0,True,True
3204,3204,CNN_687_E_10353_5,110.0,False,False
3205,3205,CNN_1107311832040326233859_E_203,110.0,False,False
3206,3206,CNN_712_E_18556_11,110.0,True,False
3207,3207,CNN_62001.63b Z6 blau_E_22255_1,110.0,False,False
3208,3208,CNN_229H2_E_10_2,110.0,False,True
3209,3209,CNN_385B_E_19_22,110.0,False,True
3210,3210,CNN_69001.148a R6/2 schwar_E_261,110.0,False,False
3211,3211,CNN_0504131036470008318838_E_203,110.0,False,False
3212,3212,CNN_590B_E_5518_18,110.0,False,True
3213,3213,CNN_0505101220410535470048_E_332,110.0,False,True
3214,3214,CNN_249K_E_3342_3,110.0,True,True
3215,3215,CNN_229H2_E_10_5,110.0,False,False
3216,3216,CNN_0503251749520126961920_E_103,110.0,False,True
3217,3217,CNN_0504191336400103746819_E_553,110.0,False,True
3218,3218,CNN_339H_E_3335_2,110.0,False,True
3219,3219,CNN_1311302212320453803984_E_334,110.0,False,False
3220,3220,CNN_173A_E_24_13,110.0,False,False
3221,3221,CNN_854_J_465_12,20.0,False,False
3222,3222,CNN_173A_C_18538_2,380.0,True,True
3223,3223,CNN_486E_J_10395_1,10.0,False,False
3224,3224,CNN_0505101439400987831310_E_284,110.0,False,False
3225,3225,CNN_486E_E_10392_4,110.0,False,False
3226,3226,CNN_675B_E_3327_11,110.0,False,True
3227,3227,CNN_402D_E_16302_11,110.0,False,True
3228,3228,CNN_359A_E_26123_1,110.0,False,False
3229,3229,CNN_122U_E_5493_16,110.0,False,False
3230,3230,CNN_0504232205420067777325_E_290,110.0,False,False
3231,3231,CNN_28C_E_14727_3,110.0,False,True
3232,3232,CNN_640_E_3354_28,110.0,False,True
3233,3233,CNN_719_E_10789_1,110.0,False,False
3234,3234,CNN_173A_J_20930_67,20.0,False,True
3235,3235,CNN_192_E_16_12,110.0,False,True
3236,3236,CNN_679F_J_9430_41,20.0,False,True
3237,3237,CNN_613U_E_5509_20,110.0,False,True
3238,3238,CNN_854_E_466_4,110.0,False,True
3239,3239,CNN_385B_E_19_11,110.0,False,False
3240,3240,CNN_19U_E_5494_5,110.0,True,False
3241,3241,CNN_1206172312540211991248_E_163,110.0,False,False
3242,3242,CNN_0504141007510007705555_E_137,110.0,False,False
3243,3243,CNN_0505071040210142721838_E_222,110.0,False,False
3244,3244,CNN_732_E_28451_11,110.0,False,True
3245,3245,CNN_0504141007500220868408_E_203,110.0,False,False
3246,3246,CNN_265_E_11933_2,110.0,True,True
3247,3247,CNN_F10R_C_18519_13,380.0,False,True
3248,3248,CNN_645_E_19359_1,110.0,False,False
3249,3249,CNN_48U_E_5535_5,110.0,False,False
3250,3250,CNN_62101.180/14 W6A blau_E_2646,110.0,False,False
3251,3251,CNN_649_J_19368_1,3.0,False,False
3252,3252,CNN_428_E_27_30,110.0,True,True
3253,3253,CNN_0504220936230245529270_E_222,110.0,False,False
3254,3254,CNN_179U_E_9171_4,110.0,True,True
3255,3255,CNN_2Z_E_5490_14,110.0,False,True
3256,3256,CNN_630C2_E_29031_7,110.0,False,False
3257,3257,CNN_69C_E_21248_9,110.0,False,True
3258,3258,CNN_588X_E_5523_12,110.0,False,True
3259,3259,CNN_697S_E_2764_1,110.0,False,False
3260,3260,CNN_11351.120 O11 rot_E_31202_3,110.0,False,False
3261,3261,CNN_2Z_J_5489_9,20.0,True,False
3262,3262,CNN_1511090741450564142458_E_119,110.0,False,True
3263,3263,CNN_1102021624450168466800_E_197,110.0,False,False
3264,3264,CNN_0503251749520137940660_E_103,110.0,False,False
3265,3265,CNN_613A_E_5503_32,110.0,False,True
3266,3266,CNN_173A_E_24_46,110.0,False,True
3267,3267,CNN_1611022022200074761280_E_276,110.0,False,True
3268,3268,CNN_423E_J_22251_16,20.0,False,False
3269,3269,CNN_389A_E_2769_3,110.0,False,True
3270,3270,CNN_734_E_18551_2,110.0,False,True
3271,3271,CNN_309G_E_19746_6,110.0,False,False
3272,3272,CNN_11611.59 A11 grün_E_19629_4,110.0,False,False
3273,3273,CNN_69001.148a R6/1 blau_E_26145,110.0,False,False
3274,3274,CNN_730_J_2749_5,20.0,False,False
3275,3275,CNN_402D_E_16302_6,110.0,False,False
3276,3276,CNN_265_E_11933_3,110.0,False,True
3277,3277,CNN_719_E_10789_5,110.0,False,False
3278,3278,CNN_0503201501170403476150_E_128,110.0,False,False
3279,3279,CNN_395A_J_7784_9,20.0,False,False
3280,3280,CNN_407H_E_11936_12,110.0,False,True
3281,3281,CNN_589U1_E_5495_28,110.0,False,True
3282,3282,CNN_AMP1_C_19828_6,380.0,True,True
3283,3283,CNN_182_E_1060_11,110.0,False,True
3284,3284,CNN_407H_E_11936_11,110.0,False,True
3285,3285,CNN_181B_E_26459_1,110.0,False,False
3286,3286,CNN_0504171444070270685989_E_218,110.0,False,False
3287,3287,CNN_229H2_C_18530_1,380.0,False,False
3288,3288,CNN_0612220900190071857200_E_552,110.0,False,False
3289,3289,CNN_19U_E_5494_1,110.0,False,False
3290,3290,CNN_122U_E_5493_12,110.0,False,False
3291,3291,CNN_630A4_J_3321_4,6.0,False,True
3292,3292,CNN_625_E_1053_48,110.0,True,True
3293,3293,CNN_1311302224290284479216_E_103,110.0,False,False
3294,3294,CNN_589U1_E_5495_19,110.0,False,True
3295,3295,CNN_625_E_1053_53,110.0,False,True
3296,3296,CNN_733_J_9179_1,20.0,True,False
3297,3297,CNN_182Z_E_8_23,110.0,False,True
3298,3298,CNN_734_E_18551_13,110.0,False,False
3299,3299,CNN_11611.87a R11 schwarz_E_1963,110.0,False,False
3300,3300,CNN_589U1_J_22079_133,10.0,False,True
3301,3301,CNN_0505100757150490989140_E_261,110.0,False,False
3302,3302,CNN_113F_E_21808_4,110.0,False,False
3303,3303,CNN_854_E_466_2,110.0,False,True
3304,3304,CNN_613A_E_5503_36,110.0,True,True
3305,3305,CNN_62101.180/14 W6B blau_E_2646,110.0,False,True
3306,3306,CNN_854_E_466_6,110.0,False,False
3307,3307,CNN_389A_J_2770_16,20.0,False,True
3308,3308,CNN_249K_J_29023_6,6.0,False,True
3309,3309,CNN_A328S_E_31062_4,110.0,True,True
3310,3310,CNN_697Y_E_3317_2,110.0,False,False
3311,3311,CNN_0505091525540154314616_E_261,110.0,False,False
3312,3312,CNN_589U1_E_5495_37,110.0,False,True
3313,3313,CNN_613U_E_5509_16,110.0,False,False
3314,3314,CNN_428_E_27_16,110.0,False,True
3315,3315,CNN_F8R_H_19832_1,30.0,False,False
3316,3316,CNN_69001.148a R6/1 blau_E_26145,110.0,False,False
3317,3317,CNN_630A4_E_3320_3,110.0,False,False
3318,3318,CNN_288K_E_13_12,110.0,False,True
3319,3319,CNN_712_E_18556_30,110.0,False,True
3320,3320,CNN_113F_J_21809_11,20.0,False,True
3321,3321,CNN_542U1_J_4277_10,20.0,True,False
3322,3322,CNN_51001.233a B5 violett_E_2033,110.0,False,True
3323,3323,CNN_0505101157210520809838_E_332,110.0,False,False
3324,3324,CNN_18O_E_5498_1,110.0,False,False
3325,3325,CNN_F10R_C_18519_26,380.0,True,True
3326,3326,CNN_301N_E_3333_10,110.0,False,True
3327,3327,CNN_815_E_9670_1,110.0,False,False
3328,3328,CNN_11611.32 A11 grün_E_19628_4,110.0,False,False
3329,3329,CNN_0504131543580063715813_E_290,110.0,False,False
3330,3330,CNN_F613S_E_21798_7,110.0,False,False
3331,3331,CNN_675B_J_3816_7,20.0,True,False
3332,3332,CNN_0503191711250122255485_E_128,110.0,False,False
3333,3333,CNN_428_E_27_31,110.0,False,True
3334,3334,CNN_685_J_10385_14,10.0,False,True
3335,3335,CNN_490N_E_3339_2,110.0,False,True
3336,3336,CNN_0505100757150490989140_E_261,110.0,False,False
3337,3337,CNN_18O_J_5232_43,20.0,True,True
3338,3338,CNN_402D_E_16302_4,110.0,False,True
3339,3339,CNN_309G_E_19746_9,110.0,False,True
3340,3340,CNN_122U_E_5493_24,110.0,False,True
3341,3341,CNN_52001.55/14 K5 schwarz_E_171,110.0,False,False
3342,3342,CNN_529N_E_28_7,110.0,False,False
3343,3343,CNN_173A_E_24_19,110.0,False,False
3344,3344,CNN_359A_J_26124_5,6.0,False,True
3345,3345,CNN_F301N_J_29024_5,6.0,False,True
3346,3346,CNN_613U_H_18541_1,30.0,False,False
3347,3347,CNN_648E_J_31205_17,10.0,True,True
3348,3348,CNN_645_J_1_24,3.0,True,True
3349,3349,CNN_182Z_E_8_12,110.0,False,False
3350,3350,CNN_385B_J_22400_76,20.0,False,True
3351,3351,CNN_0504131543590176245800_E_290,110.0,False,False
3352,3352,CNN_113F_E_21808_34,110.0,False,True
3353,3353,CNN_F9R_C_18522_26,380.0,False,True
3354,3354,CNN_279A_E_15559_2,110.0,False,True
3355,3355,CNN_0504171610540978597964_E_284,110.0,True,False
3356,3356,CNN_0504171603490945171379_E_218,110.0,False,False
3357,3357,CNN_542Q2_E_26141_1,110.0,False,False
3358,3358,CNN_640P5_E_3346_1,110.0,False,False
3359,3359,CNN_F8R_C_18521_25,380.0,False,True
3360,3360,CNN_395A_E_20331_7,110.0,False,False
3361,3361,CNN_182_J_1062_1,20.0,False,False
3362,3362,CNN_51001.91b W5/2 schwarz_E_147,110.0,False,False
3363,3363,CNN_0504140857120169891001_E_284,110.0,False,False
3364,3364,CNN_0505101220410228924756_E_332,110.0,False,True
3365,3365,CNN_1001171505090738472196_E_917,110.0,False,False
3366,3366,CNN_625W_J_10380_16,20.0,True,True
3367,3367,CNN_613U_C_18539_18,380.0,False,True
3368,3368,CNN_729_E_28454_2,110.0,True,True
3369,3369,CNN_391L_J_31208_10,10.0,True,True
3370,3370,CNN_589U1_J_5434_69,20.0,False,True
3371,3371,CNN_173A_E_24_65,110.0,False,True
3372,3372,CNN_113F_J_21811_4,20.0,False,False
3373,3373,CNN_0505100928370003614135_E_334,110.0,False,False
3374,3374,CNN_253Q_J_26130_2,6.0,False,True
3375,3375,CNN_413U1_E_12882_2,110.0,True,True
3376,3376,CNN_179U_E_9171_29,110.0,False,True
3377,3377,CNN_173A_H_18546_2,30.0,False,True
3378,3378,CNN_2Z_J_5489_4,20.0,True,False
3379,3379,CNN_687_E_10353_4,110.0,False,True
3380,3380,CNN_0504191336400111064120_E_218,110.0,False,True
3381,3381,CNN_542U1_J_4277_15,20.0,False,False
3382,3382,CNN_F588S_J_5526_6,20.0,False,True
3383,3383,CNN_732_E_28451_3,110.0,False,True
3384,3384,CNN_1005091138310018428271_E_103,110.0,False,False
3385,3385,CNN_413U1_E_12882_17,110.0,False,True
3386,3386,CNN_724D_J_3325_1,6.0,False,False
3387,3387,CNN_692_J_9673_53,20.0,True,True
3388,3388,CNN_713_E_10374_16,110.0,True,True
3389,3389,CNN_589W1_J_22078_5,10.0,False,True
3390,3390,CNN_713_J_10383_6,10.0,True,True
3391,3391,CNN_423E_J_22251_134,20.0,False,True
3392,3392,CNN_264S_E_19627_2,110.0,False,False
3393,3393,CNN_144G_E_138_10,110.0,False,True
3394,3394,CNN_69001.148a R6/2 schwar_E_261,110.0,False,False
3395,3395,CNN_529N_E_28_5,110.0,False,True
3396,3396,CNN_685B_E_10359_10,110.0,False,True
3397,3397,CNN_205B_E_1057_4,110.0,False,False
3398,3398,CNN_0504140855350301737020_E_330,110.0,False,True
3399,3399,CNN_734_E_18551_42,110.0,False,True
3400,3400,CNN_0505041412110502717050_E_185,110.0,False,True
3401,3401,CNN_625_E_1053_52,110.0,True,True
3402,3402,CNN_0602241915490484204740_E_103,110.0,False,False
3403,3403,CNN_1102021624450196099325_E_276,110.0,False,False
3404,3404,CNN_F12R_C_18529_9,380.0,True,True
3405,3405,CNN_A630D6__29039_1,10.0,False,False
3406,3406,CNN_385B_E_19_4,110.0,False,False
3407,3407,CNN_0503201747290148948732_E_918,110.0,False,False
3408,3408,CNN_0503251419100726948768_E_107,110.0,False,False
3409,3409,CNN_625_E_1053_27,110.0,False,True
3410,3410,CNN_625W_J_10380_4,20.0,False,False
3411,3411,CNN_685A_E_10357_12,110.0,False,True
3412,3412,CNN_11351.32 O11 rot_E_31204_3,110.0,False,False
3413,3413,CNN_0504131138390571135374_E_290,110.0,False,False
3414,3414,CNN_0805161413360569997183_E_193,110.0,False,False
3415,3415,CNN_265_E_11933_23,110.0,False,True
3416,3416,CNN_428_E_27_4,110.0,False,True
3417,3417,CNN_173A_J_20930_94,20.0,False,True
3418,3418,CNN_179M_E_9174_12,110.0,False,True
3419,3419,CNN_1011072053110219673572_E_276,110.0,False,False
3420,3420,CNN_0504161417290138751327_E_203,110.0,False,True
3421,3421,CNN_F8R_C_18521_14,380.0,False,True
3422,3422,CNN_395A_E_20331_3,110.0,False,True
3423,3423,CNN_625_E_1053_8,110.0,False,False
3424,3424,CNN_122U_C_19830_1,380.0,False,False
3425,3425,CNN_854_E_466_8,110.0,False,True
3426,3426,CNN_0504191336400295779540_E_217,110.0,False,False
3427,3427,CNN_179M_E_9174_6,110.0,False,False
3428,3428,CNN_2U_E_5491_5,110.0,False,True
3429,3429,CNN_173A_E_24_68,110.0,False,True
3430,3430,CNN_0503251810190416964152_E_103,110.0,False,False
3431,3431,CNN_1009081042390193523056_E_103,110.0,False,True
3432,3432,CNN_835_E_28476_2,110.0,False,False
3433,3433,CNN_4543.99 Füssen West ge_D_198,220.0,False,True
3434,3434,CNN_0505100757150490989140_E_261,110.0,False,False
3435,3435,CNN_625W_E_10378_2,110.0,False,True
3436,3436,CNN_679F_J_9430_7,20.0,False,False
3437,3437,CNN_1005090922020112974120_E_103,110.0,False,False
3438,3438,CNN_724D_J_3325_6,6.0,False,True
3439,3439,CNN_815_E_9670_9,110.0,False,True
3440,3440,CNN_122U_E_5493_28,110.0,False,True
3441,3441,CNN_173A_E_24_52,110.0,False,True
3442,3442,CNN_648E_J_31205_16,10.0,True,True
3443,3443,CNN_173A_E_24_2,110.0,False,True
3444,3444,CNN_713_E_10374_2,110.0,True,True
3445,3445,CNN_1010092240070000580548_E_330,110.0,False,True
3446,3446,CNN_335B_J_3352_2,6.0,False,True
3447,3447,CNN_645_E_19359_3,110.0,False,True
3448,3448,CNN_0504191336400151938820_E_551,110.0,False,True
3449,3449,CNN_F10R_C_18519_39,380.0,False,True
3450,3450,CNN_265_E_11933_27,110.0,False,True
3451,3451,CNN_687_E_10353_14,110.0,False,True
3452,3452,CNN_192_E_16_3,110.0,True,True
3453,3453,CNN_253H_E_26118_8,110.0,False,True
3454,3454,CNN_144G_J_140_1,20.0,False,False
3455,3455,CNN_265_E_11933_1,110.0,False,False
3456,3456,CNN_711_E_9183_13,110.0,False,True
3457,3457,CNN_730_E_2750_6,110.0,False,False
3458,3458,CNN_1003031532260049706226_E_128,110.0,False,False
3459,3459,CNN_340M_E_17139_11,110.0,False,True
3460,3460,CNN_UW-Westtirol_D_19819_30,220.0,False,True
3461,3461,CNN_268N_E_26134_1,110.0,False,False
3462,3462,CNN_55U_E_12886_2,110.0,False,True
3463,3463,CNN_428_E_27_5,110.0,True,True
3464,3464,CNN_0503201207150407023552_E_128,110.0,False,True
3465,3465,CNN_413U1_E_12882_15,110.0,False,True
3466,3466,CNN_F9R_C_18522_38,380.0,False,True
3467,3467,CNN_0504171603490009294558_E_218,110.0,False,False
3468,3468,CNN_F9R_C_18522_33,380.0,False,True
3469,3469,CNN_1009081042390193523056_E_103,110.0,False,False
3470,3470,CNN_0504131036470929360108_E_203,110.0,False,False
3471,3471,CNN_11351.80 O11 rot_E_31203_1,110.0,False,False
3472,3472,CNN_69001.235 R6/1 violett_E_261,110.0,False,True
3473,3473,CNN_265_E_11933_22,110.0,True,True
3474,3474,CNN_1206172141070000325006_E_549,110.0,False,True
3475,3475,CNN_711_E_9183_2,110.0,False,True
3476,3476,CNN_402D_E_16302_5,110.0,False,False
3477,3477,CNN_1U_E_5515_12,110.0,False,True
3478,3478,CNN_60001.66 C6/2 gelb_E_5530_1,110.0,False,False
3479,3479,CNN_11651.119 K11 blau_E_31061_1,110.0,False,False
3480,3480,CNN_459B_J_3360_81,20.0,True,True
3481,3481,CNN_0504140855350147343424_E_284,110.0,False,False
3482,3482,CNN_0504171705280313826566_C_198,380.0,True,False
3483,3483,CNN_711_E_9183_3,110.0,False,True
3484,3484,CNN_625W_E_10378_3,110.0,False,True
3485,3485,CNN_0504211825170071506974_E_275,110.0,False,False
3486,3486,CNN_2Z_E_5490_4,110.0,False,False
3487,3487,CNN_0505101439400987831310_E_284,110.0,False,False
3488,3488,CNN_114B_J_17275_8,20.0,True,False
3489,3489,CNN_719_E_10789_9,110.0,False,True
3490,3490,CNN_182_E_1060_4,110.0,False,False
3491,3491,CNN_57001.52 U5 rot_E_10369_2,110.0,False,True
3492,3492,CNN_1102021624450053130714_E_276,110.0,False,False
3493,3493,CNN_122U_E_5493_49,110.0,False,True
3494,3494,CNN_F11R_C_18528_28,380.0,True,True
3495,3495,CNN_613U_C_18539_21,380.0,True,True
3496,3496,CNN_385B_E_19_5,110.0,False,False
3497,3497,CNN_229H2_E_10_20,110.0,True,True
3498,3498,CNN_192_E_16_5,110.0,True,False
3499,3499,CNN_625_E_1053_35,110.0,False,True
3500,3500,CNN_68002.38 E6 gelb_E_12_2,110.0,False,True
3501,3501,CNN_265_E_11933_4,110.0,True,False
3502,3502,CNN_182_J_1062_15,20.0,False,False
3503,3503,CNN_389A_E_2769_11,110.0,True,True
3504,3504,CNN_0504122020580210309550_E_147,110.0,True,False
3505,3505,CNN_1206172141070071942878_E_550,110.0,False,False
3506,3506,CNN_335B_J_3352_1,6.0,False,False
3507,3507,CNN_0804301456220197140293_E_335,110.0,False,True
3508,3508,CNN_613A_E_5503_3,110.0,False,True
3509,3509,CNN_835_J_28477_4,6.0,True,True
3510,3510,CNN_490M_J_3330_4,6.0,False,True
3511,3511,CNN_268N_J_26135_6,6.0,False,True
3512,3512,CNN_711_E_9183_10,110.0,False,True
3513,3513,CNN_0503201540000118537055_E_918,110.0,False,True
3514,3514,CNN_1206172141070071942878_E_550,110.0,False,True
3515,3515,CNN_0505100743570108313440_E_261,110.0,False,False
3516,3516,CNN_F301N_J_29024_4,6.0,False,True
3517,3517,CNN_335B_J_3352_7,6.0,False,True
3518,3518,CNN_697S_C_18536_3,380.0,False,False
3519,3519,CNN_114B_E_12889_3,110.0,False,True
3520,3520,CNN_F9R_C_18522_5,380.0,False,False
3521,3521,CNN_0504201131020049812480_E_550,110.0,False,False
3522,3522,CNN_264S_J_18747_7,20.0,True,False
3523,3523,CNN_AMP1_C_19828_5,380.0,False,True
3524,3524,CNN_245B_J_26150_6,6.0,False,True
3525,3525,CNN_182Z_E_8_10,110.0,False,False
3526,3526,CNN_389A_J_2770_56,20.0,False,True
3527,3527,CNN_0504140855350945908735_E_284,110.0,False,True
3528,3528,CNN_192_E_16_4,110.0,False,False
3529,3529,CNN_179U_E_9171_7,110.0,False,False
3530,3530,CNN_0504131306000269779496_E_203,110.0,False,False
3531,3531,CNN_122U_E_5493_33,110.0,True,True
3532,3532,CNN_0504191310140015280320_E_218,110.0,False,False
3533,3533,CNN_0505061730040011689857_E_193,110.0,False,False
3534,3534,CNN_1102021624450231749824_E_197,110.0,False,False
3535,3535,CNN_229H2_E_10_26,110.0,False,True
3536,3536,CNN_685A_J_10390_14,10.0,False,True
3537,3537,CNN_588X_E_5523_13,110.0,False,True
3538,3538,CNN_66001.48a O6/2 grün_E_19734_,110.0,False,True
3539,3539,CNN_144G_E_138_13,110.0,False,True
3540,3540,CNN_685B_E_10359_12,110.0,False,True
3541,3541,CNN_339H_J_3336_5,6.0,False,True
3542,3542,CNN_385B_E_19_20,110.0,False,True
3543,3543,CNN_712_E_18556_34,110.0,True,True
3544,3544,CNN_249K_E_3342_9,110.0,False,False
3545,3545,CNN_179U_E_9171_1,110.0,False,False
3546,3546,CNN_11501.57 V11 gelb_E_31064_2,110.0,False,True
3547,3547,CNN_1011072053110752099520_E_197,110.0,False,False
3548,3548,CNN_179U_E_9171_26,110.0,False,True
3549,3549,CNN_697S_E_2764_19,110.0,True,True
3550,3550,CNN_0503201405540002266461_E_119,110.0,False,False
3551,3551,CNN_122U_E_5493_51,110.0,False,True
3552,3552,CNN_685_E_10368_6,110.0,False,False
3553,3553,CNN_1U_E_5515_9,110.0,False,True
3554,3554,CNN_309G_J_2475_13,20.0,False,False
3555,3555,CNN_192_J_23928_20,20.0,False,False
3556,3556,CNN_0504131543580063715813_E_290,110.0,False,True
3557,3557,CNN_168F_E_29689_4,110.0,False,False
3558,3558,CNN_173A_E_24_57,110.0,False,True
3559,3559,CNN_51004.82/6a W5/2 gelb_E_1472,110.0,True,True
3560,3560,CNN_309G_E_19746_11,110.0,False,True
3561,3561,CNN_385B_E_19_19,110.0,False,True
3562,3562,CNN_0505091525540154314616_E_261,110.0,False,False
3563,3563,CNN_391L_J_31208_19,10.0,True,True
3564,3564,CNN_11501.119 V11 schwarz_E_26_1,110.0,False,False
3565,3565,CNN_290F_E_16312_9,110.0,False,True
3566,3566,CNN_1107311832040326233859_E_203,110.0,False,True
3567,3567,CNN_41M_E_20328_2,110.0,False,True
3568,3568,CNN_0504140855350945908735_E_284,110.0,False,False
3569,3569,CNN_588_E_5520_9,110.0,False,False
3570,3570,CNN_0504190848360160824960_E_550,110.0,False,False
3571,3571,CNN_0504191310140015280320_E_218,110.0,False,True
3572,3572,CNN_0504061949450079693838_E_103,110.0,False,True
3573,3573,CNN_113F_E_21808_2,110.0,False,True
3574,3574,CNN_AMP1_C_19828_12,380.0,False,True
3575,3575,CNN_0505061617000975065868_E_4_2,110.0,False,True
3576,3576,CNN_625W_J_10382_1,20.0,False,False
3577,3577,CNN_625_E_1053_55,110.0,False,True
3578,3578,CNN_179U_E_9171_31,110.0,False,True
3579,3579,CNN_0504161349110020199746_E_147,110.0,True,True
3580,3580,CNN_732_E_28451_9,110.0,True,True
3581,3581,CNN_0505100854500005431075_E_261,110.0,False,True
3582,3582,CNN_712_E_18556_12,110.0,False,False
3583,3583,CNN_48U_E_5535_10,110.0,True,True
3584,3584,CNN_835_J_28478_4,6.0,True,True
3585,3585,CNN_121K_J_7847_12,20.0,True,False
3586,3586,CNN_385B_E_19_24,110.0,True,True
3587,3587,CNN_711_J_9187_47,20.0,False,True
3588,3588,CNN_423E_E_22253_13,110.0,False,True
3589,3589,CNN_459B_E_3358_2,110.0,True,True
3590,3590,CNN_407H_E_11936_5,110.0,True,False
3591,3591,CNN_697S_E_2764_26,110.0,False,True
3592,3592,CNN_701_J_2754_15,20.0,True,True
3593,3593,CNN_1005090949270193630596_E_185,110.0,False,False
3594,3594,CNN_1102021624450053130714_E_276,110.0,False,False
3595,3595,CNN_625_E_1053_19,110.0,False,False
3596,3596,CNN_12U1_J_6017_11,20.0,False,False
3597,3597,CNN_118_J_4633_15,20.0,True,False
3598,3598,CNN_428_E_27_15,110.0,False,True
3599,3599,CNN_179U_E_9171_11,110.0,False,False
3600,3600,CNN_69001.234 R6/1 violett_E_261,110.0,False,False
3601,3601,CNN_0503251625340236945056_E_103,110.0,False,False
3602,3602,CNN_701_J_2754_31,20.0,True,True
3603,3603,CNN_630C2_E_29031_16,110.0,False,True
3604,3604,CNN_648E_E_1054_5,110.0,False,True
3605,3605,CNN_407H_J_12135_13,20.0,False,False
3606,3606,CNN_630F2_E_3309_24,110.0,False,True
3607,3607,CNN_F11R_C_18528_16,380.0,True,True
3608,3608,CNN_171D_E_22260_2,110.0,True,True
3609,3609,CNN_0505081005400178469424_E_296,110.0,False,False
3610,3610,CNN_428_E_27_1,110.0,False,False
3611,3611,CNN_179U_E_9171_33,110.0,False,True
3612,3612,CNN_55U_J_12897_29,20.0,True,True
3613,3613,CNN_0504201131020049812480_E_550,110.0,False,True
3614,3614,CNN_182Z_E_8_34,110.0,False,True
3615,3615,CNN_11611.32 A11 grün_E_19628_2,110.0,False,True
3616,3616,CNN_11501.118 V11 gelb_E_31066_1,110.0,False,False
3617,3617,CNN_0505101157210628754896_E_333,110.0,False,False
3618,3618,CNN_648E_E_1054_2,110.0,False,True
3619,3619,CNN_173A_J_20930_96,20.0,True,True
3620,3620,CNN_0602241915490229117710_E_103,110.0,False,True
3621,3621,CNN_630A4_J_3321_1,6.0,False,False
3622,3622,CNN_173A_C_18538_15,380.0,False,True
3623,3623,CNN_640_E_3354_8,110.0,False,False
3624,3624,CNN_UW-Westtirol_D_19819_1,220.0,False,False
3625,3625,CNN_173A_E_24_42,110.0,False,True
3626,3626,CNN_179U_E_9171_43,110.0,True,True
3627,3627,CNN_F11R_C_18528_4,380.0,False,False
3628,3628,CNN_69001.149 R6/1 rot_E_26144_3,110.0,False,False
3629,3629,CNN_F8R_C_18521_3,380.0,False,False
3630,3630,CNN_459B_J_3360_82,20.0,False,True
3631,3631,CNN_11611.32 R11 schwarz_E_19635,110.0,False,False
3632,3632,CNN_588_E_5520_21,110.0,True,True
3633,3633,CNN_854_J_465_42,20.0,False,True
3634,3634,CNN_113F_E_21808_22,110.0,False,True
3635,3635,CNN_729_J_28456_52,6.0,False,True
3636,3636,CNN_490M_J_3330_3,6.0,True,True
3637,3637,CNN_F102NS_E_5501_14,110.0,False,True
3638,3638,CNN_11351.80 O11 rot_E_31203_2,110.0,False,True
3639,3639,CNN_F10R_C_18519_5,380.0,True,True
3640,3640,CNN_542U1_E_26147_5,110.0,True,False
3641,3641,CNN_309G_E_19746_8,110.0,False,True
3642,3642,CNN_1003031520210300445722_E_128,110.0,False,False
3643,3643,CNN_625_E_1053_18,110.0,False,False
3644,3644,CNN_113F_E_21808_8,110.0,False,False
3645,3645,CNN_36W_E_11931_10,110.0,False,True
3646,3646,CNN_168F_J_1344_6,20.0,False,False
3647,3647,CNN_F9R_C_18525_1,380.0,False,False
3648,3648,CNN_729_J_28457_6,20.0,False,True
3649,3649,CNN_0505041412110502717050_E_185,110.0,False,True
3650,3650,CNN_0504171444070108579663_E_218,110.0,False,False
3651,3651,CNN_685A_J_10390_6,10.0,False,True
3652,3652,CNN_AMP1_C_19828_17,380.0,False,True
3653,3653,CNN_866_E_468_1,110.0,False,False
3654,3654,CNN_41M_E_20328_11,110.0,False,True
3655,3655,CNN_1U_J_5646_16,20.0,True,False
3656,3656,CNN_182_E_1060_10,110.0,False,True
3657,3657,CNN_11501.57 V11 gelb_E_31064_3,110.0,False,False
3658,3658,CNN_1U_E_5515_1,110.0,False,False
3659,3659,CNN_179U_E_9171_27,110.0,False,True
3660,3660,CNN_57R_E_11929_4,110.0,False,True
3661,3661,CNN_391L_E_18561_2,110.0,False,False
3662,3662,CNN_1608211442080023658648_E_136,110.0,False,True
3663,3663,CNN_69101.128 W6 blau_E_26464_3,110.0,False,False
3664,3664,CNN_719_E_10789_2,110.0,False,True
3665,3665,CNN_0503201816360000496392_E_107,110.0,False,False
3666,3666,CNN_385B_E_19_7,110.0,False,False
3667,3667,CNN_395A_E_20331_11,110.0,False,True
3668,3668,CNN_0505101149170216485031_E_333,110.0,False,False
3669,3669,CNN_249K_J_29023_2,6.0,False,True
3670,3670,CNN_1206172141070000325006_E_549,110.0,False,False
3671,3671,CNN_685B_E_10359_9,110.0,False,True
3672,3672,CNN_413U1_E_12882_18,110.0,False,True
3673,3673,CNN_605U1_E_20813_1,110.0,False,False
3674,3674,CNN_113F_E_21808_9,110.0,False,False
3675,3675,CNN_122U_E_5493_9,110.0,False,False
3676,3676,CNN_0505101433070124904430_E_284,110.0,False,True
3677,3677,CNN_0505100743570108313440_E_261,110.0,False,True
3678,3678,CNN_732U_E_28467_7,110.0,False,True
3679,3679,CNN_1005090929420237276510_E_203,110.0,False,True
3680,3680,CNN_0504140855350147343424_E_284,110.0,False,True
3681,3681,CNN_144G_E_138_8,110.0,False,True
3682,3682,CNN_613A_E_5503_2,110.0,False,True
3683,3683,CNN_288K_E_13_10,110.0,False,True
3684,3684,CNN_69C_E_21248_10,110.0,False,True
3685,3685,CNN_640_E_3354_5,110.0,False,False
3686,3686,CNN_486E_J_10395_4,10.0,False,True
3687,3687,CNN_697Y_J_3300_5,20.0,False,False
3688,3688,CNN_729_E_28454_17,110.0,False,True
3689,3689,CNN_0505071054350313753552_E_296,110.0,False,False
3690,3690,CNN_713_E_10374_9,110.0,True,True
3691,3691,CNN_173A_E_24_78,110.0,True,True
3692,3692,CNN_F8R_C_18521_35,380.0,False,True
3693,3693,CNN_113F_J_21810_11,3.0,False,True
3694,3694,CNN_179U_E_9171_9,110.0,True,False
3695,3695,CNN_57R_E_11929_5,110.0,False,False
3696,3696,CNN_179U_C_18518_2,380.0,False,False
3697,3697,CNN_0505110958300264372420_C_185,380.0,False,True
3698,3698,CNN_11351.120 O11 rot_E_31202_2,110.0,False,True
3699,3699,CNN_F613S_E_21798_17,110.0,False,True
3700,3700,CNN_2U_J_6793_14,20.0,False,False
3701,3701,CNN_402D_E_16302_9,110.0,False,True
3702,3702,CNN_423E_E_22253_2,110.0,True,True
3703,3703,CNN_697Y_E_3301_2,110.0,False,False
3704,3704,CNN_423E_E_22253_9,110.0,False,True
3705,3705,CNN_625W_E_10378_4,110.0,False,False
3706,3706,CNN_701_E_2755_1,110.0,False,False
3707,3707,CNN_0504302135210885582888_E_218,110.0,False,False
3708,3708,CNN_48U_E_5535_4,110.0,False,False
3709,3709,CNN_0504131447000048732877_E_290,110.0,False,True
3710,3710,CNN_173A_E_24_75,110.0,False,True
3711,3711,CNN_542Q2_J_26142_5,6.0,False,True
3712,3712,CNN_113F_J_21809_4,20.0,False,False
3713,3713,CNN_1206172312540003473148_E_163,110.0,False,False
3714,3714,CNN_AMP1_C_19828_11,380.0,True,True
3715,3715,CNN_1005091115250417830182_E_105,110.0,False,True
3716,3716,CNN_701_E_2755_2,110.0,False,False
3717,3717,CNN_F613S_E_21798_1,110.0,False,False
3718,3718,CNN_AMP1_C_19828_2,380.0,True,True
3719,3719,CNN_0505061756290233927735_E_185,110.0,False,False
3720,3720,CNN_413U1_E_12882_12,110.0,False,True
3721,3721,CNN_713_E_10374_5,110.0,True,False
3722,3722,CNN_640_E_3354_27,110.0,False,True
3723,3723,CNN_640_J_3613_102,20.0,False,True
3724,3724,CNN_0503251625340236945056_E_103,110.0,False,True
3725,3725,CNN_0504201131020049812480_E_550,110.0,False,False
3726,3726,CNN_625_H_18524_1,30.0,False,False
3727,3727,CNN_205B_J_29800_41,20.0,False,True
3728,3728,CNN_62001.37b Z6 blau_E_22256_1,110.0,False,False
3729,3729,CNN_733_E_9178_2,110.0,True,False
3730,3730,CNN_F10R_C_18519_3,380.0,True,True
3731,3731,CNN_0504131449550158397228_E_290,110.0,False,True
3732,3732,CNN_1005091124510125779803_E_105,110.0,False,False
3733,3733,CNN_122U_E_5493_13,110.0,False,False
3734,3734,CNN_692_E_9672_13,110.0,False,True
3735,3735,CNN_0503201816360000496392_E_107,110.0,False,False
3736,3736,CNN_0503201501170278527200_E_128,110.0,False,True
3737,3737,CNN_1005091115250158210789_E_296,110.0,False,False
3738,3738,CNN_113F_J_21811_16,20.0,False,True
3739,3739,CNN_265_J_13697_24,20.0,True,False
3740,3740,CNN_62001.37a J6 rot_E_22_1,110.0,False,False
3741,3741,CNN_F301N_J_29024_2,6.0,True,True
3742,3742,CNN_19U_E_5494_10,110.0,False,True
3743,3743,CNN_F8R_C_18521_8,380.0,True,False
3744,3744,CNN_407H_E_11936_1,110.0,False,False
3745,3745,CNN_729_J_28457_17,20.0,False,True
3746,3746,CNN_613U_E_5509_11,110.0,False,False
3747,3747,CNN_605U1_E_20813_9,110.0,False,True
3748,3748,CNN_459B_E_3358_6,110.0,False,False
3749,3749,CNN_173A_E_24_7,110.0,False,True
3750,3750,CNN_268N_J_26135_1,6.0,False,False
3751,3751,CNN_0504302135210885582888_E_218,110.0,False,False
3752,3752,CNN_279A_E_15559_14,110.0,False,True
3753,3753,CNN_428_E_27_3,110.0,True,True
3754,3754,CNN_69C_E_21248_3,110.0,False,True
3755,3755,CNN_1U_J_5646_121,20.0,True,True
3756,3756,CNN_732U_E_28467_9,110.0,True,True
3757,3757,CNN_697S_E_2764_23,110.0,False,True
3758,3758,CNN_0710281706470140763496_E_217,110.0,False,False
3759,3759,CNN_645_J_1_2,3.0,True,True
3760,3760,CNN_0504171444070270685989_E_218,110.0,False,True
3761,3761,CNN_173A_C_18538_3,380.0,True,True
3762,3762,CNN_122U_E_5493_38,110.0,False,True
3763,3763,CNN_359A_J_26124_4,6.0,False,True
3764,3764,CNN_631B_J_2_38,3.0,False,True
3765,3765,CNN_122U_E_5493_3,110.0,True,True
3766,3766,CNN_F9R_C_18522_6,380.0,False,False
3767,3767,CNN_F10R_C_18519_43,380.0,False,True
3768,3768,CNN_182Z_E_8_9,110.0,False,False
3769,3769,CNN_F11R_C_18528_5,380.0,False,False
3770,3770,CNN_229H2_E_10_14,110.0,False,True
3771,3771,CNN_605U1_E_20813_10,110.0,False,True
3772,3772,CNN_385B_E_19_6,110.0,False,False
3773,3773,CNN_2U_E_5491_7,110.0,False,False
3774,3774,CNN_385B_E_19_26,110.0,False,True
3775,3775,CNN_F11R_C_18528_6,380.0,False,False
3776,3776,CNN_486E_E_10392_8,110.0,False,True
3777,3777,CNN_288K_E_13_1,110.0,False,False
3778,3778,CNN_F10R_C_18519_38,380.0,True,True
3779,3779,CNN_245B_E_26149_2,110.0,False,True
3780,3780,CNN_732M_J_28474_4,6.0,False,True
3781,3781,CNN_4543.159 Füssen West g_D_198,220.0,False,False
