pp_idx,ppci_idx,name,vn_kv
0,0,CNN_121K_E_20325_4,110.0
2216,0,CNN_121K_E_20325_10,110.0
2248,0,CNN_121K_E_20325_8,110.0
248,0,CNN_121K_E_20325_11,110.0
1314,0,CNN_121K_E_20325_6,110.0
3120,0,CNN_121K_E_20325_2,110.0
2249,0,CNN_121K_E_20325_9,110.0
2751,0,CNN_121K_E_20325_7,110.0
2332,0,CNN_121K_E_20325_5,110.0
2416,0,CNN_121K_E_20325_12,110.0
3486,1,CNN_2Z_E_5490_4,110.0
1069,1,CNN_2Z_E_5490_7,110.0
2309,1,CNN_2Z_E_5490_9,110.0
2458,1,CNN_2Z_E_5490_6,110.0
548,1,CNN_2Z_E_5490_13,110.0
743,1,CNN_2Z_E_5490_10,110.0
1299,1,CNN_2Z_E_5490_2,110.0
1,1,CNN_2Z_E_5490_12,110.0
1726,1,CNN_2Z_E_5490_11,110.0
3255,1,CNN_2Z_E_5490_14,110.0
602,2,CNN_168F_E_29689_7,110.0
3125,2,CNN_168F_E_29689_1,110.0
3167,2,CNN_168F_E_29689_5,110.0
700,2,CNN_168F_E_29689_6,110.0
1649,2,CNN_168F_E_29689_3,110.0
3557,2,CNN_168F_E_29689_4,110.0
2,2,CNN_168F_E_29689_8,110.0
1396,2,CNN_168F_E_29689_9,110.0
272,2,CNN_168F_E_29689_10,110.0
1653,3,CNN_629_J_19740_11,20.0
8,3,CNN_629_J_19740_37,20.0
12,4,CNN_0503251810190416964152_E_103,110.0
591,4,CNN_0503251810190416964152_E_103,110.0
3430,4,CNN_0503251810190416964152_E_103,110.0
19,5,CNN_61501.37C X6/1 grün_E_5525_1,110.0
813,5,CNN_61501.37C X6/1 grün_E_5525_2,110.0
3669,6,CNN_249K_J_29023_2,6.0
20,6,CNN_249K_J_29023_4,6.0
3308,6,CNN_249K_J_29023_6,6.0
2936,6,CNN_249K_J_29023_1,6.0
1077,6,CNN_249K_J_29023_5,6.0
2086,7,CNN_490N_J_3340_1,6.0
910,7,CNN_490N_J_3340_3,6.0
22,7,CNN_490N_J_3340_4,6.0
752,7,CNN_490N_J_3340_5,6.0
2134,7,CNN_490N_J_3340_6,6.0
2386,8,CNN_651_E_11941_2,110.0
24,8,CNN_651_E_11941_3,110.0
2940,9,CNN_114B_E_12889_1,110.0
3519,9,CNN_114B_E_12889_3,110.0
26,9,CNN_114B_E_12889_4,110.0
851,10,CNN_0504161613250201014072_E_331,110.0
1810,10,CNN_0504161613250201014072_E_331,110.0
49,10,CNN_0504161613250201014072_E_331,110.0
1594,11,CNN_0503251419100004533638_E_967,110.0
56,11,CNN_0503251419100004533638_E_967,110.0
2627,11,CNN_0503251419100004533638_E_967,110.0
58,12,CNN_648E_J_29909_38,20.0
1641,12,CNN_648E_J_29909_10,20.0
3715,13,CNN_1005091115250417830182_E_105,110.0
59,13,CNN_1005091115250417830182_E_105,110.0
622,13,CNN_1005091115250417830182_E_105,110.0
2616,14,CNN_340M_E_17139_12,110.0
780,14,CNN_340M_E_17139_4,110.0
112,14,CNN_340M_E_17139_5,110.0
2165,14,CNN_340M_E_17139_10,110.0
1531,14,CNN_340M_E_17139_8,110.0
1619,14,CNN_340M_E_17139_3,110.0
65,14,CNN_340M_E_17139_9,110.0
1386,14,CNN_340M_E_17139_6,110.0
3459,14,CNN_340M_E_17139_11,110.0
70,15,CNN_18O_J_5232_44,20.0
2062,15,CNN_18O_J_5232_7,20.0
102,16,CNN_F2S_E_21803_10,110.0
71,16,CNN_F2S_E_21803_22,110.0
1583,16,CNN_F2S_E_21803_1,110.0
1786,17,CNN_0504171444070108579663_E_218,110.0
3650,17,CNN_0504171444070108579663_E_218,110.0
72,17,CNN_0504171444070108579663_E_218,110.0
75,18,CNN_0503201540000054143280_E_917,110.0
471,18,CNN_0503201540000054143280_E_917,110.0
1278,18,CNN_0503201540000054143280_E_917,110.0
2202,19,CNN_51001.233a B5 violett_E_2033,110.0
3322,19,CNN_51001.233a B5 violett_E_2033,110.0
96,19,CNN_51001.233a B5 violett_E_2033,110.0
120,20,CNN_335B_E_3351_4,110.0
1071,20,CNN_335B_E_3351_1,110.0
2611,20,CNN_335B_E_3351_2,110.0
1617,21,CNN_0504200739130175420544_E_553,110.0
128,21,CNN_0504200739130175420544_E_553,110.0
2869,21,CNN_0504200739130175420544_E_553,110.0
129,22,CNN_0505081035070821588768_E_198,110.0
1858,22,CNN_0505081035070821588768_E_198,110.0
873,22,CNN_0505081035070821588768_E_198,110.0
3352,23,CNN_113F_E_21808_34,110.0
2280,23,CNN_113F_E_21808_7,110.0
177,23,CNN_113F_E_21808_15,110.0
2040,23,CNN_113F_E_21808_16,110.0
3674,23,CNN_113F_E_21808_9,110.0
3573,23,CNN_113F_E_21808_2,110.0
136,23,CNN_113F_E_21808_5,110.0
791,23,CNN_113F_E_21808_20,110.0
1962,23,CNN_113F_E_21808_17,110.0
1967,23,CNN_113F_E_21808_18,110.0
306,23,CNN_113F_E_21808_14,110.0
792,23,CNN_113F_E_21808_24,110.0
1199,23,CNN_113F_E_21808_6,110.0
3644,23,CNN_113F_E_21808_8,110.0
137,24,CNN_62E_J_14179_39,20.0
831,24,CNN_62E_J_14179_4,20.0
3307,25,CNN_389A_J_2770_16,20.0
1924,25,CNN_389A_J_2770_1,20.0
156,25,CNN_389A_J_2770_88,20.0
2705,25,CNN_389A_J_2770_15,20.0
172,26,CNN_245B_E_26149_3,110.0
1161,27,CNN_734_E_18551_38,110.0
1879,27,CNN_734_E_18551_26,110.0
2022,27,CNN_734_E_18551_30,110.0
262,27,CNN_734_E_18551_29,110.0
1644,27,CNN_734_E_18551_17,110.0
183,27,CNN_734_E_18551_5,110.0
1113,27,CNN_734_E_18551_7,110.0
1082,27,CNN_734_E_18551_19,110.0
1340,27,CNN_734_E_18551_27,110.0
2067,27,CNN_734_E_18551_43,110.0
1680,27,CNN_734_E_18551_4,110.0
630,27,CNN_734_E_18551_3,110.0
99,27,CNN_734_E_18551_18,110.0
582,27,CNN_734_E_18551_16,110.0
2335,27,CNN_734_E_18551_28,110.0
870,27,CNN_734_E_18551_40,110.0
3399,27,CNN_734_E_18551_42,110.0
2973,27,CNN_734_E_18551_24,110.0
2200,27,CNN_734_E_18551_39,110.0
3298,27,CNN_734_E_18551_13,110.0
3270,27,CNN_734_E_18551_2,110.0
2139,27,CNN_734_E_18551_41,110.0
140,27,CNN_734_E_18551_6,110.0
2562,27,CNN_734_E_18551_25,110.0
3187,27,CNN_734_E_18551_1,110.0
932,27,CNN_734_E_18551_15,110.0
901,27,CNN_734_E_18551_32,110.0
184,28,CNN_0503251758590653515830_E_103,110.0
1838,28,CNN_0503251758590653515830_E_103,110.0
600,28,CNN_0503251758590653515830_E_103,110.0
794,29,CNN_576Q_E_28463_1,110.0
171,29,CNN_576Q_E_28463_6,110.0
2805,29,CNN_576Q_E_28463_3,110.0
185,29,CNN_576Q_E_28463_7,110.0
3171,29,CNN_576Q_E_28463_2,110.0
1865,30,CNN_629_J_19740_1,20.0
191,30,CNN_629_J_19740_38,20.0
193,31,CNN_0612220900190239481792_E_552,110.0
1842,31,CNN_0612220900190239481792_E_552,110.0
1015,31,CNN_0612220900190239481792_E_552,110.0
3251,32,CNN_649_J_19368_1,3.0
196,32,CNN_649_J_19368_39,3.0
1705,32,CNN_649_J_19368_13,3.0
375,33,CNN_0504171603490065997010_E_218,110.0
204,33,CNN_0504171603490065997010_E_218,110.0
877,33,CNN_0504171603490065997010_E_218,110.0
1296,34,CNN_60501.207 V11 schwarz_E_25_3,110.0
170,34,CNN_60501.207 V11 schwarz_E_25_1,110.0
208,34,CNN_60501.207 V11 schwarz_E_25_2,110.0
219,35,CNN_423E_J_22251_154,20.0
2937,35,CNN_423E_J_22251_124,20.0
11,35,CNN_423E_J_22251_133,20.0
1795,35,CNN_423E_J_22251_24,20.0
3011,36,CNN_69C_E_21248_18,110.0
728,36,CNN_69C_E_21248_7,110.0
722,36,CNN_69C_E_21248_11,110.0
3684,36,CNN_69C_E_21248_10,110.0
3136,36,CNN_69C_E_21248_12,110.0
1376,36,CNN_69C_E_21248_5,110.0
224,36,CNN_69C_E_21248_14,110.0
1687,36,CNN_69C_E_21248_13,110.0
3257,36,CNN_69C_E_21248_9,110.0
322,36,CNN_69C_E_21248_17,110.0
1945,36,CNN_69C_E_21248_8,110.0
2438,36,CNN_69C_E_21248_1,110.0
3754,36,CNN_69C_E_21248_3,110.0
1388,37,CNN_11351.156 E6 schwarz_E_3357_,110.0
2149,37,CNN_11351.156 E6 schwarz_E_3357_,110.0
232,37,CNN_11351.156 E6 schwarz_E_3357_,110.0
3138,38,CNN_4521.100B Günzburg Nor_C_198,380.0
233,38,CNN_4521.100B Günzburg Nor_C_198,380.0
1595,38,CNN_4521.100B Günzburg Nor_C_198,380.0
2709,39,CNN_64001.39 U6/2 blau_E_2758_3,110.0
357,39,CNN_64001.39 U6/2 blau_E_2758_1,110.0
242,39,CNN_64001.39 U6/2 blau_E_2758_2,110.0
247,40,CNN_332K_J_4052_24,20.0
2776,40,CNN_332K_J_4052_7,20.0
255,41,CNN_630C2_J_29032_21,10.0
629,41,CNN_630C2_J_29032_6,10.0
1657,41,CNN_630C2_J_29032_18,10.0
1045,42,CNN_173A_E_24_60,110.0
1184,42,CNN_173A_E_24_43,110.0
554,42,CNN_173A_E_24_11,110.0
1046,42,CNN_173A_E_24_17,110.0
510,42,CNN_173A_E_24_23,110.0
257,42,CNN_173A_E_24_44,110.0
1095,42,CNN_173A_E_24_1,110.0
601,42,CNN_173A_E_24_4,110.0
845,42,CNN_173A_E_24_20,110.0
719,42,CNN_173A_E_24_28,110.0
1509,42,CNN_173A_E_24_8,110.0
370,42,CNN_173A_E_24_61,110.0
1550,42,CNN_173A_E_24_26,110.0
2527,42,CNN_173A_E_24_70,110.0
2644,42,CNN_173A_E_24_54,110.0
3343,42,CNN_173A_E_24_19,110.0
1525,42,CNN_173A_E_24_47,110.0
2083,42,CNN_173A_E_24_6,110.0
3443,42,CNN_173A_E_24_2,110.0
2170,42,CNN_173A_E_24_71,110.0
188,42,CNN_173A_E_24_63,110.0
141,42,CNN_173A_E_24_69,110.0
2904,42,CNN_173A_E_24_66,110.0
3625,42,CNN_173A_E_24_42,110.0
2480,42,CNN_173A_E_24_74,110.0
1638,42,CNN_173A_E_24_53,110.0
2954,42,CNN_173A_E_24_12,110.0
73,42,CNN_173A_E_24_45,110.0
1584,42,CNN_173A_E_24_58,110.0
1596,42,CNN_173A_E_24_14,110.0
2103,42,CNN_173A_E_24_55,110.0
1718,43,CNN_62E_E_11932_12,110.0
1420,43,CNN_62E_E_11932_9,110.0
1900,43,CNN_62E_E_11932_10,110.0
1194,43,CNN_62E_E_11932_11,110.0
42,43,CNN_62E_E_11932_6,110.0
954,43,CNN_62E_E_11932_3,110.0
1275,43,CNN_62E_E_11932_1,110.0
753,43,CNN_62E_E_11932_4,110.0
315,43,CNN_62E_E_11932_13,110.0
1639,43,CNN_62E_E_11932_8,110.0
259,43,CNN_62E_E_11932_5,110.0
436,44,CNN_62E_J_14179_12,20.0
260,44,CNN_62E_J_14179_40,20.0
261,45,CNN_490M_E_3329_1,110.0
266,46,CNN_11351.32 E6 gelb_E_11_1,110.0
3115,46,CNN_11351.32 E6 gelb_E_11_2,110.0
570,46,CNN_11351.32 E6 gelb_E_11_3,110.0
270,47,CNN_69001.149 R6/2 grün_E_26146_,110.0
268,47,CNN_69001.149 R6/2 grün_E_26146_,110.0
2661,47,CNN_69001.149 R6/2 grün_E_26146_,110.0
279,48,CNN__E_16310_1,110.0
281,49,CNN_0504190925320189865236_E_212,110.0
1212,49,CNN_0504190925320189865236_E_212,110.0
1607,49,CNN_0504190925320189865236_E_212,110.0
2415,50,CNN_815_E_9670_6,110.0
2720,50,CNN_815_E_9670_3,110.0
2118,50,CNN_815_E_9670_8,110.0
3327,50,CNN_815_E_9670_1,110.0
680,50,CNN_815_E_9670_7,110.0
288,50,CNN_815_E_9670_10,110.0
3439,50,CNN_815_E_9670_9,110.0
1983,50,CNN_815_E_9670_5,110.0
275,50,CNN_815_E_9670_4,110.0
2059,51,CNN_428_E_27_28,110.0
1599,51,CNN_428_E_27_18,110.0
1356,51,CNN_428_E_27_8,110.0
3314,51,CNN_428_E_27_16,110.0
575,51,CNN_428_E_27_32,110.0
38,51,CNN_428_E_27_22,110.0
1801,51,CNN_428_E_27_9,110.0
596,51,CNN_428_E_27_2,110.0
2000,51,CNN_428_E_27_12,110.0
3184,51,CNN_428_E_27_24,110.0
289,51,CNN_428_E_27_7,110.0
350,51,CNN_428_E_27_27,110.0
291,52,CNN_395A_J_7784_44,20.0
3279,52,CNN_395A_J_7784_9,20.0
1561,53,CNN_0710281706480057084608_E_217,110.0
320,53,CNN_0710281706480057084608_E_217,110.0
16,53,CNN_0710281706480057084608_E_217,110.0
638,54,CNN_815_J_9669_39,20.0
321,54,CNN_815_J_9669_45,20.0
3196,54,CNN_815_J_9669_11,20.0
1790,55,CNN_630C2_J_29037_6,10.0
323,55,CNN_630C2_J_29037_16,10.0
1047,55,CNN_630C2_J_29037_1,10.0
324,56,CNN_697Y_J_3300_44,20.0
2519,56,CNN_697Y_J_3300_13,20.0
329,57,CNN_1511090741450437796338_E_119,110.0
2012,57,CNN_1511090741450437796338_E_119,110.0
1898,57,CNN_1511090741450437796338_E_119,110.0
1941,57,CNN_1511090741450437796338_E_119,110.0
3231,58,CNN_28C_E_14727_3,110.0
182,58,CNN_28C_E_14727_12,110.0
2815,58,CNN_28C_E_14727_4,110.0
273,58,CNN_28C_E_14727_5,110.0
218,58,CNN_28C_E_14727_11,110.0
330,58,CNN_28C_E_14727_10,110.0
1625,58,CNN_28C_E_14727_2,110.0
3118,58,CNN_28C_E_14727_7,110.0
336,59,CNN_0505081724190551597592_C_185,380.0
1887,59,CNN_0505081724190551597592_C_185,380.0
3046,59,CNN_0505081724190551597592_C_185,380.0
267,60,CNN_1311302212320143293524_E_335,110.0
337,60,CNN_1311302212320143293524_E_335,110.0
1134,60,CNN_1311302212320143293524_E_335,110.0
339,61,CNN_0504201131020176515777_E_212,110.0
175,61,CNN_0504201131020176515777_E_212,110.0
2331,61,CNN_0504201131020176515777_E_212,110.0
344,62,CNN_0504190848360328552293_E_549,110.0
3038,62,CNN_0504190848360328552293_E_549,110.0
389,62,CNN_0504190848360328552293_E_549,110.0
347,63,CNN_459B_J_3360_80,20.0
964,63,CNN_459B_J_3360_20,20.0
3192,64,CNN_249K_E_3342_11,110.0
484,64,CNN_249K_E_3342_10,110.0
1072,64,CNN_249K_E_3342_13,110.0
3544,64,CNN_249K_E_3342_9,110.0
1866,64,CNN_249K_E_3342_4,110.0
2068,64,CNN_249K_E_3342_14,110.0
1700,64,CNN_249K_E_3342_15,110.0
2197,64,CNN_249K_E_3342_6,110.0
1880,64,CNN_249K_E_3342_17,110.0
220,64,CNN_249K_E_3342_1,110.0
69,64,CNN_249K_E_3342_8,110.0
353,64,CNN_249K_E_3342_12,110.0
1366,65,CNN_48U_E_5535_12,110.0
355,65,CNN_48U_E_5535_2,110.0
331,65,CNN_48U_E_5535_1,110.0
2326,65,CNN_48U_E_5535_9,110.0
883,65,CNN_48U_E_5535_11,110.0
3708,65,CNN_48U_E_5535_4,110.0
3249,65,CNN_48U_E_5535_5,110.0
80,65,CNN_48U_E_5535_8,110.0
943,66,CNN_69C_J_21253_1,10.0
364,66,CNN_69C_J_21253_14,10.0
2821,67,CNN_0505101434120013620720_E_284,110.0
368,67,CNN_0505101434120013620720_E_284,110.0
493,67,CNN_0505101434120013620720_E_284,110.0
372,68,CNN_55U_J_12896_18,3.0
2474,68,CNN_55U_J_12896_1,3.0
434,68,CNN_55U_J_12896_7,3.0
2726,69,CNN_0504161417290138751327_E_203,110.0
379,69,CNN_0504161417290138751327_E_203,110.0
3420,69,CNN_0504161417290138751327_E_203,110.0
2292,70,CNN_19U_E_5494_4,110.0
2495,70,CNN_19U_E_5494_9,110.0
285,70,CNN_19U_E_5494_13,110.0
3742,70,CNN_19U_E_5494_10,110.0
3289,70,CNN_19U_E_5494_1,110.0
623,70,CNN_19U_E_5494_6,110.0
2266,70,CNN_19U_E_5494_11,110.0
1538,70,CNN_19U_E_5494_12,110.0
384,70,CNN_19U_E_5494_3,110.0
254,70,CNN_19U_E_5494_8,110.0
1563,71,CNN_62101.180/10 W6B blau_E_2646,110.0
996,71,CNN_62101.180/10 W6B blau_E_2646,110.0
386,71,CNN_62101.180/10 W6B blau_E_2646,110.0
387,72,CNN_332K_E_4053_2,110.0
989,73,CNN_0503201540000289486407_E_917,110.0
388,73,CNN_0503201540000289486407_E_917,110.0
2887,73,CNN_0503201540000289486407_E_917,110.0
391,74,CNN_268O_E_26138_1,110.0
2518,74,CNN_268O_E_26138_4,110.0
1135,74,CNN_268O_E_26138_2,110.0
3149,75,CNN_1011072053110343234749_E_197,110.0
613,75,CNN_1011072053110343234749_E_197,110.0
1050,75,CNN_1011072053110343234749_E_197,110.0
393,75,CNN_1011072053110343234749_E_197,110.0
470,76,CNN_253Q_J_26130_1,6.0
91,76,CNN_253Q_J_26130_4,6.0
2192,76,CNN_253Q_J_26130_6,6.0
394,76,CNN_253Q_J_26130_8,6.0
3374,76,CNN_253Q_J_26130_2,6.0
1001,76,CNN_253Q_J_26130_7,6.0
1820,76,CNN_253Q_J_26130_5,6.0
396,77,CNN_0504220831140043061238_E_222,110.0
503,77,CNN_0504220831140043061238_E_222,110.0
44,77,CNN_0504220831140043061238_E_222,110.0
991,78,CNN_625_H_19826_2,30.0
397,78,CNN_625_H_19826_1,30.0
409,79,CNN_0504131449550158397228_E_290,110.0
3731,79,CNN_0504131449550158397228_E_290,110.0
534,79,CNN_0504131449550158397228_E_290,110.0
416,80,CNN_1005091124510388900827_E_296,110.0
1120,80,CNN_1005091124510388900827_E_296,110.0
1932,80,CNN_1005091124510388900827_E_296,110.0
1268,81,CNN_57R_E_11929_12,110.0
2493,81,CNN_57R_E_11929_19,110.0
2354,81,CNN_57R_E_11929_13,110.0
1876,81,CNN_57R_E_11929_14,110.0
1631,81,CNN_57R_E_11929_1,110.0
2996,81,CNN_57R_E_11929_8,110.0
1258,81,CNN_57R_E_11929_17,110.0
2681,81,CNN_57R_E_11929_11,110.0
520,81,CNN_57R_E_11929_20,110.0
3695,81,CNN_57R_E_11929_5,110.0
1105,81,CNN_57R_E_11929_9,110.0
3660,81,CNN_57R_E_11929_4,110.0
3142,81,CNN_57R_E_11929_18,110.0
421,81,CNN_57R_E_11929_2,110.0
2582,81,CNN_57R_E_11929_6,110.0
2117,81,CNN_57R_E_11929_21,110.0
1621,81,CNN_57R_E_11929_3,110.0
2521,81,CNN_57R_E_11929_10,110.0
649,82,CNN_0504171015500013196403_E_275,110.0
432,82,CNN_0504171015500013196403_E_275,110.0
966,82,CNN_0504171015500013196403_E_275,110.0
1897,82,CNN_0504171015500013196403_E_275,110.0
658,83,CNN_0504200739130260985784_E_551,110.0
433,83,CNN_0504200739130260985784_E_551,110.0
1797,83,CNN_0504200739130260985784_E_551,110.0
2704,84,CNN_144G_J_140_57,20.0
2207,84,CNN_144G_J_140_11,20.0
2729,84,CNN_144G_J_140_48,20.0
435,84,CNN_144G_J_140_73,20.0
437,85,CNN_630C2_J_29032_22,10.0
380,85,CNN_630C2_J_29032_8,10.0
2340,85,CNN_630C2_J_29032_1,10.0
527,86,CNN_171D_E_22260_12,110.0
1660,86,CNN_171D_E_22260_8,110.0
504,86,CNN_171D_E_22260_3,110.0
3110,86,CNN_171D_E_22260_1,110.0
1432,86,CNN_171D_E_22260_13,110.0
2886,86,CNN_171D_E_22260_4,110.0
675,86,CNN_171D_E_22260_6,110.0
1429,86,CNN_171D_E_22260_10,110.0
2019,86,CNN_171D_E_22260_9,110.0
448,86,CNN_171D_E_22260_11,110.0
459,87,CNN_613U_H_18542_1,30.0
1533,88,CNN_0710281702020793538252_E_551,110.0
2788,88,CNN_0710281702020793538252_E_551,110.0
469,88,CNN_0710281702020793538252_E_551,110.0
3227,89,CNN_402D_E_16302_11,110.0
3701,89,CNN_402D_E_16302_9,110.0
1661,89,CNN_402D_E_16302_3,110.0
2184,89,CNN_402D_E_16302_12,110.0
611,89,CNN_402D_E_16302_7,110.0
3476,89,CNN_402D_E_16302_5,110.0
3338,89,CNN_402D_E_16302_4,110.0
480,89,CNN_402D_E_16302_2,110.0
3010,89,CNN_402D_E_16302_8,110.0
3275,89,CNN_402D_E_16302_6,110.0
164,90,CNN_630C2_E_29031_2,110.0
52,90,CNN_630C2_E_29031_15,110.0
2320,90,CNN_630C2_E_29031_4,110.0
2716,90,CNN_630C2_E_29031_12,110.0
2119,90,CNN_630C2_E_29031_14,110.0
442,90,CNN_630C2_E_29031_5,110.0
139,90,CNN_630C2_E_29031_11,110.0
2136,90,CNN_630C2_E_29031_6,110.0
3603,90,CNN_630C2_E_29031_16,110.0
1854,90,CNN_630C2_E_29031_1,110.0
481,90,CNN_630C2_E_29031_17,110.0
2164,90,CNN_630C2_E_29031_10,110.0
1085,90,CNN_630C2_E_29031_13,110.0
2995,90,CNN_630C2_E_29031_20,110.0
834,90,CNN_630C2_E_29031_8,110.0
3256,90,CNN_630C2_E_29031_7,110.0
2834,91,CNN_542Q2_E_26141_2,110.0
3357,91,CNN_542Q2_E_26141_1,110.0
488,91,CNN_542Q2_E_26141_4,110.0
489,92,CNN_1005090927160046654720_E_203,110.0
631,92,CNN_1005090927160046654720_E_203,110.0
356,92,CNN_1005090927160046654720_E_203,110.0
497,93,CNN_113F_J_21810_14,3.0
2824,93,CNN_113F_J_21810_6,3.0
3135,93,CNN_113F_J_21810_1,3.0
498,94,CNN_589U1_J_5434_88,20.0
1845,94,CNN_589U1_J_5434_14,20.0
2099,94,CNN_589U1_J_5434_57,20.0
3370,94,CNN_589U1_J_5434_69,20.0
430,95,CNN_0504211825170010820143_E_293,110.0
499,95,CNN_0504211825170010820143_E_293,110.0
1237,95,CNN_0504211825170010820143_E_293,110.0
479,96,CNN_0503251419100382752457_E_104,110.0
505,96,CNN_0503251419100382752457_E_104,110.0
1827,96,CNN_0503251419100382752457_E_104,110.0
2935,97,CNN_4543.126 Füssen West g_D_198,220.0
513,97,CNN_4543.126 Füssen West g_D_198,220.0
150,97,CNN_4543.126 Füssen West g_D_198,220.0
515,98,CNN_1502222036410050473800_E_335,110.0
1141,98,CNN_1502222036410050473800_E_335,110.0
1759,98,CNN_1502222036410050473800_E_335,110.0
2362,99,CNN_48U_J_5538_11,20.0
518,99,CNN_48U_J_5538_48,20.0
152,100,CNN_729_E_28454_11,110.0
844,100,CNN_729_E_28454_12,110.0
43,100,CNN_729_E_28454_8,110.0
597,100,CNN_729_E_28454_14,110.0
3688,100,CNN_729_E_28454_17,110.0
2156,100,CNN_729_E_28454_21,110.0
528,100,CNN_729_E_28454_3,110.0
519,100,CNN_729_E_28454_1,110.0
95,100,CNN_729_E_28454_22,110.0
1148,100,CNN_729_E_28454_9,110.0
119,100,CNN_729_E_28454_6,110.0
3596,101,CNN_12U1_J_6017_11,20.0
524,101,CNN_12U1_J_6017_43,20.0
712,102,CNN_413U1_J_12844_13,20.0
540,102,CNN_413U1_J_12844_66,20.0
3087,103,CNN_245B_J_26150_1,6.0
1930,103,CNN_245B_J_26150_5,6.0
3524,103,CNN_245B_J_26150_6,6.0
1853,103,CNN_245B_J_26150_4,6.0
656,103,CNN_245B_J_26150_7,6.0
541,103,CNN_245B_J_26150_8,6.0
1702,103,CNN_245B_J_26150_2,6.0
2111,104,CNN_122U_E_5493_7,110.0
2544,104,CNN_122U_E_5493_31,110.0
3762,104,CNN_122U_E_5493_38,110.0
546,104,CNN_122U_E_5493_4,110.0
853,104,CNN_122U_E_5493_11,110.0
3440,104,CNN_122U_E_5493_28,110.0
1911,104,CNN_122U_E_5493_14,110.0
2490,104,CNN_122U_E_5493_42,110.0
549,105,CNN_0504131306000002525026_E_203,110.0
1430,105,CNN_0504131306000002525026_E_203,110.0
1989,105,CNN_0504131306000002525026_E_203,110.0
553,106,CNN_1212040832310082146207_E_331,110.0
2837,106,CNN_1212040832310082146207_E_331,110.0
3122,106,CNN_1212040832310082146207_E_331,110.0
603,106,CNN_1212040832310082146207_E_331,110.0
555,107,CNN_F12R_H_18531_1,30.0
235,107,CNN_F12R_H_18531_2,30.0
2609,108,CNN_1003031520210300445722_E_128,110.0
560,108,CNN_1003031520210300445722_E_128,110.0
3642,108,CNN_1003031520210300445722_E_128,110.0
1482,108,CNN_1003031520210300445722_E_128,110.0
561,109,CNN_0610021927230030764328_E_147,110.0
2380,109,CNN_0610021927230030764328_E_147,110.0
627,109,CNN_0610021927230030764328_E_147,110.0
2183,110,CNN_0504171756300217043052_E_284,110.0
583,110,CNN_0504171756300217043052_E_284,110.0
2585,111,CNN_F5S_E_5502_5,110.0
584,111,CNN_F5S_E_5502_1,110.0
676,112,CNN_651_E_11939_1,110.0
2755,112,CNN_651_E_11939_3,110.0
592,112,CNN_651_E_11939_2,110.0
2228,113,CNN_1011072053110363558000_E_276,110.0
595,113,CNN_1011072053110363558000_E_276,110.0
2918,113,CNN_1011072053110363558000_E_276,110.0
644,114,CNN_118_E_22257_16,110.0
1789,114,CNN_118_E_22257_3,110.0
3158,114,CNN_118_E_22257_14,110.0
1104,114,CNN_118_E_22257_12,110.0
874,114,CNN_118_E_22257_13,110.0
1302,114,CNN_118_E_22257_4,110.0
2669,114,CNN_118_E_22257_9,110.0
2602,114,CNN_118_E_22257_7,110.0
986,114,CNN_118_E_22257_15,110.0
2263,114,CNN_118_E_22257_10,110.0
610,114,CNN_118_E_22257_1,110.0
332,114,CNN_118_E_22257_11,110.0
1479,114,CNN_118_E_22257_6,110.0
616,115,CNN_0503251758590585656664_E_103,110.0
153,115,CNN_0503251758590585656664_E_103,110.0
1882,115,CNN_0503251758590585656664_E_103,110.0
632,116,CNN_0503251625340236945056_E_103,110.0
3724,116,CNN_0503251625340236945056_E_103,110.0
3601,116,CNN_0503251625340236945056_E_103,110.0
3699,117,CNN_F613S_E_21798_17,110.0
637,117,CNN_F613S_E_21798_19,110.0
3330,117,CNN_F613S_E_21798_7,110.0
650,118,CNN_A328S_E_31062_1,110.0
651,119,CNN_0504251009110459929712_E_185,110.0
657,120,CNN_19U_J_6561_42,20.0
3174,120,CNN_19U_J_6561_8,20.0
666,121,CNN_0504131543590176245800_E_290,110.0
3351,121,CNN_0504131543590176245800_E_290,110.0
1715,121,CNN_0504131543590176245800_E_290,110.0
1229,122,CNN_66001.11 O6/2 grün_E_19733_1,110.0
673,122,CNN_66001.11 O6/2 grün_E_19733_2,110.0
1833,122,CNN_66001.11 O6/2 grün_E_19733_3,110.0
674,123,CNN_0504140857120295674880_E_284,110.0
1574,123,CNN_0504140857120295674880_E_284,110.0
2095,123,CNN_0504140857120295674880_E_284,110.0
1297,124,CNN_F613S_E_21798_8,110.0
679,124,CNN_F613S_E_21798_18,110.0
3717,124,CNN_F613S_E_21798_1,110.0
3484,125,CNN_625W_E_10378_3,110.0
2615,125,CNN_625W_E_10378_5,110.0
1717,125,CNN_625W_E_10378_7,110.0
684,125,CNN_625W_E_10378_8,110.0
2133,125,CNN_625W_E_10378_6,110.0
174,126,CNN_1005090929420237276510_E_203,110.0
691,126,CNN_1005090929420237276510_E_203,110.0
3679,126,CNN_1005090929420237276510_E_203,110.0
118,127,CNN_0505061617000169191010_E_193,110.0
155,127,CNN_0505061617000169191010_E_193,110.0
697,127,CNN_0505061617000169191010_E_193,110.0
702,128,CNN_A630D6__29039_22,10.0
2394,128,CNN_A630D6__29039_8,10.0
3405,128,CNN_A630D6__29039_1,10.0
2919,129,CNN_733_E_9178_3,110.0
706,129,CNN_733_E_9178_1,110.0
708,130,CNN_1010092240070000580548_E_330,110.0
3445,130,CNN_1010092240070000580548_E_330,110.0
2516,130,CNN_1010092240070000580548_E_330,110.0
709,131,CNN_0503201501170403476150_E_128,110.0
3278,131,CNN_0503201501170403476150_E_128,110.0
2727,131,CNN_0503201501170403476150_E_128,110.0
720,132,CNN_0505100840540078687510_E_261,110.0
2641,132,CNN_0505100840540078687510_E_261,110.0
1267,132,CNN_0505100840540078687510_E_261,110.0
2370,132,CNN_0505100840540078687510_E_261,110.0
1158,133,CNN_629_E_19739_2,110.0
1331,133,CNN_629_E_19739_1,110.0
721,133,CNN_629_E_19739_3,110.0
229,134,CNN_0504190956290279787038_E_218,110.0
729,134,CNN_0504190956290279787038_E_218,110.0
405,134,CNN_0504190956290279787038_E_218,110.0
733,135,CNN_0504171756300201638840_E_284,110.0
1557,135,CNN_0504171756300201638840_E_284,110.0
2167,135,CNN_0504171756300201638840_E_284,110.0
736,136,CNN_290F_E_16312_7,110.0
3565,136,CNN_290F_E_16312_9,110.0
123,136,CNN_290F_E_16312_1,110.0
1515,136,CNN_290F_E_16312_8,110.0
2550,136,CNN_290F_E_16312_3,110.0
76,136,CNN_290F_E_16312_2,110.0
1347,136,CNN_290F_E_16312_11,110.0
3037,136,CNN_290F_E_16312_6,110.0
458,136,CNN_290F_E_16312_5,110.0
2570,136,CNN_290F_E_16312_10,110.0
3148,137,CNN_391L_J_18562_1,20.0
746,137,CNN_391L_J_18562_26,20.0
754,138,CNN_0504141054130037632449_E_331,110.0
45,138,CNN_0504141054130037632449_E_331,110.0
3036,138,CNN_0504141054130037632449_E_331,110.0
756,139,CNN_192_J_23928_63,20.0
1270,139,CNN_192_J_23928_7,20.0
760,140,CNN_359A_J_26124_8,6.0
2682,140,CNN_359A_J_26124_2,6.0
565,140,CNN_359A_J_26124_6,6.0
2494,140,CNN_359A_J_26124_7,6.0
3344,140,CNN_359A_J_26124_5,6.0
3763,140,CNN_359A_J_26124_4,6.0
624,140,CNN_359A_J_26124_1,6.0
3489,141,CNN_719_E_10789_9,110.0
768,141,CNN_719_E_10789_4,110.0
2483,141,CNN_719_E_10789_14,110.0
3277,141,CNN_719_E_10789_5,110.0
3233,141,CNN_719_E_10789_1,110.0
3664,141,CNN_719_E_10789_2,110.0
871,141,CNN_719_E_10789_12,110.0
66,141,CNN_719_E_10789_10,110.0
1424,141,CNN_719_E_10789_13,110.0
2215,141,CNN_719_E_10789_3,110.0
1873,141,CNN_719_E_10789_7,110.0
3193,141,CNN_719_E_10789_8,110.0
1023,142,CNN_339H_E_3335_1,110.0
769,142,CNN_339H_E_3335_4,110.0
3218,142,CNN_339H_E_3335_2,110.0
1363,143,CNN_182Z_E_8_2,110.0
1227,143,CNN_182Z_E_8_22,110.0
1569,143,CNN_182Z_E_8_35,110.0
3297,143,CNN_182Z_E_8_23,110.0
3349,143,CNN_182Z_E_8_12,110.0
3162,143,CNN_182Z_E_8_38,110.0
1404,143,CNN_182Z_E_8_36,110.0
1116,143,CNN_182Z_E_8_32,110.0
1292,143,CNN_182Z_E_8_17,110.0
3525,143,CNN_182Z_E_8_10,110.0
1247,143,CNN_182Z_E_8_4,110.0
1197,143,CNN_182Z_E_8_11,110.0
3768,143,CNN_182Z_E_8_9,110.0
568,143,CNN_182Z_E_8_27,110.0
725,143,CNN_182Z_E_8_21,110.0
2631,143,CNN_182Z_E_8_39,110.0
588,143,CNN_182Z_E_8_7,110.0
3614,143,CNN_182Z_E_8_34,110.0
2917,143,CNN_182Z_E_8_13,110.0
2827,143,CNN_182Z_E_8_24,110.0
2732,143,CNN_182Z_E_8_1,110.0
2427,143,CNN_182Z_E_8_6,110.0
500,143,CNN_182Z_E_8_31,110.0
413,143,CNN_182Z_E_8_19,110.0
411,143,CNN_182Z_E_8_8,110.0
2993,143,CNN_182Z_E_8_29,110.0
770,143,CNN_182Z_E_8_16,110.0
2698,144,CNN_173A_E_24_15,110.0
2777,144,CNN_173A_E_24_73,110.0
1867,144,CNN_173A_E_24_22,110.0
1620,144,CNN_173A_E_24_16,110.0
2924,144,CNN_173A_E_24_24,110.0
214,144,CNN_173A_E_24_21,110.0
1972,144,CNN_173A_E_24_9,110.0
3749,144,CNN_173A_E_24_7,110.0
3429,144,CNN_173A_E_24_68,110.0
1109,144,CNN_173A_E_24_48,110.0
311,144,CNN_173A_E_24_72,110.0
887,144,CNN_173A_E_24_56,110.0
1011,144,CNN_173A_E_24_59,110.0
3441,144,CNN_173A_E_24_52,110.0
3710,144,CNN_173A_E_24_75,110.0
3558,144,CNN_173A_E_24_57,110.0
3266,144,CNN_173A_E_24_46,110.0
2317,144,CNN_173A_E_24_49,110.0
3371,144,CNN_173A_E_24_65,110.0
3197,144,CNN_173A_E_24_62,110.0
777,144,CNN_173A_E_24_64,110.0
1558,144,CNN_173A_E_24_18,110.0
3220,144,CNN_173A_E_24_13,110.0
1943,145,CNN_60007.66/1 C6/2A gelb_E_6038,110.0
2533,145,CNN_60007.66/1 C6/2A gelb_E_6038,110.0
784,145,CNN_60007.66/1 C6/2A gelb_E_6038,110.0
793,146,CNN_854_J_465_41,20.0
3221,146,CNN_854_J_465_12,20.0
3471,147,CNN_11351.80 O11 rot_E_31203_1,110.0
3638,147,CNN_11351.80 O11 rot_E_31203_2,110.0
797,147,CNN_11351.80 O11 rot_E_31203_3,110.0
1099,148,CNN_340M_J_13434_46,20.0
799,148,CNN_340M_J_13434_70,20.0
213,148,CNN_340M_J_13434_6,20.0
1691,148,CNN_340M_J_13434_37,20.0
800,149,CNN_1102021624450053130714_E_276,110.0
3492,149,CNN_1102021624450053130714_E_276,110.0
3594,149,CNN_1102021624450053130714_E_276,110.0
352,149,CNN_1102021624450053130714_E_276,110.0
297,150,CNN_630Z3_E_29040_1,110.0
801,150,CNN_630Z3_E_29040_4,110.0
438,150,CNN_630Z3_E_29040_2,110.0
687,151,CNN_0504220831140527826663_E_222,110.0
963,151,CNN_0504220831140527826663_E_222,110.0
803,151,CNN_0504220831140527826663_E_222,110.0
2733,152,CNN_0504171610540037630100_E_284,110.0
805,152,CNN_0504171610540037630100_E_284,110.0
1406,152,CNN_0504171610540037630100_E_284,110.0
806,153,CNN_12211.180 W6 blau_E_26462_2,110.0
2923,153,CNN_12211.180 W6 blau_E_26462_1,110.0
2296,153,CNN_12211.180 W6 blau_E_26462_5,110.0
744,153,CNN_12211.180 W6 blau_E_26462_3,110.0
2770,153,CNN_12211.180 W6 blau_E_26462_4,110.0
1455,154,CNN_0504131036470008318838_E_203,110.0
819,154,CNN_0504131036470008318838_E_203,110.0
3211,154,CNN_0504131036470008318838_E_203,110.0
3517,155,CNN_335B_J_3352_7,6.0
3506,155,CNN_335B_J_3352_1,6.0
670,155,CNN_335B_J_3352_5,6.0
3446,155,CNN_335B_J_3352_2,6.0
820,155,CNN_335B_J_3352_4,6.0
822,156,CNN_268O_E_26138_3,110.0
1925,157,CNN_64001.39n U6/1 schwarz_E_293,110.0
833,157,CNN_64001.39n U6/1 schwarz_E_293,110.0
2967,157,CNN_64001.39n U6/1 schwarz_E_293,110.0
840,158,CNN_66001.11 O6/1 blau_E_19748_1,110.0
1425,158,CNN_66001.11 O6/1 blau_E_19748_2,110.0
209,158,CNN_66001.11 O6/1 blau_E_19748_3,110.0
545,159,CNN_60001.66 C6/1 grün_E_5517_3,110.0
659,159,CNN_60001.66 C6/1 grün_E_5517_4,110.0
849,159,CNN_60001.66 C6/1 grün_E_5517_2,110.0
530,159,CNN_60001.66 C6/1 grün_E_5517_1,110.0
854,160,CNN_335B_E_3351_3,110.0
856,161,CNN_1003031532260049706226_E_128,110.0
3458,161,CNN_1003031532260049706226_E_128,110.0
2714,161,CNN_1003031532260049706226_E_128,110.0
3620,162,CNN_0602241915490229117710_E_103,110.0
857,162,CNN_0602241915490229117710_E_103,110.0
2938,162,CNN_0602241915490229117710_E_103,110.0
1735,163,CNN_51503.18 D5/2 gelb_E_11930_2,110.0
327,163,CNN_51503.18 D5/2 gelb_E_11930_1,110.0
866,163,CNN_51503.18 D5/2 gelb_E_11930_3,110.0
689,164,CNN_679F_E_10791_2,110.0
1836,164,CNN_679F_E_10791_4,110.0
872,164,CNN_679F_E_10791_1,110.0
2691,165,CNN_0504191310140029728608_E_217,110.0
1054,165,CNN_0504191310140029728608_E_217,110.0
888,165,CNN_0504191310140029728608_E_217,110.0
1910,166,CNN_0504140857120447294852_E_330,110.0
889,166,CNN_0504140857120447294852_E_330,110.0
894,166,CNN_0504140857120447294852_E_330,110.0
1019,167,CNN_423E_E_22253_14,110.0
1179,167,CNN_423E_E_22253_6,110.0
3704,167,CNN_423E_E_22253_9,110.0
2747,167,CNN_423E_E_22253_15,110.0
970,167,CNN_423E_E_22253_8,110.0
2220,167,CNN_423E_E_22253_10,110.0
1923,167,CNN_423E_E_22253_16,110.0
740,167,CNN_423E_E_22253_1,110.0
1694,167,CNN_423E_E_22253_4,110.0
3588,167,CNN_423E_E_22253_13,110.0
2549,167,CNN_423E_E_22253_11,110.0
2109,167,CNN_423E_E_22253_12,110.0
896,167,CNN_423E_E_22253_7,110.0
1073,167,CNN_423E_E_22253_3,110.0
244,167,CNN_423E_E_22253_5,110.0
3239,168,CNN_385B_E_19_11,110.0
2763,168,CNN_385B_E_19_8,110.0
2882,168,CNN_385B_E_19_27,110.0
1377,168,CNN_385B_E_19_28,110.0
3052,168,CNN_385B_E_19_16,110.0
1521,168,CNN_385B_E_19_21,110.0
3406,168,CNN_385B_E_19_4,110.0
3666,168,CNN_385B_E_19_7,110.0
940,168,CNN_385B_E_19_32,110.0
690,168,CNN_385B_E_19_30,110.0
3561,168,CNN_385B_E_19_19,110.0
316,168,CNN_385B_E_19_23,110.0
2717,168,CNN_385B_E_19_3,110.0
3772,168,CNN_385B_E_19_6,110.0
3496,168,CNN_385B_E_19_5,110.0
2724,168,CNN_385B_E_19_9,110.0
564,168,CNN_385B_E_19_10,110.0
1903,168,CNN_385B_E_19_15,110.0
900,168,CNN_385B_E_19_31,110.0
1767,168,CNN_385B_E_19_14,110.0
3542,168,CNN_385B_E_19_20,110.0
1434,168,CNN_385B_E_19_13,110.0
2911,168,CNN_385B_E_19_17,110.0
3774,168,CNN_385B_E_19_26,110.0
3209,168,CNN_385B_E_19_22,110.0
2568,168,CNN_385B_E_19_1,110.0
3176,169,CNN_687_J_10046_4,20.0
902,169,CNN_687_J_10046_38,20.0
906,170,CNN_1U_J_5646_123,20.0
1007,170,CNN_1U_J_5646_48,20.0
3100,170,CNN_1U_J_5646_7,20.0
1480,170,CNN_1U_J_5646_58,20.0
916,171,CNN_122U_H_19835_1,30.0
920,172,CNN_11611.87a R11 schwarz_E_1963,110.0
3299,172,CNN_11611.87a R11 schwarz_E_1963,110.0
1522,172,CNN_11611.87a R11 schwarz_E_1963,110.0
922,173,CNN_605U1_J_20814_42,20.0
1091,173,CNN_605U1_J_20814_13,20.0
2321,174,CNN_0505100937040125940094_E_334,110.0
929,174,CNN_0505100937040125940094_E_334,110.0
474,174,CNN_0505100937040125940094_E_334,110.0
1395,174,CNN_0505100937040125940094_E_334,110.0
1666,175,CNN_11611.32 R11 schwarz_E_19635,110.0
930,175,CNN_11611.32 R11 schwarz_E_19635,110.0
3631,175,CNN_11611.32 R11 schwarz_E_19635,110.0
1486,175,CNN_11611.32 R11 schwarz_E_19635,110.0
931,176,CNN_173A_H_18548_1,30.0
1588,177,CNN_66001.9 O6/2 grün_E_19732_3,110.0
2566,177,CNN_66001.9 O6/2 grün_E_19732_1,110.0
936,177,CNN_66001.9 O6/2 grün_E_19732_2,110.0
2813,178,CNN_1604041726400054850519_E_17_,110.0
1198,178,CNN_1604041726400054850519_E_17_,110.0
947,178,CNN_1604041726400054850519_E_17_,110.0
952,179,CNN_729_J_28455_1,10.0
3018,180,CNN_1010092240070096140408_E_331,110.0
960,180,CNN_1010092240070096140408_E_331,110.0
3074,180,CNN_1010092240070096140408_E_331,110.0
2581,181,CNN_0505071241190465481030_E_467,110.0
961,181,CNN_0505071241190465481030_E_467,110.0
3050,181,CNN_0505071241190465481030_E_467,110.0
968,182,CNN_0505061617000975065868_E_4_1,110.0
2613,182,CNN_0505061617000975065868_E_4_3,110.0
3575,182,CNN_0505061617000975065868_E_4_2,110.0
1612,183,CNN_1611022028260005063975_E_185,110.0
972,183,CNN_1611022028260005063975_E_185,110.0
875,183,CNN_1611022028260005063975_E_185,110.0
978,184,CNN_1001171505080210668640_E_918,110.0
1899,184,CNN_1001171505080210668640_E_918,110.0
1839,184,CNN_1001171505080210668640_E_918,110.0
2469,185,CNN_60001.66 C6/2 gelb_E_5530_4,110.0
984,185,CNN_60001.66 C6/2 gelb_E_5530_3,110.0
1750,185,CNN_60001.66 C6/2 gelb_E_5530_2,110.0
3478,185,CNN_60001.66 C6/2 gelb_E_5530_1,110.0
3712,186,CNN_113F_J_21809_4,20.0
3320,186,CNN_113F_J_21809_11,20.0
985,186,CNN_113F_J_21809_14,20.0
988,187,CNN_339H_J_3336_4,6.0
258,187,CNN_339H_J_3336_7,6.0
113,187,CNN_339H_J_3336_3,6.0
486,187,CNN_339H_J_3336_1,6.0
3541,187,CNN_339H_J_3336_5,6.0
3667,188,CNN_395A_E_20331_11,110.0
2409,188,CNN_395A_E_20331_12,110.0
912,188,CNN_395A_E_20331_10,110.0
3422,188,CNN_395A_E_20331_3,110.0
2128,188,CNN_395A_E_20331_6,110.0
60,188,CNN_395A_E_20331_9,110.0
1913,188,CNN_395A_E_20331_2,110.0
992,188,CNN_395A_E_20331_14,110.0
1133,188,CNN_395A_E_20331_4,110.0
21,188,CNN_395A_E_20331_1,110.0
3360,188,CNN_395A_E_20331_7,110.0
1496,188,CNN_395A_E_20331_13,110.0
3686,189,CNN_486E_J_10395_4,10.0
999,189,CNN_486E_J_10395_6,10.0
3223,189,CNN_486E_J_10395_1,10.0
1005,190,CNN_0505061756290233927735_E_185,110.0
3719,190,CNN_0505061756290233927735_E_185,110.0
1146,190,CNN_0505061756290233927735_E_185,110.0
1541,190,CNN_0505061756290233927735_E_185,110.0
426,191,CNN_0504190925320003861097_E_550,110.0
2166,191,CNN_0504190925320003861097_E_550,110.0
1008,191,CNN_0504190925320003861097_E_550,110.0
593,192,CNN_182_J_1062_79,20.0
1010,192,CNN_182_J_1062_111,20.0
3502,192,CNN_182_J_1062_15,20.0
1018,193,CNN_62101.180/10 W6A blau_E_2646,110.0
2850,193,CNN_62101.180/10 W6A blau_E_2646,110.0
955,193,CNN_62101.180/10 W6A blau_E_2646,110.0
3294,194,CNN_589U1_E_5495_19,110.0
1024,194,CNN_589U1_E_5495_27,110.0
143,194,CNN_589U1_E_5495_20,110.0
2514,194,CNN_589U1_E_5495_38,110.0
3107,194,CNN_589U1_E_5495_14,110.0
107,194,CNN_589U1_E_5495_12,110.0
335,194,CNN_589U1_E_5495_23,110.0
3312,194,CNN_589U1_E_5495_37,110.0
1727,194,CNN_589U1_E_5495_21,110.0
1076,194,CNN_589U1_E_5495_10,110.0
2299,194,CNN_589U1_E_5495_4,110.0
2925,194,CNN_589U1_E_5495_1,110.0
1994,194,CNN_589U1_E_5495_33,110.0
714,194,CNN_589U1_E_5495_35,110.0
1777,194,CNN_589U1_E_5495_17,110.0
1344,194,CNN_589U1_E_5495_24,110.0
3281,194,CNN_589U1_E_5495_28,110.0
810,194,CNN_589U1_E_5495_29,110.0
787,194,CNN_589U1_E_5495_13,110.0
3030,194,CNN_589U1_E_5495_39,110.0
645,194,CNN_589U1_E_5495_8,110.0
1461,194,CNN_589U1_E_5495_25,110.0
2903,194,CNN_589U1_E_5495_22,110.0
957,194,CNN_589U1_E_5495_6,110.0
537,194,CNN_589U1_E_5495_16,110.0
104,194,CNN_589U1_E_5495_34,110.0
1559,194,CNN_589U1_E_5495_3,110.0
1655,194,CNN_589U1_E_5495_9,110.0
2645,195,CNN_55U_J_12897_9,20.0
1032,195,CNN_55U_J_12897_28,20.0
2186,195,CNN_55U_J_12897_22,20.0
3269,196,CNN_389A_E_2769_3,110.0
1040,196,CNN_389A_E_2769_8,110.0
1906,196,CNN_389A_E_2769_6,110.0
2693,196,CNN_389A_E_2769_4,110.0
1111,197,CNN_0504131449550061278761_E_290,110.0
1042,197,CNN_0504131449550061278761_E_290,110.0
2460,197,CNN_0504131449550061278761_E_290,110.0
2546,198,CNN_1111042239390234391664_E_284,110.0
1048,198,CNN_1111042239390234391664_E_284,110.0
2710,198,CNN_1111042239390234391664_E_284,110.0
98,199,CNN_0504190848360160824960_E_550,110.0
1057,199,CNN_0504190848360160824960_E_550,110.0
3570,199,CNN_0504190848360160824960_E_550,110.0
1059,200,CNN_732M_E_28473_1,110.0
1088,201,CNN_1011072033470024663500_E_276,110.0
48,201,CNN_1011072033470024663500_E_276,110.0
3090,201,CNN_1011072033470024663500_E_276,110.0
3105,202,CNN_719_J_10788_25,20.0
1092,202,CNN_719_J_10788_78,20.0
1870,203,CNN_0503191711250199636244_E_171,110.0
2491,203,CNN_0503191711250199636244_E_171,110.0
1096,203,CNN_0503191711250199636244_E_171,110.0
1107,204,CNN_1206172141070008005690_E_549,110.0
1399,204,CNN_1206172141070008005690_E_549,110.0
1572,204,CNN_1206172141070008005690_E_549,110.0
1108,205,CNN_279A_J_14978_51,20.0
959,205,CNN_279A_J_14978_5,20.0
1110,206,CNN_168F_J_1344_39,20.0
2650,206,CNN_168F_J_1344_11,20.0
3534,207,CNN_1102021624450231749824_E_197,110.0
57,207,CNN_1102021624450231749824_E_197,110.0
1112,207,CNN_1102021624450231749824_E_197,110.0
1130,208,CNN_205B_E_1057_7,110.0
1891,208,CNN_205B_E_1057_1,110.0
249,208,CNN_205B_E_1057_5,110.0
439,208,CNN_205B_E_1057_9,110.0
1960,208,CNN_205B_E_1057_12,110.0
3397,208,CNN_205B_E_1057_4,110.0
2509,208,CNN_205B_E_1057_3,110.0
1121,208,CNN_205B_E_1057_2,110.0
969,208,CNN_205B_E_1057_10,110.0
1577,208,CNN_205B_E_1057_8,110.0
1566,208,CNN_205B_E_1057_11,110.0
1241,209,CNN_F12R_C_18529_1,380.0
653,209,CNN_F12R_C_18529_5,380.0
1122,209,CNN_F12R_C_18529_17,380.0
390,209,CNN_F12R_C_18529_8,380.0
1937,209,CNN_F12R_C_18529_12,380.0
2274,209,CNN_F12R_C_18529_10,380.0
50,209,CNN_F12R_C_18529_4,380.0
1834,209,CNN_F12R_C_18529_11,380.0
2471,209,CNN_F12R_C_18529_16,380.0
424,209,CNN_F12R_C_18529_6,380.0
1126,210,CNN_724D_E_3324_3,110.0
1154,211,CNN_0504171610540257452641_E_284,110.0
2863,211,CNN_0504171610540257452641_E_284,110.0
1129,211,CNN_0504171610540257452641_E_284,110.0
2102,212,CNN_732M_E_28473_2,110.0
1142,212,CNN_732M_E_28473_4,110.0
852,212,CNN_732M_E_28473_3,110.0
1145,213,CNN_0504190848360363697221_E_212,110.0
6,213,CNN_0504190848360363697221_E_212,110.0
151,213,CNN_0504190848360363697221_E_212,110.0
3102,214,CNN_61501.37N X6/1 grün_E_5521_1,110.0
1781,214,CNN_61501.37N X6/1 grün_E_5521_2,110.0
580,214,CNN_61501.37N X6/1 grün_E_5521_3,110.0
1150,214,CNN_61501.37N X6/1 grün_E_5521_4,110.0
1153,215,CNN_0505100928370003614135_E_334,110.0
2959,215,CNN_0505100928370003614135_E_334,110.0
3373,215,CNN_0505100928370003614135_E_334,110.0
3042,215,CNN_0505100928370003614135_E_334,110.0
2127,216,CNN_0505101433070086502096_E_284,110.0
1155,216,CNN_0505101433070086502096_E_284,110.0
1749,216,CNN_0505101433070086502096_E_284,110.0
863,217,CNN_1611022022200188204214_E_276,110.0
1670,217,CNN_1611022022200188204214_E_276,110.0
1157,217,CNN_1611022022200188204214_E_276,110.0
264,218,CNN_F102NS_E_5501_22,110.0
1217,218,CNN_F102NS_E_5501_12,110.0
2847,218,CNN_F102NS_E_5501_5,110.0
1502,218,CNN_F102NS_E_5501_19,110.0
2758,218,CNN_F102NS_E_5501_31,110.0
3637,218,CNN_F102NS_E_5501_14,110.0
278,218,CNN_F102NS_E_5501_18,110.0
2337,218,CNN_F102NS_E_5501_30,110.0
2001,218,CNN_F102NS_E_5501_10,110.0
2607,218,CNN_F102NS_E_5501_1,110.0
3080,218,CNN_F102NS_E_5501_15,110.0
1610,218,CNN_F102NS_E_5501_23,110.0
1034,218,CNN_F102NS_E_5501_16,110.0
1070,218,CNN_F102NS_E_5501_7,110.0
2006,218,CNN_F102NS_E_5501_21,110.0
1711,218,CNN_F102NS_E_5501_20,110.0
1348,218,CNN_F102NS_E_5501_3,110.0
1163,218,CNN_F102NS_E_5501_33,110.0
1993,218,CNN_F102NS_E_5501_29,110.0
2145,218,CNN_F102NS_E_5501_8,110.0
1244,218,CNN_F102NS_E_5501_17,110.0
2606,218,CNN_F102NS_E_5501_9,110.0
2075,219,CNN_0505100743570264919234_E_261,110.0
1169,219,CNN_0505100743570264919234_E_261,110.0
926,219,CNN_0505100743570264919234_E_261,110.0
573,219,CNN_0505100743570264919234_E_261,110.0
1094,220,CNN_0505101121490234838464_E_333,110.0
1177,220,CNN_0505101121490234838464_E_333,110.0
1166,220,CNN_0505101121490234838464_E_333,110.0
2282,220,CNN_0505101121490234838464_E_333,110.0
2206,221,CNN_253H_E_26118_9,110.0
2983,221,CNN_253H_E_26118_6,110.0
3004,221,CNN_253H_E_26118_4,110.0
2504,221,CNN_253H_E_26118_10,110.0
2798,221,CNN_253H_E_26118_5,110.0
3453,221,CNN_253H_E_26118_8,110.0
3181,221,CNN_253H_E_26118_7,110.0
2437,221,CNN_253H_E_26118_3,110.0
1187,221,CNN_253H_E_26118_11,110.0
3113,221,CNN_253H_E_26118_12,110.0
3402,222,CNN_0602241915490484204740_E_103,110.0
1193,222,CNN_0602241915490484204740_E_103,110.0
1462,222,CNN_0602241915490484204740_E_103,110.0
1195,223,CNN__E_5_1,110.0
2328,224,CNN_0504171705280054636210_E_218,110.0
1650,224,CNN_0504171705280054636210_E_218,110.0
1200,224,CNN_0504171705280054636210_E_218,110.0
1979,225,CNN_630Z3_J_29041_4,6.0
1710,225,CNN_630Z3_J_29041_2,6.0
953,225,CNN_630Z3_J_29041_6,6.0
716,225,CNN_630Z3_J_29041_1,6.0
2979,225,CNN_630Z3_J_29041_5,6.0
1581,225,CNN_630Z3_J_29041_7,6.0
1207,225,CNN_630Z3_J_29041_3,6.0
1216,226,CNN_60007.66/9 C6/1A grün_E_6035,110.0
956,226,CNN_60007.66/9 C6/1A grün_E_6035,110.0
2551,226,CNN_60007.66/9 C6/1A grün_E_6035,110.0
1218,227,CNN_685B_E_10359_1,110.0
1222,228,CNN__E_10370_1,110.0
1226,229,CNN_A630D6_E_29038_1,110.0
1233,230,CNN__E_6_1,110.0
1240,231,CNN_630A4_E_3320_1,110.0
1248,232,CNN_55U_J_12897_1,20.0
2865,233,CNN_1311302224290037197069_E_103,110.0
1516,233,CNN_1311302224290037197069_E_103,110.0
1256,233,CNN_1311302224290037197069_E_103,110.0
3198,234,CNN_613U_H_18543_3,30.0
2500,234,CNN_613U_H_18543_2,30.0
1259,234,CNN_613U_H_18543_1,30.0
1264,235,CNN_69001.224 R6/1 violett_E_261,110.0
2467,235,CNN_69001.224 R6/1 violett_E_261,110.0
1614,235,CNN_69001.224 R6/1 violett_E_261,110.0
2313,235,CNN_69001.224 R6/1 violett_E_261,110.0
1265,236,CNN_613U_H_18540_1,30.0
2643,237,CNN_1403301322070756819756_E_135,110.0
342,237,CNN_1403301322070756819756_E_135,110.0
1266,237,CNN_1403301322070756819756_E_135,110.0
1780,237,CNN_1403301322070756819756_E_135,110.0
1868,238,CNN_113F_J_21809_10,20.0
2225,238,CNN_113F_J_21809_3,20.0
1271,238,CNN_113F_J_21809_16,20.0
205,239,CNN_0503201207150114124435_E_128,110.0
1957,239,CNN_0503201207150114124435_E_128,110.0
2101,239,CNN_0503201207150114124435_E_128,110.0
1272,239,CNN_0503201207150114124435_E_128,110.0
1280,240,CNN_529N_E_28_6,110.0
3342,240,CNN_529N_E_28_7,110.0
868,240,CNN_529N_E_28_1,110.0
1828,240,CNN_529N_E_28_2,110.0
606,240,CNN_529N_E_28_3,110.0
1075,240,CNN_529N_E_28_11,110.0
2676,240,CNN_529N_E_28_10,110.0
1123,240,CNN_529N_E_28_9,110.0
1573,240,CNN_529N_E_28_8,110.0
3395,240,CNN_529N_E_28_5,110.0
2895,241,CNN_625_E_1053_29,110.0
3295,241,CNN_625_E_1053_53,110.0
179,241,CNN_625_E_1053_21,110.0
1812,241,CNN_625_E_1053_6,110.0
983,241,CNN_625_E_1053_1,110.0
2667,241,CNN_625_E_1053_23,110.0
919,241,CNN_625_E_1053_31,110.0
1283,241,CNN_625_E_1053_37,110.0
2140,241,CNN_625_E_1053_44,110.0
312,241,CNN_625_E_1053_10,110.0
1582,241,CNN_625_E_1053_17,110.0
3595,241,CNN_625_E_1053_19,110.0
535,241,CNN_625_E_1053_7,110.0
2543,241,CNN_625_E_1053_2,110.0
422,241,CNN_625_E_1053_39,110.0
2746,241,CNN_625_E_1053_22,110.0
147,241,CNN_625_E_1053_26,110.0
3577,241,CNN_625_E_1053_55,110.0
1284,242,CNN_309G_J_2475_57,20.0
2580,242,CNN_309G_J_2475_12,20.0
1590,243,CNN_630F2_E_3309_33,110.0
2279,243,CNN_630F2_E_3309_6,110.0
2736,243,CNN_630F2_E_3309_1,110.0
809,243,CNN_630F2_E_3309_36,110.0
628,243,CNN_630F2_E_3309_32,110.0
181,243,CNN_630F2_E_3309_23,110.0
1389,243,CNN_630F2_E_3309_14,110.0
678,243,CNN_630F2_E_3309_17,110.0
711,243,CNN_630F2_E_3309_5,110.0
3003,243,CNN_630F2_E_3309_35,110.0
2233,243,CNN_630F2_E_3309_26,110.0
3606,243,CNN_630F2_E_3309_24,110.0
226,243,CNN_630F2_E_3309_15,110.0
2840,243,CNN_630F2_E_3309_2,110.0
1597,243,CNN_630F2_E_3309_12,110.0
2791,243,CNN_630F2_E_3309_31,110.0
89,243,CNN_630F2_E_3309_8,110.0
1745,243,CNN_630F2_E_3309_34,110.0
1288,243,CNN_630F2_E_3309_25,110.0
909,243,CNN_630F2_E_3309_11,110.0
2506,243,CNN_630F2_E_3309_22,110.0
1562,243,CNN_630F2_E_3309_20,110.0
2672,243,CNN_630F2_E_3309_30,110.0
491,243,CNN_630F2_E_3309_16,110.0
529,243,CNN_630F2_E_3309_10,110.0
361,243,CNN_630F2_E_3309_9,110.0
2414,243,CNN_630F2_E_3309_21,110.0
2344,243,CNN_630F2_E_3309_7,110.0
2891,244,CNN_2U_J_6794_1,10.0
2214,244,CNN_2U_J_6794_13,10.0
1305,244,CNN_2U_J_6794_38,10.0
2152,245,CNN_0503251528580835993008_E_103,110.0
374,245,CNN_0503251528580835993008_E_103,110.0
1312,245,CNN_0503251528580835993008_E_103,110.0
1532,246,CNN_11501.86 V11 gelb_E_31065_1,110.0
1131,246,CNN_11501.86 V11 gelb_E_31065_3,110.0
1337,246,CNN_11501.86 V11 gelb_E_31065_2,110.0
1020,247,CNN_0505101121490099191088_E_333,110.0
2806,247,CNN_0505101121490099191088_E_333,110.0
2579,247,CNN_0505101121490099191088_E_333,110.0
1339,247,CNN_0505101121490099191088_E_333,110.0
1061,248,CNN_0603240901060385321800_E_198,110.0
1353,248,CNN_0603240901060385321800_E_198,110.0
1734,248,CNN_0603240901060385321800_E_198,110.0
589,249,CNN_1007211307130079917012_E_7_1,110.0
1647,249,CNN_1007211307130079917012_E_7_3,110.0
1354,249,CNN_1007211307130079917012_E_7_2,110.0
1220,250,CNN_0805161413360569997183_E_193,110.0
1355,250,CNN_0805161413360569997183_E_193,110.0
381,250,CNN_0805161413360569997183_E_193,110.0
3414,250,CNN_0805161413360569997183_E_193,110.0
2492,251,CNN_733_J_9179_12,20.0
1357,251,CNN_733_J_9179_39,20.0
1517,252,CNN_0504191310140343269885_E_551,110.0
1505,252,CNN_0504191310140343269885_E_551,110.0
2429,252,CNN_0504191310140343269885_E_551,110.0
1360,252,CNN_0504191310140343269885_E_551,110.0
1375,253,CNN_0504220936230037520775_E_20_,110.0
2276,253,CNN_0504220936230037520775_E_20_,110.0
1580,253,CNN_0504220936230037520775_E_20_,110.0
36,253,CNN_0504220936230037520775_E_20_,110.0
3319,254,CNN_712_E_18556_30,110.0
766,254,CNN_712_E_18556_36,110.0
1210,254,CNN_712_E_18556_19,110.0
1171,254,CNN_712_E_18556_37,110.0
764,254,CNN_712_E_18556_33,110.0
1973,254,CNN_712_E_18556_43,110.0
1980,254,CNN_712_E_18556_17,110.0
223,254,CNN_712_E_18556_1,110.0
2632,254,CNN_712_E_18556_16,110.0
1346,254,CNN_712_E_18556_2,110.0
619,254,CNN_712_E_18556_32,110.0
1701,254,CNN_712_E_18556_25,110.0
446,254,CNN_712_E_18556_6,110.0
2479,254,CNN_712_E_18556_21,110.0
939,254,CNN_712_E_18556_44,110.0
1379,254,CNN_712_E_18556_8,110.0
1922,254,CNN_712_E_18556_28,110.0
3582,254,CNN_712_E_18556_12,110.0
1908,254,CNN_712_E_18556_13,110.0
924,254,CNN_712_E_18556_15,110.0
2315,254,CNN_712_E_18556_9,110.0
117,254,CNN_712_E_18556_22,110.0
1136,254,CNN_712_E_18556_24,110.0
1380,255,CNN__E_10384_1,110.0
1387,256,CNN_2U_J_6793_15,20.0
2487,257,CNN_734_C_18549_1,380.0
1390,257,CNN_734_C_18549_2,380.0
1392,258,CNN_1206172141070161823552_E_550,110.0
461,258,CNN_1206172141070161823552_E_550,110.0
2265,258,CNN_1206172141070161823552_E_550,110.0
3505,259,CNN_1206172141070071942878_E_550,110.0
3514,259,CNN_1206172141070071942878_E_550,110.0
1408,259,CNN_1206172141070071942878_E_550,110.0
1411,260,CNN_1103170726430008716860_E_330,110.0
2318,260,CNN_1103170726430008716860_E_330,110.0
1437,260,CNN_1103170726430008716860_E_330,110.0
359,261,CNN_625W_E_10378_9,110.0
2175,261,CNN_625W_E_10378_11,110.0
1418,261,CNN_625W_E_10378_10,110.0
3661,262,CNN_391L_E_18561_2,110.0
1766,262,CNN_391L_E_18561_3,110.0
1422,262,CNN_391L_E_18561_1,110.0
3020,263,CNN_301N_E_3333_9,110.0
2236,263,CNN_301N_E_3333_4,110.0
665,263,CNN_301N_E_3333_7,110.0
3326,263,CNN_301N_E_3333_10,110.0
1443,263,CNN_301N_E_3333_3,110.0
3007,263,CNN_301N_E_3333_15,110.0
1448,263,CNN_301N_E_3333_16,110.0
148,263,CNN_301N_E_3333_1,110.0
1290,263,CNN_301N_E_3333_12,110.0
2363,263,CNN_301N_E_3333_6,110.0
1623,263,CNN_301N_E_3333_13,110.0
203,263,CNN_301N_E_3333_14,110.0
1322,263,CNN_301N_E_3333_5,110.0
1446,264,CNN_651_J_11940_47,20.0
186,264,CNN_651_J_11940_1,20.0
1451,265,CNN_173A_C_18545_1,380.0
1458,266,CNN_122U_J_17648_38,10.0
2342,266,CNN_122U_J_17648_12,10.0
2870,267,CNN_359A_E_26123_2,110.0
3228,267,CNN_359A_E_26123_1,110.0
1464,267,CNN_359A_E_26123_4,110.0
1466,268,CNN_36W_J_14449_45,20.0
841,268,CNN_36W_J_14449_12,20.0
3438,269,CNN_724D_J_3325_6,6.0
842,269,CNN_724D_J_3325_5,6.0
3386,269,CNN_724D_J_3325_1,6.0
54,269,CNN_724D_J_3325_3,6.0
1470,269,CNN_724D_J_3325_4,6.0
1382,270,CNN_53001.201 Q5/1 gelb_E_9186_2,110.0
1359,270,CNN_53001.201 Q5/1 gelb_E_9186_1,110.0
1472,270,CNN_53001.201 Q5/1 gelb_E_9186_3,110.0
1474,271,CNN_542Q2_E_26141_3,110.0
772,272,CNN_428_E_27_29,110.0
858,272,CNN_428_E_27_10,110.0
3610,272,CNN_428_E_27_1,110.0
3333,272,CNN_428_E_27_31,110.0
2621,272,CNN_428_E_27_14,110.0
1038,272,CNN_428_E_27_11,110.0
3598,272,CNN_428_E_27_15,110.0
2158,272,CNN_428_E_27_19,110.0
1098,272,CNN_428_E_27_23,110.0
3416,272,CNN_428_E_27_4,110.0
15,272,CNN_428_E_27_6,110.0
1475,272,CNN_428_E_27_20,110.0
1478,273,CNN_168F_J_1344_38,20.0
3646,273,CNN_168F_J_1344_6,20.0
1039,274,CNN_F675B_J_29025_2,6.0
3,274,CNN_F675B_J_29025_7,6.0
1483,274,CNN_F675B_J_29025_3,6.0
90,274,CNN_F675B_J_29025_1,6.0
2352,274,CNN_F675B_J_29025_6,6.0
418,274,CNN_F675B_J_29025_4,6.0
669,274,CNN_F675B_J_29025_5,6.0
114,275,CNN_1604041726400144776820_E_15_,110.0
1490,275,CNN_1604041726400144776820_E_15_,110.0
1239,275,CNN_1604041726400144776820_E_15_,110.0
1605,276,CNN_F10R_C_18519_6,380.0
51,276,CNN_F10R_C_18519_17,380.0
578,276,CNN_F10R_C_18519_44,380.0
1156,276,CNN_F10R_C_18519_27,380.0
1773,276,CNN_F10R_C_18519_4,380.0
3767,276,CNN_F10R_C_18519_43,380.0
2617,276,CNN_F10R_C_18519_37,380.0
3449,276,CNN_F10R_C_18519_39,380.0
750,276,CNN_F10R_C_18519_16,380.0
2654,276,CNN_F10R_C_18519_9,380.0
1308,276,CNN_F10R_C_18519_23,380.0
502,276,CNN_F10R_C_18519_14,380.0
1286,276,CNN_F10R_C_18519_21,380.0
1435,276,CNN_F10R_C_18519_10,380.0
293,276,CNN_F10R_C_18519_42,380.0
884,276,CNN_F10R_C_18519_40,380.0
1990,276,CNN_F10R_C_18519_11,380.0
1484,276,CNN_F10R_C_18519_24,380.0
811,276,CNN_F10R_C_18519_1,380.0
1494,276,CNN_F10R_C_18519_8,380.0
1951,276,CNN_F10R_C_18519_25,380.0
3247,276,CNN_F10R_C_18519_13,380.0
115,277,CNN_58001.233b B5 schwarz_E_2033,110.0
237,277,CNN_58001.233b B5 schwarz_E_2033,110.0
1497,277,CNN_58001.233b B5 schwarz_E_2033,110.0
663,278,CNN_1304170736280037317024_E_163,110.0
1301,278,CNN_1304170736280037317024_E_163,110.0
1498,278,CNN_1304170736280037317024_E_163,110.0
3091,278,CNN_1304170736280037317024_E_163,110.0
2316,279,CNN_675B_E_3327_2,110.0
83,279,CNN_675B_E_3327_7,110.0
773,279,CNN_675B_E_3327_6,110.0
945,279,CNN_675B_E_3327_12,110.0
3169,279,CNN_675B_E_3327_14,110.0
2071,279,CNN_675B_E_3327_15,110.0
3226,279,CNN_675B_E_3327_11,110.0
2687,279,CNN_675B_E_3327_3,110.0
2104,279,CNN_675B_E_3327_8,110.0
34,279,CNN_675B_E_3327_17,110.0
539,279,CNN_675B_E_3327_5,110.0
2569,279,CNN_675B_E_3327_10,110.0
1504,279,CNN_675B_E_3327_1,110.0
2785,279,CNN_675B_E_3327_16,110.0
3259,280,CNN_697S_E_2764_1,110.0
1628,280,CNN_697S_E_2764_30,110.0
698,280,CNN_697S_E_2764_33,110.0
3757,280,CNN_697S_E_2764_23,110.0
2120,280,CNN_697S_E_2764_12,110.0
3591,280,CNN_697S_E_2764_26,110.0
3048,280,CNN_697S_E_2764_24,110.0
2525,280,CNN_697S_E_2764_32,110.0
2074,280,CNN_697S_E_2764_8,110.0
1560,280,CNN_697S_E_2764_29,110.0
1087,280,CNN_697S_E_2764_34,110.0
1991,280,CNN_697S_E_2764_18,110.0
1555,280,CNN_697S_E_2764_25,110.0
3168,280,CNN_697S_E_2764_13,110.0
1807,280,CNN_697S_E_2764_21,110.0
256,280,CNN_697S_E_2764_20,110.0
904,280,CNN_697S_E_2764_17,110.0
1816,280,CNN_697S_E_2764_15,110.0
1519,280,CNN_697S_E_2764_3,110.0
641,280,CNN_697S_E_2764_16,110.0
751,280,CNN_697S_E_2764_14,110.0
2958,281,CNN_11351.122 O11 rot_E_31201_3,110.0
1025,281,CNN_11351.122 O11 rot_E_31201_1,110.0
1245,281,CNN_11351.122 O11 rot_E_31201_2,110.0
1526,281,CNN_11351.122 O11 rot_E_31201_4,110.0
3676,282,CNN_0505101433070124904430_E_284,110.0
195,282,CNN_0505101433070124904430_E_284,110.0
1529,282,CNN_0505101433070124904430_E_284,110.0
3129,283,CNN_0503251810190523488210_E_103,110.0
2586,283,CNN_0503251810190523488210_E_103,110.0
1761,283,CNN_0503251810190523488210_E_103,110.0
1536,283,CNN_0503251810190523488210_E_103,110.0
2980,284,CNN_265_E_11933_13,110.0
399,284,CNN_265_E_11933_24,110.0
2697,284,CNN_265_E_11933_19,110.0
3276,284,CNN_265_E_11933_3,110.0
3455,284,CNN_265_E_11933_1,110.0
2703,284,CNN_265_E_11933_20,110.0
2025,284,CNN_265_E_11933_25,110.0
2113,284,CNN_265_E_11933_8,110.0
2934,284,CNN_265_E_11933_28,110.0
617,284,CNN_265_E_11933_6,110.0
1252,284,CNN_265_E_11933_12,110.0
3415,284,CNN_265_E_11933_23,110.0
880,284,CNN_265_E_11933_5,110.0
2431,284,CNN_265_E_11933_18,110.0
3450,284,CNN_265_E_11933_27,110.0
1539,284,CNN_265_E_11933_9,110.0
895,284,CNN_265_E_11933_16,110.0
3034,284,CNN_265_E_11933_10,110.0
1616,284,CNN_265_E_11933_14,110.0
525,284,CNN_265_E_11933_21,110.0
1986,284,CNN_265_E_11933_15,110.0
1358,284,CNN_265_E_11933_7,110.0
3431,285,CNN_1009081042390193523056_E_103,110.0
3469,285,CNN_1009081042390193523056_E_103,110.0
1540,285,CNN_1009081042390193523056_E_103,110.0
1542,286,CNN_632_E_28482_9,110.0
2350,286,CNN_632_E_28482_3,110.0
333,286,CNN_632_E_28482_13,110.0
2553,286,CNN_632_E_28482_4,110.0
2713,286,CNN_632_E_28482_6,110.0
2126,286,CNN_632_E_28482_1,110.0
2803,286,CNN_632_E_28482_12,110.0
1325,286,CNN_632_E_28482_10,110.0
2809,286,CNN_632_E_28482_8,110.0
1065,286,CNN_632_E_28482_11,110.0
1543,287,CNN_428_J_8236_65,20.0
1975,287,CNN_428_J_8236_8,20.0
3707,288,CNN_0504302135210885582888_E_218,110.0
3751,288,CNN_0504302135210885582888_E_218,110.0
1545,288,CNN_0504302135210885582888_E_218,110.0
253,289,CNN_11611.46 R11 schwarz_E_19637,110.0
1546,289,CNN_11611.46 R11 schwarz_E_19637,110.0
1460,289,CNN_11611.46 R11 schwarz_E_19637,110.0
1030,290,CNN_113F_J_21810_4,3.0
1568,290,CNN_113F_J_21810_13,3.0
3693,290,CNN_113F_J_21810_11,3.0
3205,291,CNN_1107311832040326233859_E_203,110.0
1570,291,CNN_1107311832040326233859_E_203,110.0
3566,291,CNN_1107311832040326233859_E_203,110.0
1571,292,CNN_0505100757150127789640_E_261,110.0
2219,292,CNN_0505100757150127789640_E_261,110.0
2635,292,CNN_0505100757150127789640_E_261,110.0
146,292,CNN_0505100757150127789640_E_261,110.0
382,293,CNN_144G_J_140_15,20.0
1576,293,CNN_144G_J_140_76,20.0
3454,293,CNN_144G_J_140_1,20.0
2540,293,CNN_144G_J_140_16,20.0
2956,294,CNN_1502222036410312308607_E_335,110.0
1585,294,CNN_1502222036410312308607_E_335,110.0
2539,294,CNN_1502222036410312308607_E_335,110.0
2700,295,CNN_545G_E_16304_2,110.0
1586,295,CNN_545G_E_16304_1,110.0
1327,295,CNN_545G_E_16304_3,110.0
1587,296,CNN_113F_E_21808_13,110.0
2950,296,CNN_113F_E_21808_1,110.0
1589,297,CNN_1512291016090107491128_E_197,110.0
149,297,CNN_1512291016090107491128_E_197,110.0
3079,297,CNN_1512291016090107491128_E_197,110.0
1579,298,CNN_2U_E_5491_2,110.0
2625,298,CNN_2U_E_5491_13,110.0
109,298,CNN_2U_E_5491_6,110.0
3428,298,CNN_2U_E_5491_5,110.0
2323,298,CNN_2U_E_5491_9,110.0
802,298,CNN_2U_E_5491_4,110.0
1600,298,CNN_2U_E_5491_1,110.0
2982,298,CNN_2U_E_5491_3,110.0
1615,298,CNN_2U_E_5491_14,110.0
3773,298,CNN_2U_E_5491_7,110.0
1393,298,CNN_2U_E_5491_11,110.0
2599,298,CNN_2U_E_5491_10,110.0
1384,298,CNN_2U_E_5491_12,110.0
383,299,CNN_0504161613250000740601_E_330,110.0
1604,299,CNN_0504161613250000740601_E_330,110.0
2061,299,CNN_0504161613250000740601_E_330,110.0
1613,300,CNN_301N_J_3950_51,20.0
2660,300,CNN_301N_J_3950_6,20.0
3150,301,CNN_60007.66/1 C6/1A grün_E_6036,110.0
2222,301,CNN_60007.66/1 C6/1A grün_E_6036,110.0
1624,301,CNN_60007.66/1 C6/1A grün_E_6036,110.0
1162,302,CNN_0504131138390571135374_E_290,110.0
3413,302,CNN_0504131138390571135374_E_290,110.0
1947,302,CNN_0504131138390571135374_E_290,110.0
1632,302,CNN_0504131138390571135374_E_290,110.0
1633,303,CNN_181B_E_26459_2,110.0
1236,303,CNN_181B_E_26459_3,110.0
3285,303,CNN_181B_E_26459_1,110.0
1637,304,CNN_711_J_9187_48,20.0
2043,304,CNN_711_J_9187_9,20.0
1643,305,CNN_490N_E_3339_4,110.0
3335,305,CNN_490N_E_3339_2,110.0
3119,305,CNN_490N_E_3339_3,110.0
2435,306,CNN_402D_J_16299_4,20.0
1646,306,CNN_402D_J_16299_48,20.0
1648,307,CNN_UW-Westtirol_D_19819_28,220.0
495,307,CNN_UW-Westtirol_D_19819_11,220.0
385,307,CNN_UW-Westtirol_D_19819_10,220.0
3624,307,CNN_UW-Westtirol_D_19819_1,220.0
1215,307,CNN_UW-Westtirol_D_19819_13,220.0
908,307,CNN_UW-Westtirol_D_19819_9,220.0
3155,307,CNN_UW-Westtirol_D_19819_12,220.0
2405,307,CNN_UW-Westtirol_D_19819_3,220.0
2478,307,CNN_UW-Westtirol_D_19819_27,220.0
2336,307,CNN_UW-Westtirol_D_19819_6,220.0
2639,307,CNN_UW-Westtirol_D_19819_5,220.0
4,307,CNN_UW-Westtirol_D_19819_29,220.0
3460,307,CNN_UW-Westtirol_D_19819_30,220.0
377,308,CNN_60007.66/9 C6/2A gelb_E_6037,110.0
1656,308,CNN_60007.66/9 C6/2A gelb_E_6037,110.0
1183,308,CNN_60007.66/9 C6/2A gelb_E_6037,110.0
1664,309,CNN_1102021624450196099325_E_276,110.0
3403,309,CNN_1102021624450196099325_E_276,110.0
392,309,CNN_1102021624450196099325_E_276,110.0
1821,309,CNN_1102021624450196099325_E_276,110.0
1671,310,CNN_866_J_471_64,20.0
2125,310,CNN_866_J_471_16,20.0
677,311,CNN_122U_E_5493_40,110.0
837,311,CNN_122U_E_5493_46,110.0
1762,311,CNN_122U_E_5493_8,110.0
3229,311,CNN_122U_E_5493_16,110.0
2272,311,CNN_122U_E_5493_60,110.0
1804,311,CNN_122U_E_5493_53,110.0
2089,311,CNN_122U_E_5493_20,110.0
1849,311,CNN_122U_E_5493_2,110.0
867,311,CNN_122U_E_5493_30,110.0
1433,311,CNN_122U_E_5493_50,110.0
3675,311,CNN_122U_E_5493_9,110.0
3551,311,CNN_122U_E_5493_51,110.0
2143,311,CNN_122U_E_5493_5,110.0
3340,311,CNN_122U_E_5493_24,110.0
276,311,CNN_122U_E_5493_19,110.0
608,311,CNN_122U_E_5493_32,110.0
1293,311,CNN_122U_E_5493_63,110.0
1101,311,CNN_122U_E_5493_48,110.0
652,311,CNN_122U_E_5493_1,110.0
1506,311,CNN_122U_E_5493_18,110.0
2442,311,CNN_122U_E_5493_21,110.0
1067,311,CNN_122U_E_5493_44,110.0
1684,311,CNN_122U_E_5493_25,110.0
962,311,CNN_122U_E_5493_36,110.0
3016,311,CNN_122U_E_5493_29,110.0
3733,311,CNN_122U_E_5493_13,110.0
1672,311,CNN_122U_E_5493_45,110.0
3493,311,CNN_122U_E_5493_49,110.0
300,311,CNN_122U_E_5493_35,110.0
2446,311,CNN_122U_E_5493_34,110.0
3290,311,CNN_122U_E_5493_12,110.0
1556,311,CNN_122U_E_5493_43,110.0
55,311,CNN_122U_E_5493_41,110.0
1603,311,CNN_122U_E_5493_15,110.0
2757,311,CNN_122U_E_5493_47,110.0
2670,311,CNN_122U_E_5493_59,110.0
1575,311,CNN_122U_E_5493_17,110.0
1175,311,CNN_122U_E_5493_62,110.0
2663,311,CNN_122U_E_5493_22,110.0
1567,311,CNN_122U_E_5493_54,110.0
881,312,CNN_0504171628170074626580_E_218,110.0
1622,312,CNN_0504171628170074626580_E_218,110.0
1673,312,CNN_0504171628170074626580_E_218,110.0
30,313,CNN_11611.38 R11 schwarz_E_19636,110.0
1675,313,CNN_11611.38 R11 schwarz_E_19636,110.0
1964,313,CNN_11611.38 R11 schwarz_E_19636,110.0
1676,314,CNN_253H_J_26117_42,20.0
1456,314,CNN_253H_J_26117_4,20.0
3706,315,CNN_701_E_2755_1,110.0
1681,315,CNN_701_E_2755_3,110.0
3716,315,CNN_701_E_2755_2,110.0
79,316,CNN_0505101220410228924756_E_332,110.0
3364,316,CNN_0505101220410228924756_E_332,110.0
755,316,CNN_0505101220410228924756_E_332,110.0
1682,316,CNN_0505101220410228924756_E_332,110.0
3268,317,CNN_423E_J_22251_16,20.0
1683,317,CNN_423E_J_22251_152,20.0
159,317,CNN_423E_J_22251_82,20.0
2541,317,CNN_423E_J_22251_91,20.0
1689,318,CNN_0503191711250122255485_E_128,110.0
25,318,CNN_0503191711250122255485_E_128,110.0
3332,318,CNN_0503191711250122255485_E_128,110.0
1696,319,CNN_0504171756000110092978_E_284,110.0
3000,319,CNN_0504171756000110092978_E_284,110.0
572,319,CNN_0504171756000110092978_E_284,110.0
1697,320,CNN_0504171705280152696176_C_185,380.0
559,320,CNN_0504171705280152696176_C_185,380.0
598,320,CNN_0504171705280152696176_C_185,380.0
1703,321,CNN_179U_H_18515_1,30.0
3391,322,CNN_423E_J_22251_134,20.0
2073,322,CNN_423E_J_22251_130,20.0
1709,322,CNN_423E_J_22251_157,20.0
1191,322,CNN_423E_J_22251_29,20.0
1719,323,CNN_182_J_1062_112,20.0
3361,323,CNN_182_J_1062_1,20.0
1739,323,CNN_182_J_1062_24,20.0
2057,324,CNN_0503201749160174908738_E_163,110.0
1507,324,CNN_0503201749160174908738_E_163,110.0
1720,324,CNN_0503201749160174908738_E_163,110.0
1721,325,CNN_0504171603490945171379_E_218,110.0
3356,325,CNN_0504171603490945171379_E_218,110.0
3183,325,CNN_0504171603490945171379_E_218,110.0
1445,325,CNN_0504171603490945171379_E_218,110.0
1722,326,CNN_589W1_E_22077_1,110.0
1728,327,CNN_701_E_2753_1,110.0
1317,327,CNN_701_E_2753_3,110.0
106,328,CNN_11501.119 V11 schwarz_E_26_3,110.0
1730,328,CNN_11501.119 V11 schwarz_E_26_2,110.0
3564,328,CNN_11501.119 V11 schwarz_E_26_1,110.0
3663,329,CNN_69101.128 W6 blau_E_26464_3,110.0
431,329,CNN_69101.128 W6 blau_E_26464_2,110.0
1737,329,CNN_69101.128 W6 blau_E_26464_1,110.0
1277,330,CNN_122U_C_19834_1,380.0
1740,330,CNN_122U_C_19834_2,380.0
1468,331,CNN_69101.128 E6 schwarz_E_3356_,110.0
2775,331,CNN_69101.128 E6 schwarz_E_3356_,110.0
1746,331,CNN_69101.128 E6 schwarz_E_3356_,110.0
1754,332,CNN_835_E_28476_3,110.0
661,333,CNN_625W_J_10380_6,20.0
1755,333,CNN_625W_J_10380_17,20.0
2666,333,CNN_625W_J_10380_7,20.0
3180,333,CNN_625W_J_10380_1,20.0
131,334,CNN_630A4_E_3320_4,110.0
1760,334,CNN_630A4_E_3320_2,110.0
3317,334,CNN_630A4_E_3320_3,110.0
1768,335,CNN__E_10361_1,110.0
1878,336,CNN_12U1_E_6034_7,110.0
286,336,CNN_12U1_E_6034_9,110.0
759,336,CNN_12U1_E_6034_5,110.0
2348,336,CNN_12U1_E_6034_4,110.0
1981,336,CNN_12U1_E_6034_8,110.0
1769,336,CNN_12U1_E_6034_10,110.0
878,336,CNN_12U1_E_6034_6,110.0
1712,336,CNN_12U1_E_6034_1,110.0
2201,336,CNN_12U1_E_6034_3,110.0
1383,337,CNN_589W1_J_22078_6,10.0
472,337,CNN_589W1_J_22078_1,10.0
3389,337,CNN_589W1_J_22078_5,10.0
1778,337,CNN_589W1_J_22078_10,10.0
1787,338,CNN_58001.311 B5 violett_E_20334,110.0
1564,338,CNN_58001.311 B5 violett_E_20334,110.0
2909,338,CNN_58001.311 B5 violett_E_20334,110.0
3550,339,CNN_0503201405540002266461_E_119,110.0
2159,339,CNN_0503201405540002266461_E_119,110.0
1809,339,CNN_0503201405540002266461_E_119,110.0
1124,340,CNN_173A_C_18538_4,380.0
2780,340,CNN_173A_C_18538_14,380.0
3023,340,CNN_173A_C_18538_8,380.0
166,340,CNN_173A_C_18538_17,380.0
1438,340,CNN_173A_C_18538_29,380.0
228,340,CNN_173A_C_18538_13,380.0
1716,340,CNN_173A_C_18538_6,380.0
180,340,CNN_173A_C_18538_23,380.0
2213,340,CNN_173A_C_18538_1,380.0
1611,340,CNN_173A_C_18538_10,380.0
749,340,CNN_173A_C_18538_32,380.0
192,340,CNN_173A_C_18538_33,380.0
3622,340,CNN_173A_C_18538_15,380.0
2039,340,CNN_173A_C_18538_28,380.0
694,340,CNN_173A_C_18538_5,380.0
1663,340,CNN_173A_C_18538_12,380.0
3014,340,CNN_173A_C_18538_9,380.0
1002,340,CNN_173A_C_18538_31,380.0
1819,340,CNN_173A_C_18538_19,380.0
284,341,CNN_66001.48a O6/1 blau_E_19747_,110.0
1143,341,CNN_66001.48a O6/1 blau_E_19747_,110.0
1823,341,CNN_66001.48a O6/1 blau_E_19747_,110.0
176,342,CNN_590B_E_5518_6,110.0
3212,342,CNN_590B_E_5518_18,110.0
2003,342,CNN_590B_E_5518_15,110.0
981,342,CNN_590B_E_5518_8,110.0
511,342,CNN_590B_E_5518_23,110.0
1692,342,CNN_590B_E_5518_17,110.0
1285,342,CNN_590B_E_5518_20,110.0
2114,342,CNN_590B_E_5518_22,110.0
1859,342,CNN_590B_E_5518_13,110.0
2901,342,CNN_590B_E_5518_1,110.0
122,342,CNN_590B_E_5518_7,110.0
1826,342,CNN_590B_E_5518_3,110.0
1152,342,CNN_590B_E_5518_14,110.0
1686,343,CNN_0504061949450189436441_E_103,110.0
1840,343,CNN_0504061949450189436441_E_103,110.0
457,343,CNN_0504061949450189436441_E_103,110.0
236,344,CNN_66001.49 O6/2 grün_E_19735_3,110.0
1848,344,CNN_66001.49 O6/2 grün_E_19735_2,110.0
1871,344,CNN_66001.49 O6/2 grün_E_19735_1,110.0
544,345,CNN_264S_J_18747_6,20.0
1852,345,CNN_264S_J_18747_36,20.0
1476,346,CNN_4521.100A Iller Nord_C_19827,380.0
1857,346,CNN_4521.100A Iller Nord_C_19827,380.0
742,346,CNN_4521.100A Iller Nord_C_19827,380.0
154,347,CNN_645_J_19342_4,20.0
1863,347,CNN_645_J_19342_26,20.0
893,348,CNN_0504140855350301737020_E_330,110.0
1872,348,CNN_0504140855350301737020_E_330,110.0
3398,348,CNN_0504140855350301737020_E_330,110.0
1877,349,CNN_118_J_4633_85,20.0
1235,349,CNN_118_J_4633_8,20.0
2554,349,CNN_118_J_4633_33,20.0
1881,350,CNN_724D_E_3324_2,110.0
946,350,CNN_724D_E_3324_4,110.0
445,350,CNN_724D_E_3324_1,110.0
1883,351,CNN_632_J_27471_48,20.0
512,351,CNN_632_J_27471_6,20.0
620,352,CNN_1111042239390200007460_E_284,110.0
605,352,CNN_1111042239390200007460_E_284,110.0
1888,352,CNN_1111042239390200007460_E_284,110.0
1889,353,CNN_625W_J_10382_7,20.0
3576,353,CNN_625W_J_10382_1,20.0
1890,354,CNN_0505091525540138590592_E_261,110.0
2662,354,CNN_0505091525540138590592_E_261,110.0
2054,354,CNN_0505091525540138590592_E_261,110.0
635,354,CNN_0505091525540138590592_E_261,110.0
3152,355,CNN_1010092240070143668020_C_185,380.0
241,355,CNN_1010092240070143668020_C_185,380.0
967,355,CNN_1010092240070143668020_C_185,380.0
1912,355,CNN_1010092240070143668020_C_185,380.0
1139,356,CNN_28C_J_14732_4,20.0
1919,356,CNN_28C_J_14732_12,20.0
1921,357,CNN_11651.100 K11 blau_E_31060_3,110.0
2439,357,CNN_11651.100 K11 blau_E_31060_2,110.0
775,357,CNN_11651.100 K11 blau_E_31060_1,110.0
1926,358,CNN_2Z_J_5489_27,20.0
1117,358,CNN_2Z_J_5489_5,20.0
2529,359,CNN_0505071241190302544528_E_469,110.0
1928,359,CNN_0505071241190302544528_E_469,110.0
642,359,CNN_0505071241190302544528_E_469,110.0
1170,360,CNN_0503251749520119771886_E_103,110.0
730,360,CNN_0503251749520119771886_E_103,110.0
1936,360,CNN_0503251749520119771886_E_103,110.0
1944,361,CNN_697Y_E_3317_3,110.0
3126,361,CNN_697Y_E_3317_1,110.0
3310,361,CNN_697Y_E_3317_2,110.0
2060,362,CNN_442A_J_12895_8,3.0
1946,362,CNN_442A_J_12895_26,3.0
1817,362,CNN_442A_J_12895_1,3.0
516,363,CNN_631B_E_3_1,110.0
2132,363,CNN_631B_E_3_3,110.0
1511,363,CNN_631B_E_3_7,110.0
476,363,CNN_631B_E_3_5,110.0
1713,363,CNN_631B_E_3_2,110.0
1952,363,CNN_631B_E_3_6,110.0
1654,363,CNN_631B_E_3_4,110.0
2742,364,CNN_36W_E_11931_13,110.0
1953,364,CNN_36W_E_11931_6,110.0
1731,364,CNN_36W_E_11931_1,110.0
2205,364,CNN_36W_E_11931_11,110.0
3143,364,CNN_36W_E_11931_9,110.0
2195,364,CNN_36W_E_11931_4,110.0
378,364,CNN_36W_E_11931_8,110.0
3645,364,CNN_36W_E_11931_10,110.0
1224,364,CNN_36W_E_11931_2,110.0
2484,364,CNN_36W_E_11931_12,110.0
2656,365,CNN_675B_J_3816_8,20.0
1958,365,CNN_675B_J_3816_31,20.0
1961,366,CNN_288K_J_2357_38,20.0
1058,366,CNN_288K_J_2357_11,20.0
1968,367,CNN_264S_E_19627_3,110.0
3392,367,CNN_264S_E_19627_2,110.0
1976,368,CNN_1005090922020112974120_E_103,110.0
3097,368,CNN_1005090922020112974120_E_103,110.0
3437,368,CNN_1005090922020112974120_E_103,110.0
855,369,CNN_268N_J_26135_2,6.0
1003,369,CNN_268N_J_26135_7,6.0
1978,369,CNN_268N_J_26135_8,6.0
3750,369,CNN_268N_J_26135_1,6.0
2998,369,CNN_268N_J_26135_4,6.0
590,369,CNN_268N_J_26135_5,6.0
3511,369,CNN_268N_J_26135_6,6.0
1984,370,CNN_0505071054340764151360_E_139,110.0
2026,370,CNN_0505071054340764151360_E_139,110.0
1176,370,CNN_0505071054340764151360_E_139,110.0
1748,371,CNN_1102021624450168466800_E_197,110.0
3263,371,CNN_1102021624450168466800_E_197,110.0
1987,371,CNN_1102021624450168466800_E_197,110.0
1992,372,CNN_490N_E_3339_1,110.0
2008,373,CNN_173A_C_18547_1,380.0
2009,374,CNN_173A_H_18546_1,30.0
3377,374,CNN_173A_H_18546_2,30.0
1841,375,CNN_F6R_E_19838_2,110.0
2010,375,CNN_F6R_E_19838_4,110.0
2147,375,CNN_F6R_E_19838_1,110.0
3554,376,CNN_309G_J_2475_13,20.0
2016,376,CNN_309G_J_2475_58,20.0
2017,377,CNN_58001.312 B5 violett_E_20335,110.0
1658,377,CNN_58001.312 B5 violett_E_20335,110.0
1428,377,CNN_58001.312 B5 violett_E_20335,110.0
2018,378,CNN_697S_H_18537_1,30.0
2021,379,CNN_0503201816360134985686_E_107,110.0
3191,379,CNN_0503201816360134985686_E_107,110.0
2245,379,CNN_0503201816360134985686_E_107,110.0
3245,380,CNN_0504141007500220868408_E_203,110.0
2485,380,CNN_0504141007500220868408_E_203,110.0
2029,380,CNN_0504141007500220868408_E_203,110.0
3703,381,CNN_697Y_E_3301_2,110.0
913,381,CNN_697Y_E_3301_1,110.0
2032,381,CNN_697Y_E_3301_3,110.0
3485,382,CNN_0504211825170071506974_E_275,110.0
1999,382,CNN_0504211825170071506974_E_275,110.0
2033,382,CNN_0504211825170071506974_E_275,110.0
508,383,CNN_62001.63b Z6 blau_E_22255_3,110.0
2044,383,CNN_62001.63b Z6 blau_E_22255_2,110.0
3207,383,CNN_62001.63b Z6 blau_E_22255_1,110.0
1915,384,CNN_625_E_1053_16,110.0
1093,384,CNN_625_E_1053_30,110.0
3499,384,CNN_625_E_1053_35,110.0
3643,384,CNN_625_E_1053_18,110.0
563,384,CNN_625_E_1053_47,110.0
2807,384,CNN_625_E_1053_14,110.0
1793,384,CNN_625_E_1053_13,110.0
1547,384,CNN_625_E_1053_28,110.0
2725,384,CNN_625_E_1053_15,110.0
3084,384,CNN_625_E_1053_33,110.0
346,384,CNN_625_E_1053_12,110.0
298,384,CNN_625_E_1053_46,110.0
2226,384,CNN_625_E_1053_51,110.0
3409,384,CNN_625_E_1053_27,110.0
2300,384,CNN_625_E_1053_50,110.0
2921,384,CNN_625_E_1053_43,110.0
189,384,CNN_625_E_1053_11,110.0
2799,384,CNN_625_E_1053_34,110.0
1453,384,CNN_625_E_1053_25,110.0
3423,384,CNN_625_E_1053_8,110.0
2048,384,CNN_625_E_1053_49,110.0
757,384,CNN_625_E_1053_45,110.0
2601,384,CNN_625_E_1053_54,110.0
2647,384,CNN_625_E_1053_9,110.0
2970,384,CNN_625_E_1053_24,110.0
3019,384,CNN_625_E_1053_38,110.0
2692,384,CNN_625_E_1053_4,110.0
3041,385,CNN_122S_E_22080_2,110.0
412,385,CNN_122S_E_22080_5,110.0
2056,385,CNN_122S_E_22080_1,110.0
1677,385,CNN_122S_E_22080_4,110.0
1708,385,CNN_122S_E_22080_3,110.0
2058,386,CNN_697Y_J_3300_45,20.0
3687,386,CNN_697Y_J_3300_5,20.0
3491,387,CNN_57001.52 U5 rot_E_10369_2,110.0
2066,387,CNN_57001.52 U5 rot_E_10369_1,110.0
343,387,CNN_57001.52 U5 rot_E_10369_3,110.0
935,388,CNN_0505081005400794109325_E_105,110.0
2243,388,CNN_0505081005400794109325_E_105,110.0
2080,388,CNN_0505081005400794109325_E_105,110.0
420,389,CNN_301N_J_3950_7,20.0
2082,389,CNN_301N_J_3950_50,20.0
2368,390,CNN_265_J_13697_60,20.0
2085,390,CNN_265_J_13697_153,20.0
1652,390,CNN_265_J_13697_74,20.0
13,390,CNN_265_J_13697_8,20.0
2096,391,CNN_0505100854500005431075_E_261,110.0
3581,391,CNN_0505100854500005431075_E_261,110.0
715,391,CNN_0505100854500005431075_E_261,110.0
206,391,CNN_0505100854500005431075_E_261,110.0
2097,392,CNN__E_10386_1,110.0
1351,393,CNN_53202.52 Z5/U5 schwarz_E_103,110.0
2110,393,CNN_53202.52 Z5/U5 schwarz_E_103,110.0
2100,393,CNN_53202.52 Z5/U5 schwarz_E_103,110.0
314,394,CNN_179U_J_9143_11,20.0
2106,394,CNN_179U_J_9143_36,20.0
2107,395,CNN__E_19361_1,110.0
885,396,CNN_63501.156 W6 blau_E_26463_1,110.0
2112,396,CNN_63501.156 W6 blau_E_26463_3,110.0
1066,396,CNN_63501.156 W6 blau_E_26463_2,110.0
2122,397,CNN_11651.119 K11 blau_E_31061_2,110.0
1028,397,CNN_11651.119 K11 blau_E_31061_3,110.0
3479,397,CNN_11651.119 K11 blau_E_31061_1,110.0
835,398,CNN_685A_J_10390_11,10.0
2135,398,CNN_685A_J_10390_13,10.0
105,398,CNN_685A_J_10390_4,10.0
921,399,CNN_588X_E_5523_10,110.0
2400,399,CNN_588X_E_5523_3,110.0
1500,399,CNN_588X_E_5523_4,110.0
977,399,CNN_588X_E_5523_7,110.0
1771,399,CNN_588X_E_5523_17,110.0
1640,399,CNN_588X_E_5523_1,110.0
3537,399,CNN_588X_E_5523_13,110.0
1591,399,CNN_588X_E_5523_18,110.0
1417,399,CNN_588X_E_5523_11,110.0
3258,399,CNN_588X_E_5523_12,110.0
2137,399,CNN_588X_E_5523_20,110.0
101,399,CNN_588X_E_5523_6,110.0
829,400,CNN_1203121731370627853072_E_147,110.0
2141,400,CNN_1203121731370627853072_E_147,110.0
2087,400,CNN_1203121731370627853072_E_147,110.0
1365,401,CNN_268O_J_26139_7,6.0
688,401,CNN_268O_J_26139_1,6.0
2154,401,CNN_268O_J_26139_8,6.0
1097,401,CNN_268O_J_26139_2,6.0
1667,401,CNN_268O_J_26139_4,6.0
1298,401,CNN_268O_J_26139_6,6.0
2962,401,CNN_268O_J_26139_5,6.0
3213,402,CNN_0505101220410535470048_E_332,110.0
2168,402,CNN_0505101220410535470048_E_332,110.0
2852,402,CNN_0505101220410535470048_E_332,110.0
1874,402,CNN_0505101220410535470048_E_332,110.0
718,403,CNN_1005091115250031972070_E_105,110.0
2172,403,CNN_1005091115250031972070_E_105,110.0
950,403,CNN_1005091115250031972070_E_105,110.0
3738,404,CNN_113F_J_21811_16,20.0
3372,404,CNN_113F_J_21811_4,20.0
2174,404,CNN_113F_J_21811_18,20.0
2475,405,CNN_F5S_E_5502_7,110.0
2583,405,CNN_F5S_E_5502_4,110.0
78,405,CNN_F5S_E_5502_10,110.0
2419,405,CNN_F5S_E_5502_9,110.0
3049,405,CNN_F5S_E_5502_8,110.0
1254,405,CNN_F5S_E_5502_6,110.0
2178,405,CNN_F5S_E_5502_2,110.0
2180,406,CNN_2U_J_6793_50,20.0
3700,406,CNN_2U_J_6793_14,20.0
2190,407,CNN_279A_J_14978_52,20.0
1049,407,CNN_279A_J_14978_8,20.0
3035,408,CNN_0505101157210628754896_E_333,110.0
3617,408,CNN_0505101157210628754896_E_333,110.0
2193,408,CNN_0505101157210628754896_E_333,110.0
1243,408,CNN_0505101157210628754896_E_333,110.0
2604,409,CNN_66001.49 O6/1 rot_E_19745_2,110.0
2196,409,CNN_66001.49 O6/1 rot_E_19745_3,110.0
726,409,CNN_66001.49 O6/1 rot_E_19745_1,110.0
2198,410,CNN_12211.222 W6 blau_E_26467_3,110.0
1782,410,CNN_12211.222 W6 blau_E_26467_2,110.0
1508,410,CNN_12211.222 W6 blau_E_26467_1,110.0
2208,411,CNN_625_C_18523_1,380.0
401,411,CNN_625_C_18523_2,380.0
717,412,CNN_0504171603490009294558_E_218,110.0
3467,412,CNN_0504171603490009294558_E_218,110.0
1954,412,CNN_0504171603490009294558_E_218,110.0
2209,412,CNN_0504171603490009294558_E_218,110.0
2574,412,CNN_0504171603490009294558_E_218,110.0
2231,413,CNN_0504061519130261759535_E_103,110.0
2987,413,CNN_0504061519130261759535_E_103,110.0
1855,413,CNN_0504061519130261759535_E_103,110.0
2232,414,CNN_4543.38 K11 blau_E_31057_4,110.0
373,414,CNN_4543.38 K11 blau_E_31057_3,110.0
2535,414,CNN_4543.38 K11 blau_E_31057_1,110.0
2854,414,CNN_4543.38 K11 blau_E_31057_2,110.0
1441,415,CNN_649A_J_19369_14,3.0
2235,415,CNN_649A_J_19369_37,3.0
2454,415,CNN_649A_J_19369_1,3.0
2596,415,CNN_649A_J_19369_13,3.0
1262,415,CNN_649A_J_19369_38,3.0
2239,416,CNN_625W_J_10380_18,20.0
3410,416,CNN_625W_J_10380_4,20.0
2027,416,CNN_625W_J_10380_13,20.0
763,416,CNN_625W_J_10380_12,20.0
2240,417,CNN_11501.86 V6 grün_E_470_2,110.0
200,417,CNN_11501.86 V6 grün_E_470_1,110.0
2876,417,CNN_11501.86 V6 grün_E_470_3,110.0
843,418,CNN_0504131138390013512033_E_290,110.0
1282,418,CNN_0504131138390013512033_E_290,110.0
2241,418,CNN_0504131138390013512033_E_290,110.0
451,419,CNN_0710281702020036418877_E_218,110.0
2242,419,CNN_0710281702020036418877_E_218,110.0
483,419,CNN_0710281702020036418877_E_218,110.0
1238,420,CNN_0505071054350468918038_E_106,110.0
2256,420,CNN_0505071054350468918038_E_106,110.0
1495,420,CNN_0505071054350468918038_E_106,110.0
886,421,CNN_0503201405540428246838_E_119,110.0
31,421,CNN_0503201405540428246838_E_119,110.0
2267,421,CNN_0503201405540428246838_E_119,110.0
1530,422,CNN_685A_E_10357_6,110.0
282,422,CNN_685A_E_10357_2,110.0
1173,422,CNN_685A_E_10357_9,110.0
1831,422,CNN_685A_E_10357_10,110.0
2210,422,CNN_685A_E_10357_14,110.0
2160,422,CNN_685A_E_10357_16,110.0
2259,422,CNN_685A_E_10357_1,110.0
3411,422,CNN_685A_E_10357_12,110.0
1442,422,CNN_685A_E_10357_11,110.0
2381,422,CNN_685A_E_10357_7,110.0
758,422,CNN_685A_E_10357_15,110.0
354,422,CNN_685A_E_10357_4,110.0
3045,422,CNN_685A_E_10357_13,110.0
2273,422,CNN_685A_E_10357_5,110.0
2277,423,CNN_F9R_H_18526_2,30.0
815,423,CNN_F9R_H_18526_1,30.0
2817,424,CNN_69C_J_21247_10,20.0
2284,424,CNN_69C_J_21247_35,20.0
2288,425,CNN_268N_E_26134_3,110.0
2322,425,CNN_268N_E_26134_4,110.0
2461,425,CNN_268N_E_26134_2,110.0
2290,426,CNN_0505061747130832384038_E_193,110.0
747,426,CNN_0505061747130832384038_E_193,110.0
807,426,CNN_0505061747130832384038_E_193,110.0
3157,426,CNN_0505061747130832384038_E_193,110.0
3500,427,CNN_68002.38 E6 gelb_E_12_2,110.0
3194,427,CNN_68002.38 E6 gelb_E_12_3,110.0
2304,427,CNN_68002.38 E6 gelb_E_12_1,110.0
2307,428,CNN_732U_E_28467_3,110.0
92,428,CNN_732U_E_28467_2,110.0
3678,428,CNN_732U_E_28467_7,110.0
2879,428,CNN_732U_E_28467_1,110.0
1544,428,CNN_732U_E_28467_5,110.0
3728,429,CNN_62001.37b Z6 blau_E_22256_1,110.0
2312,429,CNN_62001.37b Z6 blau_E_22256_2,110.0
1400,429,CNN_62001.37b Z6 blau_E_22256_3,110.0
2399,430,CNN_102N_J_21820_1,20.0
2343,430,CNN_102N_J_21820_39,20.0
1263,431,CNN_0504161417290881589544_E_147,110.0
2346,431,CNN_0504161417290881589544_E_147,110.0
1950,431,CNN_0504161417290881589544_E_147,110.0
2353,432,CNN_51502.18 D5/1 rot_E_15560_2,110.0
557,432,CNN_51502.18 D5/1 rot_E_15560_3,110.0
2839,432,CNN_51502.18 D5/1 rot_E_15560_1,110.0
2360,433,CNN_0504200739130001379040_E_551,110.0
958,433,CNN_0504200739130001379040_E_551,110.0
1201,433,CNN_0504200739130001379040_E_551,110.0
2361,434,CNN_0504131447000506983099_E_290,110.0
1246,434,CNN_0504131447000506983099_E_290,110.0
2428,434,CNN_0504131447000506983099_E_290,110.0
1421,435,CNN_179U_H_18516_2,30.0
2364,435,CNN_179U_H_18516_1,30.0
2366,436,CNN_182Z_J_1702_203,20.0
1527,436,CNN_182Z_J_1702_162,20.0
2098,436,CNN_182Z_J_1702_178,20.0
2041,436,CNN_182Z_J_1702_29,20.0
3381,437,CNN_542U1_J_4277_15,20.0
2377,437,CNN_542U1_J_4277_66,20.0
2384,438,CNN_713_E_10374_1,110.0
2385,439,CNN_11351.32 O11 rot_E_31204_1,110.0
3412,439,CNN_11351.32 O11 rot_E_31204_3,110.0
2786,439,CNN_11351.32 O11 rot_E_31204_2,110.0
2392,440,CNN__E_16308_1,110.0
2395,441,CNN_407H_J_12135_46,20.0
3605,441,CNN_407H_J_12135_13,20.0
2397,442,CNN__H_18544_1,30.0
1808,443,CNN_121K_J_7847_6,20.0
2402,443,CNN_121K_J_7847_47,20.0
1884,444,CNN_11611.84 A11 grün_E_19630_3,110.0
2410,444,CNN_11611.84 A11 grün_E_19630_1,110.0
2036,444,CNN_11611.84 A11 grün_E_19630_2,110.0
2013,445,CNN_4543.99 K11 blau_E_31059_1,110.0
1118,445,CNN_4543.99 K11 blau_E_31059_2,110.0
2411,445,CNN_4543.99 K11 blau_E_31059_3,110.0
1601,446,CNN_0504220936230245529270_E_222,110.0
2211,446,CNN_0504220936230245529270_E_222,110.0
2417,446,CNN_0504220936230245529270_E_222,110.0
3253,446,CNN_0504220936230245529270_E_222,110.0
2424,447,CNN_0505101418510076338704_E_284,110.0
2871,447,CNN_0505101418510076338704_E_284,110.0
3076,447,CNN_0505101418510076338704_E_284,110.0
1274,448,CNN_1111042223130154665210_E_284,110.0
1051,448,CNN_1111042223130154665210_E_284,110.0
2426,448,CNN_1111042223130154665210_E_284,110.0
463,448,CNN_1111042223130154665210_E_284,110.0
2434,449,CNN_0505100937040043535323_E_334,110.0
2371,449,CNN_0505100937040043535323_E_334,110.0
2227,449,CNN_0505100937040043535323_E_334,110.0
892,449,CNN_0505100937040043535323_E_334,110.0
2440,450,CNN_0612220900190299847915_E_552,110.0
1185,450,CNN_0612220900190299847915_E_552,110.0
2675,450,CNN_0612220900190299847915_E_552,110.0
2441,451,CNN__E_16309_1,110.0
2443,452,CNN_640_J_3613_136,20.0
3723,452,CNN_640_J_3613_102,20.0
3031,452,CNN_640_J_3613_10,20.0
2408,452,CNN_640_J_3613_62,20.0
2513,453,CNN_64001.40 U6/2 blau_E_2757_1,110.0
2457,453,CNN_64001.40 U6/2 blau_E_2757_2,110.0
1276,453,CNN_64001.40 U6/2 blau_E_2757_3,110.0
761,454,CNN_182Z_J_1702_83,20.0
577,454,CNN_182Z_J_1702_96,20.0
626,454,CNN_182Z_J_1702_16,20.0
2462,454,CNN_182Z_J_1702_205,20.0
3752,455,CNN_279A_E_15559_14,110.0
699,455,CNN_279A_E_15559_1,110.0
2465,455,CNN_279A_E_15559_13,110.0
808,455,CNN_279A_E_15559_8,110.0
3354,455,CNN_279A_E_15559_2,110.0
2531,455,CNN_279A_E_15559_6,110.0
745,455,CNN_279A_E_15559_3,110.0
2851,455,CNN_279A_E_15559_7,110.0
301,455,CNN_279A_E_15559_5,110.0
216,455,CNN_279A_E_15559_12,110.0
2450,455,CNN_279A_E_15559_9,110.0
1757,455,CNN_279A_E_15559_10,110.0
2199,455,CNN_279A_E_15559_4,110.0
2470,456,CNN_122U_J_12951_42,20.0
3027,456,CNN_122U_J_12951_12,20.0
2598,457,CNN_625_C_19825_1,380.0
2476,457,CNN_625_C_19825_2,380.0
363,458,CNN_613U_E_5509_19,110.0
1180,458,CNN_613U_E_5509_37,110.0
2526,458,CNN_613U_E_5509_25,110.0
2481,458,CNN_613U_E_5509_55,110.0
1916,458,CNN_613U_E_5509_6,110.0
1089,458,CNN_613U_E_5509_29,110.0
814,458,CNN_613U_E_5509_23,110.0
3237,458,CNN_613U_E_5509_20,110.0
2498,458,CNN_613U_E_5509_5,110.0
37,458,CNN_613U_E_5509_52,110.0
1084,458,CNN_613U_E_5509_18,110.0
2790,458,CNN_613U_E_5509_47,110.0
1211,458,CNN_613U_E_5509_3,110.0
2685,458,CNN_613U_E_5509_33,110.0
3313,458,CNN_613U_E_5509_16,110.0
1029,458,CNN_613U_E_5509_8,110.0
976,458,CNN_613U_E_5509_35,110.0
395,458,CNN_613U_E_5509_36,110.0
2849,458,CNN_613U_E_5509_9,110.0
349,458,CNN_613U_E_5509_26,110.0
366,458,CNN_613U_E_5509_10,110.0
2047,458,CNN_613U_E_5509_21,110.0
1452,458,CNN_613U_E_5509_48,110.0
1343,458,CNN_613U_E_5509_44,110.0
334,458,CNN_613U_E_5509_7,110.0
2701,458,CNN_613U_E_5509_2,110.0
2741,458,CNN_613U_E_5509_34,110.0
2556,458,CNN_613U_E_5509_22,110.0
3746,458,CNN_613U_E_5509_11,110.0
1321,458,CNN_613U_E_5509_1,110.0
227,458,CNN_613U_E_5509_46,110.0
2989,458,CNN_613U_E_5509_14,110.0
417,459,CNN_0505100928370177749468_E_334,110.0
2482,459,CNN_0505100928370177749468_E_334,110.0
2906,459,CNN_0505100928370177749468_E_334,110.0
2573,459,CNN_0505100928370177749468_E_334,110.0
2488,460,CNN_0505100840540674652198_E_261,110.0
821,460,CNN_0505100840540674652198_E_261,110.0
2391,460,CNN_0505100840540674652198_E_261,110.0
93,460,CNN_0505100840540674652198_E_261,110.0
2341,461,CNN_733_E_9180_2,110.0
2187,461,CNN_733_E_9180_3,110.0
2489,461,CNN_733_E_9180_1,110.0
265,462,CNN_64001.39s U6/1 gelb_E_2751_2,110.0
975,462,CNN_64001.39s U6/1 gelb_E_2751_3,110.0
2496,462,CNN_64001.39s U6/1 gelb_E_2751_1,110.0
2497,463,CNN_640_J_3613_133,20.0
85,463,CNN_640_J_3613_3,20.0
1221,463,CNN_640_J_3613_36,20.0
2179,463,CNN_640_J_3613_69,20.0
1012,464,CNN_0504190956300859761468_E_218,110.0
2759,464,CNN_0504190956300859761468_E_218,110.0
2499,464,CNN_0504190956300859761468_E_218,110.0
2848,465,CNN_545G_J_12523_3,20.0
2505,465,CNN_545G_J_12523_21,20.0
2512,466,CNN_253Q_E_26129_1,110.0
899,466,CNN_253Q_E_26129_2,110.0
2182,466,CNN_253Q_E_26129_4,110.0
2229,467,CNN_F11R_H_18550_2,30.0
2517,467,CNN_F11R_H_18550_1,30.0
2706,468,CNN_550/3.15/3 X5 schwarz_E_5492,110.0
2230,468,CNN_550/3.15/3 X5 schwarz_E_5492,110.0
2520,468,CNN_550/3.15/3 X5 schwarz_E_5492,110.0
2522,469,CNN_198S_E_134_2,110.0
94,469,CNN_198S_E_134_3,110.0
614,469,CNN_198S_E_134_1,110.0
2528,470,CNN_1011072053110752099520_E_197,110.0
1009,470,CNN_1011072053110752099520_E_197,110.0
3547,470,CNN_1011072053110752099520_E_197,110.0
1037,470,CNN_1011072053110752099520_E_197,110.0
2298,471,CNN_542U1_E_26147_9,110.0
2946,471,CNN_542U1_E_26147_6,110.0
2538,471,CNN_542U1_E_26147_4,110.0
2294,471,CNN_542U1_E_26147_3,110.0
1251,471,CNN_542U1_E_26147_8,110.0
1415,471,CNN_542U1_E_26147_10,110.0
2268,471,CNN_542U1_E_26147_13,110.0
2530,471,CNN_542U1_E_26147_11,110.0
2930,471,CNN_542U1_E_26147_1,110.0
1219,471,CNN_542U1_E_26147_12,110.0
2534,472,CNN_0503191711250225522485_E_171,110.0
1188,472,CNN_0503191711250225522485_E_171,110.0
1310,472,CNN_0503191711250225522485_E_171,110.0
2536,473,CNN_339H_E_3335_3,110.0
2247,474,CNN_0505100854500116846843_E_261,110.0
2537,474,CNN_0505100854500116846843_E_261,110.0
110,474,CNN_0505100854500116846843_E_261,110.0
222,474,CNN_0505100854500116846843_E_261,110.0
2542,475,CNN_F712A_E_18555_1,110.0
2552,476,CNN_1212040832300764619426_E_330,110.0
1851,476,CNN_1212040832300764619426_E_330,110.0
2050,476,CNN_1212040832300764619426_E_330,110.0
2915,476,CNN_1212040832300764619426_E_330,110.0
2723,477,CNN_1011072053110219673572_E_276,110.0
3419,477,CNN_1011072053110219673572_E_276,110.0
2560,477,CNN_1011072053110219673572_E_276,110.0
494,478,CNN_625_D_18527_9,220.0
440,478,CNN_625_D_18527_4,220.0
1041,478,CNN_625_D_18527_7,220.0
415,478,CNN_625_D_18527_10,220.0
2761,478,CNN_625_D_18527_11,220.0
2285,478,CNN_625_D_18527_3,220.0
2567,478,CNN_625_D_18527_5,220.0
1303,478,CNN_625_D_18527_1,220.0
2081,478,CNN_625_D_18527_8,220.0
2902,479,CNN_0505061730040011689857_E_193,110.0
3533,479,CNN_0505061730040011689857_E_193,110.0
2576,479,CNN_0505061730040011689857_E_193,110.0
81,480,CNN_57R_J_11928_13,20.0
2584,480,CNN_57R_J_11928_44,20.0
2587,481,CNN_253Q_E_26129_3,110.0
3274,482,CNN_730_J_2749_5,20.0
2591,482,CNN_730_J_2749_52,20.0
2592,483,CNN_0504140855350066948533_E_331,110.0
1693,483,CNN_0504140855350066948533_E_331,110.0
1313,483,CNN_0504140855350066948533_E_331,110.0
911,484,CNN_0505081032590105755820_E_198,110.0
2593,484,CNN_0505081032590105755820_E_198,110.0
2659,484,CNN_0505081032590105755820_E_198,110.0
2359,485,CNN_55U_E_12886_5,110.0
2779,485,CNN_55U_E_12886_10,110.0
2597,485,CNN_55U_E_12886_12,110.0
3462,485,CNN_55U_E_12886_2,110.0
317,485,CNN_55U_E_12886_4,110.0
1843,485,CNN_55U_E_12886_11,110.0
1685,485,CNN_55U_E_12886_3,110.0
1481,485,CNN_55U_E_12886_7,110.0
1172,485,CNN_55U_E_12886_9,110.0
1485,485,CNN_55U_E_12886_1,110.0
1940,485,CNN_55U_E_12886_8,110.0
551,486,CNN_0504140857120023993508_E_331,110.0
173,486,CNN_0504140857120023993508_E_331,110.0
2603,486,CNN_0504140857120023993508_E_331,110.0
2608,487,CNN_179M_J_11035_41,20.0
585,487,CNN_179M_J_11035_9,20.0
2610,488,CNN_192_J_23928_61,20.0
3555,488,CNN_192_J_23928_20,20.0
376,489,CNN_48U_J_5538_1,20.0
2620,489,CNN_48U_J_5538_49,20.0
2624,490,CNN_0612220900190071857200_E_552,110.0
832,490,CNN_0612220900190071857200_E_552,110.0
3288,490,CNN_0612220900190071857200_E_552,110.0
2629,491,CNN_205B_J_29800_42,20.0
2795,491,CNN_205B_J_29800_10,20.0
64,492,CNN_529N_J_29_13,20.0
1741,492,CNN_529N_J_29_1,20.0
2636,492,CNN_529N_J_29_62,20.0
2088,492,CNN_529N_J_29_14,20.0
2637,493,CNN_692_J_9673_54,20.0
2545,493,CNN_692_J_9673_7,20.0
3067,494,CNN_1311302212320000072323_E_334,110.0
158,494,CNN_1311302212320000072323_E_334,110.0
2640,494,CNN_1311302212320000072323_E_334,110.0
1281,495,CNN_0504171444070030958046_E_218,110.0
2646,495,CNN_0504171444070030958046_E_218,110.0
230,495,CNN_0504171444070030958046_E_218,110.0
2648,496,CNN_713_E_10374_7,110.0
2589,497,CNN_613U_C_18539_20,380.0
3015,497,CNN_613U_C_18539_11,380.0
162,497,CNN_613U_C_18539_1,380.0
2590,497,CNN_613U_C_18539_22,380.0
1776,497,CNN_613U_C_18539_4,380.0
1814,497,CNN_613U_C_18539_14,380.0
135,497,CNN_613U_C_18539_23,380.0
3039,497,CNN_613U_C_18539_5,380.0
2658,497,CNN_613U_C_18539_13,380.0
3367,497,CNN_613U_C_18539_18,380.0
2740,497,CNN_613U_C_18539_9,380.0
2185,497,CNN_613U_C_18539_16,380.0
1634,497,CNN_613U_C_18539_8,380.0
1423,497,CNN_613U_C_18539_6,380.0
3005,498,CNN_1001171505080274173885_E_918,110.0
2459,498,CNN_1001171505080274173885_E_918,110.0
2664,498,CNN_1001171505080274173885_E_918,110.0
1668,499,CNN_0504232205420067777325_E_290,110.0
2673,499,CNN_0504232205420067777325_E_290,110.0
3230,499,CNN_0504232205420067777325_E_290,110.0
2677,500,CNN_359A_E_26123_3,110.0
2572,501,CNN_1311302212320453803984_E_334,110.0
2680,501,CNN_1311302212320453803984_E_334,110.0
3219,501,CNN_1311302212320453803984_E_334,110.0
2390,502,CNN_0512142039330080713700_C_185,380.0
774,502,CNN_0512142039330080713700_C_185,380.0
2688,502,CNN_0512142039330080713700_C_185,380.0
423,503,CNN_0504141054130686827746_E_330,110.0
2689,503,CNN_0504141054130686827746_E_330,110.0
2822,503,CNN_0504141054130686827746_E_330,110.0
547,504,CNN_588_E_5520_18,110.0
2694,504,CNN_588_E_5520_6,110.0
1394,504,CNN_588_E_5520_19,110.0
973,504,CNN_588_E_5520_8,110.0
464,504,CNN_588_E_5520_10,110.0
2455,504,CNN_588_E_5520_17,110.0
2464,504,CNN_588_E_5520_22,110.0
3569,504,CNN_588_E_5520_9,110.0
485,504,CNN_588_E_5520_24,110.0
1534,505,CNN_0505101149170216485031_E_333,110.0
3668,505,CNN_0505101149170216485031_E_333,110.0
1231,505,CNN_0505101149170216485031_E_333,110.0
2699,505,CNN_0505101149170216485031_E_333,110.0
2286,506,CNN_171D_J_4542_11,20.0
2319,506,CNN_171D_J_4542_60,20.0
2719,506,CNN_171D_J_4542_82,20.0
2069,506,CNN_171D_J_4542_50,20.0
2749,507,CNN_0503201747290000334400_E_917,110.0
271,507,CNN_0503201747290000334400_E_917,110.0
2721,507,CNN_0503201747290000334400_E_917,110.0
201,507,CNN_0503201747290000334400_E_917,110.0
1402,508,CNN_490M_E_3329_4,110.0
2722,508,CNN_490M_E_3329_2,110.0
1902,508,CNN_490M_E_3329_3,110.0
788,509,CNN_1005091115250158210789_E_296,110.0
2728,509,CNN_1005091115250158210789_E_296,110.0
3737,509,CNN_1005091115250158210789_E_296,110.0
798,510,CNN_0710281706470140763496_E_217,110.0
2730,510,CNN_0710281706470140763496_E_217,110.0
3758,510,CNN_0710281706470140763496_E_217,110.0
723,511,CNN_0504171756000102426687_E_284,110.0
2260,511,CNN_0504171756000102426687_E_284,110.0
2752,511,CNN_0504171756000102426687_E_284,110.0
1738,512,CNN_0511161130420335553666_E_550,110.0
1083,512,CNN_0511161130420335553666_E_550,110.0
2753,512,CNN_0511161130420335553666_E_550,110.0
1875,513,CNN_69001.235 R6/2 gelb_E_26125_,110.0
692,513,CNN_69001.235 R6/2 gelb_E_26125_,110.0
2754,513,CNN_69001.235 R6/2 gelb_E_26125_,110.0
1223,514,CNN_0505081724190140747694_E_310,110.0
2773,514,CNN_0505081724190140747694_E_310,110.0
2423,514,CNN_0505081724190140747694_E_310,110.0
402,515,CNN_1111042223130364097958_E_284,110.0
2778,515,CNN_1111042223130364097958_E_284,110.0
18,515,CNN_1111042223130364097958_E_284,110.0
3058,515,CNN_1111042223130364097958_E_284,110.0
2784,516,CNN_4543.159 Füssen West g_D_198,220.0
3781,516,CNN_4543.159 Füssen West g_D_198,220.0
1627,516,CNN_4543.159 Füssen West g_D_198,220.0
2052,517,CNN_389A_E_2769_1,110.0
1678,517,CNN_389A_E_2769_2,110.0
3173,517,CNN_389A_E_2769_9,110.0
2789,517,CNN_389A_E_2769_5,110.0
2420,518,CNN_0710281706480050302618_E_551,110.0
2365,518,CNN_0710281706480050302618_E_551,110.0
2793,518,CNN_0710281706480050302618_E_551,110.0
1178,519,CNN_0505101235080006856174_E_332,110.0
2387,519,CNN_0505101235080006856174_E_332,110.0
2794,519,CNN_0505101235080006856174_E_332,110.0
2828,519,CNN_0505101235080006856174_E_332,110.0
2150,520,CNN_62001.63a J6 rot_E_21_2,110.0
2893,520,CNN_62001.63a J6 rot_E_21_3,110.0
2797,520,CNN_62001.63a J6 rot_E_21_1,110.0
2800,521,CNN_66001.9 O6/1 blau_E_19749_3,110.0
668,521,CNN_66001.9 O6/1 blau_E_19749_2,110.0
2389,521,CNN_66001.9 O6/1 blau_E_19749_1,110.0
1813,522,CNN_61103.86B Y6/1 blau_E_21252_,110.0
41,522,CNN_61103.86B Y6/1 blau_E_21252_,110.0
2808,522,CNN_61103.86B Y6/1 blau_E_21252_,110.0
2605,523,CNN_41M_J_4889_8,20.0
2810,523,CNN_41M_J_4889_36,20.0
2811,524,CNN_0504232205420044642400_E_331,110.0
455,524,CNN_0504232205420044642400_E_331,110.0
1844,524,CNN_0504232205420044642400_E_331,110.0
2814,525,CNN_0710281702020080748504_E_217,110.0
74,525,CNN_0710281702020080748504_E_217,110.0
3134,525,CNN_0710281702020080748504_E_217,110.0
2030,526,CNN_442A_E_12892_2,110.0
3063,526,CNN_442A_E_12892_10,110.0
998,526,CNN_442A_E_12892_8,110.0
2816,526,CNN_442A_E_12892_3,110.0
2456,526,CNN_442A_E_12892_1,110.0
767,526,CNN_442A_E_12892_6,110.0
683,526,CNN_442A_E_12892_7,110.0
68,526,CNN_442A_E_12892_11,110.0
2712,526,CNN_442A_E_12892_4,110.0
2825,527,CNN_1103170726430057675944_E_331,110.0
2418,527,CNN_1103170726430057675944_E_331,110.0
1022,527,CNN_1103170726430057675944_E_331,110.0
2045,528,CNN_290F_J_12764_12,20.0
2826,528,CNN_290F_J_12764_51,20.0
2878,529,CNN_179U_E_9171_8,110.0
161,529,CNN_179U_E_9171_16,110.0
1100,529,CNN_179U_E_9171_14,110.0
2829,529,CNN_179U_E_9171_41,110.0
1698,529,CNN_179U_E_9171_13,110.0
2634,529,CNN_179U_E_9171_40,110.0
2372,529,CNN_179U_E_9171_37,110.0
2376,529,CNN_179U_E_9171_35,110.0
2914,529,CNN_179U_E_9171_36,110.0
3059,529,CNN_179U_E_9171_3,110.0
1279,529,CNN_179U_E_9171_5,110.0
1869,529,CNN_179U_E_9171_39,110.0
2401,529,CNN_179U_E_9171_10,110.0
3376,529,CNN_179U_E_9171_29,110.0
1618,529,CNN_179U_E_9171_32,110.0
2769,529,CNN_179U_E_9171_30,110.0
3578,529,CNN_179U_E_9171_31,110.0
3529,529,CNN_179U_E_9171_7,110.0
890,529,CNN_179U_E_9171_42,110.0
3599,529,CNN_179U_E_9171_11,110.0
3545,529,CNN_179U_E_9171_1,110.0
707,529,CNN_179U_E_9171_15,110.0
3548,529,CNN_179U_E_9171_26,110.0
3659,529,CNN_179U_E_9171_27,110.0
2413,529,CNN_179U_E_9171_12,110.0
3611,529,CNN_179U_E_9171_33,110.0
1806,530,CNN_1511090741450564142458_E_119,110.0
2255,530,CNN_1511090741450564142458_E_119,110.0
2833,530,CNN_1511090741450564142458_E_119,110.0
3262,530,CNN_1511090741450564142458_E_119,110.0
2835,531,CNN_0503201501170049161150_E_128,110.0
1920,531,CNN_0503201501170049161150_E_128,110.0
907,531,CNN_0503201501170049161150_E_128,110.0
1939,532,CNN_0504220831140054149040_E_23_,110.0
1747,532,CNN_0504220831140054149040_E_23_,110.0
2841,532,CNN_0504220831140054149040_E_23_,110.0
2843,533,CNN_1005090922020555333318_E_103,110.0
980,533,CNN_1005090922020555333318_E_103,110.0
1645,533,CNN_1005090922020555333318_E_103,110.0
2063,534,CNN_625_J_30033_30,20.0
2217,534,CNN_625_J_30033_8,20.0
2845,534,CNN_625_J_30033_80,20.0
2853,535,CNN_264S_E_19634_1,110.0
934,535,CNN_264S_E_19634_3,110.0
1391,535,CNN_264S_E_19634_2,110.0
2856,536,CNN_0504171015500118128096_E_275,110.0
1669,536,CNN_0504171015500118128096_E_275,110.0
2349,536,CNN_0504171015500118128096_E_275,110.0
2818,536,CNN_0504171015500118128096_E_275,110.0
795,537,CNN_428_J_8236_12,20.0
2857,537,CNN_428_J_8236_64,20.0
2858,538,CNN_113F_J_21811_17,20.0
1489,538,CNN_113F_J_21811_6,20.0
2750,538,CNN_113F_J_21811_1,20.0
2957,539,CNN_0505101157210520809838_E_332,110.0
3323,539,CNN_0505101157210520809838_E_332,110.0
2867,539,CNN_0505101157210520809838_E_332,110.0
1642,539,CNN_0505101157210520809838_E_332,110.0
2684,540,CNN_0504131036470929360108_E_203,110.0
2872,540,CNN_0504131036470929360108_E_203,110.0
3470,540,CNN_0504131036470929360108_E_203,110.0
2874,541,CNN_0504131447000048732877_E_290,110.0
3709,541,CNN_0504131447000048732877_E_290,110.0
643,541,CNN_0504131447000048732877_E_290,110.0
3740,542,CNN_62001.37a J6 rot_E_22_1,110.0
2875,542,CNN_62001.37a J6 rot_E_22_2,110.0
87,542,CNN_62001.37a J6 rot_E_22_3,110.0
647,543,CNN_0710281702020439408440_E_553,110.0
2881,543,CNN_0710281702020439408440_E_553,110.0
1988,543,CNN_0710281702020439408440_E_553,110.0
2885,544,CNN_122U_H_19831_1,30.0
2890,545,CNN_0503251528580490584450_E_103,110.0
2623,545,CNN_0503251528580490584450_E_103,110.0
1043,545,CNN_0503251528580490584450_E_103,110.0
2782,546,CNN_198S_J_133_6,20.0
2894,546,CNN_198S_J_133_24,20.0
2896,547,CNN_0504140857120169891001_E_284,110.0
3363,547,CNN_0504140857120169891001_E_284,110.0
473,547,CNN_0504140857120169891001_E_284,110.0
2900,548,CNN_701_J_2754_30,20.0
2628,548,CNN_701_J_2754_26,20.0
2330,548,CNN_701_J_2754_12,20.0
3133,549,CNN_0503201747290148948732_E_918,110.0
3407,549,CNN_0503201747290148948732_E_918,110.0
138,549,CNN_0503201747290148948732_E_918,110.0
2905,549,CNN_0503201747290148948732_E_918,110.0
1907,550,CNN_182_E_1060_6,110.0
345,550,CNN_182_E_1060_1,110.0
3656,550,CNN_182_E_1060_10,110.0
2430,550,CNN_182_E_1060_14,110.0
2515,550,CNN_182_E_1060_5,110.0
3490,550,CNN_182_E_1060_4,110.0
84,550,CNN_182_E_1060_7,110.0
987,550,CNN_182_E_1060_9,110.0
2695,550,CNN_182_E_1060_12,110.0
1289,550,CNN_182_E_1060_13,110.0
2907,550,CNN_182_E_1060_3,110.0
133,550,CNN_182_E_1060_2,110.0
3283,550,CNN_182_E_1060_11,110.0
781,551,CNN_1608211442080023658648_E_136,110.0
3662,551,CNN_1608211442080023658648_E_136,110.0
2908,551,CNN_1608211442080023658648_E_136,110.0
2912,552,CNN_413U1_E_12882_11,110.0
790,552,CNN_413U1_E_12882_16,110.0
2899,552,CNN_413U1_E_12882_7,110.0
1427,552,CNN_413U1_E_12882_9,110.0
2920,552,CNN_413U1_E_12882_8,110.0
2744,552,CNN_413U1_E_12882_10,110.0
3720,552,CNN_413U1_E_12882_12,110.0
3465,552,CNN_413U1_E_12882_15,110.0
2657,552,CNN_413U1_E_12882_4,110.0
3672,552,CNN_413U1_E_12882_18,110.0
1053,552,CNN_413U1_E_12882_6,110.0
2072,552,CNN_413U1_E_12882_3,110.0
3385,552,CNN_413U1_E_12882_17,110.0
2971,552,CNN_413U1_E_12882_5,110.0
532,552,CNN_413U1_E_12882_14,110.0
2626,552,CNN_413U1_E_12882_13,110.0
2913,553,CNN_1603051658150093599388_E_18_,110.0
1554,553,CNN_1603051658150093599388_E_18_,110.0
1257,553,CNN_1603051658150093599388_E_18_,110.0
2922,554,CNN_68002.38 E6 blau_E_14_2,110.0
2524,554,CNN_68002.38 E6 blau_E_14_3,110.0
971,554,CNN_68002.38 E6 blau_E_14_1,110.0
3175,555,CNN_0505101439400160720585_E_284,110.0
3054,555,CNN_0505101439400160720585_E_284,110.0
2928,555,CNN_0505101439400160720585_E_284,110.0
2324,555,CNN_0505101439400160720585_E_284,110.0
2939,556,CNN_4543.95 Füssen West ge_D_198,220.0
1044,556,CNN_4543.95 Füssen West ge_D_198,220.0
1491,556,CNN_4543.95 Füssen West ge_D_198,220.0
32,557,CNN_389A_J_2770_69,20.0
187,557,CNN_389A_J_2770_12,20.0
2942,557,CNN_389A_J_2770_85,20.0
3526,557,CNN_389A_J_2770_56,20.0
3022,558,CNN_692_E_9672_12,110.0
3734,558,CNN_692_E_9672_13,110.0
2502,558,CNN_692_E_9672_14,110.0
2944,558,CNN_692_E_9672_7,110.0
2898,558,CNN_692_E_9672_11,110.0
927,558,CNN_692_E_9672_9,110.0
1361,558,CNN_692_E_9672_5,110.0
1704,558,CNN_692_E_9672_2,110.0
2302,558,CNN_692_E_9672_10,110.0
3101,558,CNN_692_E_9672_1,110.0
2976,558,CNN_692_E_9672_4,110.0
132,558,CNN_692_E_9672_3,110.0
3114,559,CNN_18O_E_5498_9,110.0
3324,559,CNN_18O_E_5498_1,110.0
1659,559,CNN_18O_E_5498_7,110.0
2945,559,CNN_18O_E_5498_10,110.0
2084,559,CNN_18O_E_5498_5,110.0
1114,559,CNN_18O_E_5498_4,110.0
157,559,CNN_18O_E_5498_3,110.0
2163,559,CNN_18O_E_5498_8,110.0
3341,560,CNN_52001.55/14 K5 schwarz_E_171,110.0
2948,560,CNN_52001.55/14 K5 schwarz_E_171,110.0
1364,560,CNN_52001.55/14 K5 schwarz_E_171,110.0
2830,561,CNN_181B_J_26391_3,20.0
2952,561,CNN_181B_J_26391_24,20.0
2953,562,CNN_640P5_E_3346_3,110.0
1775,562,CNN_640P5_E_3346_2,110.0
2715,562,CNN_640P5_E_3346_4,110.0
2960,563,CNN_0504141007510007705555_E_137,110.0
1824,563,CNN_0504141007510007705555_E_137,110.0
3242,563,CNN_0504141007510007705555_E_137,110.0
1081,564,CNN_423E_J_22251_83,20.0
2678,564,CNN_423E_J_22251_89,20.0
2963,564,CNN_423E_J_22251_159,20.0
369,564,CNN_423E_J_22251_17,20.0
2931,565,CNN_69001.224 R6/2 grün_E_26126_,110.0
2250,565,CNN_69001.224 R6/2 grün_E_26126_,110.0
3140,565,CNN_69001.224 R6/2 grün_E_26126_,110.0
2964,565,CNN_69001.224 R6/2 grün_E_26126_,110.0
531,566,CNN_0504061949450079693838_E_103,110.0
3572,566,CNN_0504061949450079693838_E_103,110.0
2972,566,CNN_0504061949450079693838_E_103,110.0
2314,567,CNN_1011072033470690145302_E_276,110.0
2977,567,CNN_1011072033470690145302_E_276,110.0
348,567,CNN_1011072033470690145302_E_276,110.0
3006,568,CNN_0505061730040006804603_E_193,110.0
2978,568,CNN_0505061730040006804603_E_193,110.0
951,568,CNN_0505061730040006804603_E_193,110.0
2221,569,CNN_1005091124510125779803_E_105,110.0
2984,569,CNN_1005091124510125779803_E_105,110.0
3732,569,CNN_1005091124510125779803_E_105,110.0
2985,570,CNN_589U1_E_5495_32,110.0
2510,570,CNN_589U1_E_5495_7,110.0
2961,571,CNN_1604081543180190494184_E_198,110.0
3009,571,CNN_1604081543180190494184_E_198,110.0
2444,571,CNN_1604081543180190494184_E_198,110.0
2926,572,CNN_0505101434120077962788_E_284,110.0
3017,572,CNN_0505101434120077962788_E_284,110.0
367,572,CNN_0505101434120077962788_E_284,110.0
3627,573,CNN_F11R_C_18528_4,380.0
1699,573,CNN_F11R_C_18528_18,380.0
850,573,CNN_F11R_C_18528_23,380.0
552,573,CNN_F11R_C_18528_17,380.0
3025,573,CNN_F11R_C_18528_1,380.0
1537,573,CNN_F11R_C_18528_7,380.0
1565,573,CNN_F11R_C_18528_10,380.0
3769,573,CNN_F11R_C_18528_5,380.0
1593,573,CNN_F11R_C_18528_20,380.0
3775,573,CNN_F11R_C_18528_6,380.0
1835,573,CNN_F11R_C_18528_26,380.0
1524,573,CNN_F11R_C_18528_24,380.0
2338,573,CNN_F11R_C_18528_19,380.0
2357,573,CNN_F11R_C_18528_25,380.0
2466,573,CNN_F11R_C_18528_11,380.0
2189,573,CNN_F11R_C_18528_3,380.0
3380,574,CNN_0504191336400111064120_E_218,110.0
3028,574,CNN_0504191336400111064120_E_218,110.0
1895,574,CNN_0504191336400111064120_E_218,110.0
3029,575,CNN_730_J_2749_51,20.0
1450,575,CNN_730_J_2749_13,20.0
2283,576,CNN_0505101149170186825424_E_333,110.0
3033,576,CNN_0505101149170186825424_E_333,110.0
660,576,CNN_0505101149170186825424_E_333,110.0
2002,576,CNN_0505101149170186825424_E_333,110.0
1440,577,CNN_1001171505090738472196_E_917,110.0
3365,577,CNN_1001171505090738472196_E_917,110.0
3040,577,CNN_1001171505090738472196_E_917,110.0
492,578,CNN_732_E_28451_13,110.0
937,578,CNN_732_E_28451_4,110.0
3383,578,CNN_732_E_28451_3,110.0
2880,578,CNN_732_E_28451_14,110.0
804,578,CNN_732_E_28451_2,110.0
1753,578,CNN_732_E_28451_12,110.0
3044,578,CNN_732_E_28451_22,110.0
3244,578,CNN_732_E_28451_11,110.0
1213,578,CNN_732_E_28451_15,110.0
2612,578,CNN_732_E_28451_7,110.0
2031,578,CNN_732_E_28451_18,110.0
238,578,CNN_732_E_28451_6,110.0
429,578,CNN_732_E_28451_16,110.0
3064,579,CNN_4543.99 Füssen West ge_D_198,220.0
897,579,CNN_4543.99 Füssen West ge_D_198,220.0
2642,579,CNN_4543.99 Füssen West ge_D_198,220.0
3433,579,CNN_4543.99 Füssen West ge_D_198,220.0
3072,580,CNN_649_E_19367_2,110.0
3066,580,CNN_649_E_19367_1,110.0
2356,580,CNN_649_E_19367_3,110.0
3081,581,CNN_0505101235080138742800_E_331,110.0
2379,581,CNN_0505101235080138742800_E_331,110.0
2630,581,CNN_0505101235080138742800_E_331,110.0
1551,581,CNN_0505101235080138742800_E_331,110.0
3082,582,CNN_1206172255270041625058_E_163,110.0
3047,582,CNN_1206172255270041625058_E_163,110.0
2253,582,CNN_1206172255270041625058_E_163,110.0
3088,583,CNN_F11R_D_19820_1,220.0
1487,584,CNN_52001.55/14 K5 violett_E_171,110.0
3092,584,CNN_52001.55/14 K5 violett_E_171,110.0
1918,584,CNN_52001.55/14 K5 violett_E_171,110.0
3696,585,CNN_179U_C_18518_2,380.0
3096,585,CNN_179U_C_18518_1,380.0
1723,586,CNN_542Q2_J_26142_6,6.0
3711,586,CNN_542Q2_J_26142_5,6.0
1202,586,CNN_542Q2_J_26142_2,6.0
3112,586,CNN_542Q2_J_26142_8,6.0
2708,586,CNN_542Q2_J_26142_4,6.0
2293,586,CNN_542Q2_J_26142_7,6.0
817,586,CNN_542Q2_J_26142_1,6.0
263,587,CNN_1311302224290284479216_E_103,110.0
3116,587,CNN_1311302224290284479216_E_103,110.0
3293,587,CNN_1311302224290284479216_E_103,110.0
664,588,CNN_630F2_J_27917_10,20.0
3127,588,CNN_630F2_J_27917_66,20.0
2768,589,CNN_0505101418510118996616_E_284,110.0
3128,589,CNN_0505101418510118996616_E_284,110.0
3146,589,CNN_0505101418510118996616_E_284,110.0
365,589,CNN_0505101418510118996616_E_284,110.0
3132,590,CNN_F10R_H_18517_4,30.0
126,590,CNN_F10R_H_18517_1,30.0
3339,591,CNN_309G_E_19746_9,110.0
1273,591,CNN_309G_E_19746_3,110.0
3271,591,CNN_309G_E_19746_6,110.0
2289,591,CNN_309G_E_19746_13,110.0
3560,591,CNN_309G_E_19746_11,110.0
287,591,CNN_309G_E_19746_1,110.0
3641,591,CNN_309G_E_19746_8,110.0
1228,591,CNN_309G_E_19746_4,110.0
398,591,CNN_309G_E_19746_5,110.0
2916,591,CNN_309G_E_19746_12,110.0
3137,591,CNN_309G_E_19746_10,110.0
2291,592,CNN_0503201117560794056263_E_128,110.0
838,592,CNN_0503201117560794056263_E_128,110.0
3144,592,CNN_0503201117560794056263_E_128,110.0
3153,593,CNN_385B_J_22400_77,20.0
2078,593,CNN_385B_J_22400_15,20.0
111,594,CNN_629_E_19741_2,110.0
3154,594,CNN_629_E_19741_3,110.0
783,594,CNN_629_E_19741_1,110.0
2992,595,CNN_640P5_J_3347_7,6.0
2477,595,CNN_640P5_J_3347_1,6.0
1829,595,CNN_640P5_J_3347_5,6.0
243,595,CNN_640P5_J_3347_3,6.0
3159,595,CNN_640P5_J_3347_4,6.0
2311,596,CNN_1512291016090149800938_E_197,110.0
3160,596,CNN_1512291016090149800938_E_197,110.0
1125,596,CNN_1512291016090149800938_E_197,110.0
3161,597,CNN_0503251625340055811316_E_103,110.0
556,597,CNN_0503251625340055811316_E_103,110.0
2486,597,CNN_0503251625340055811316_E_103,110.0
2933,597,CNN_0503251625340055811316_E_103,110.0
3164,598,CNN__E_16305_1,110.0
3185,599,CNN_53001.201 Q5/2 violett_E_917,110.0
1492,599,CNN_53001.201 Q5/2 violett_E_917,110.0
621,599,CNN_53001.201 Q5/2 violett_E_917,110.0
3151,600,CNN_0710281706470046685742_E_553,110.0
2947,600,CNN_0710281706470046685742_E_553,110.0
3186,600,CNN_0710281706470046685742_E_553,110.0
2873,601,CNN_649A_E_19364_7,110.0
3200,601,CNN_649A_E_19364_9,110.0
1752,601,CNN_649A_E_19364_2,110.0
1896,601,CNN_649A_E_19364_3,110.0
1174,601,CNN_649A_E_19364_4,110.0
2532,601,CNN_649A_E_19364_1,110.0
1362,601,CNN_649A_E_19364_10,110.0
2897,601,CNN_649A_E_19364_8,110.0
2472,601,CNN_649A_E_19364_6,110.0
2011,602,CNN_732M_J_28474_5,6.0
3780,602,CNN_732M_J_28474_4,6.0
3201,602,CNN_732M_J_28474_3,6.0
2619,602,CNN_732M_J_28474_1,6.0
2334,602,CNN_732M_J_28474_2,6.0
2771,603,CNN_113F_E_21808_11,110.0
2234,603,CNN_113F_E_21808_21,110.0
3202,603,CNN_113F_E_21808_19,110.0
325,603,CNN_113F_E_21808_10,110.0
3634,603,CNN_113F_E_21808_22,110.0
3302,603,CNN_113F_E_21808_4,110.0
362,603,CNN_113F_E_21808_3,110.0
1837,603,CNN_113F_E_21808_25,110.0
1336,603,CNN_113F_E_21808_29,110.0
848,604,CNN_687_E_10353_12,110.0
2796,604,CNN_687_E_10353_2,110.0
1894,604,CNN_687_E_10353_10,110.0
3379,604,CNN_687_E_10353_4,110.0
3451,604,CNN_687_E_10353_14,110.0
1965,604,CNN_687_E_10353_3,110.0
581,604,CNN_687_E_10353_11,110.0
944,604,CNN_687_E_10353_6,110.0
1549,604,CNN_687_E_10353_7,110.0
3204,604,CNN_687_E_10353_5,110.0
326,604,CNN_687_E_10353_8,110.0
269,604,CNN_687_E_10353_9,110.0
3770,605,CNN_229H2_E_10_14,110.0
949,605,CNN_229H2_E_10_1,110.0
1127,605,CNN_229H2_E_10_15,110.0
1528,605,CNN_229H2_E_10_9,110.0
2507,605,CNN_229H2_E_10_17,110.0
1004,605,CNN_229H2_E_10_12,110.0
522,605,CNN_229H2_E_10_19,110.0
1774,605,CNN_229H2_E_10_11,110.0
3179,605,CNN_229H2_E_10_8,110.0
3215,605,CNN_229H2_E_10_5,110.0
3208,605,CNN_229H2_E_10_2,110.0
1444,605,CNN_229H2_E_10_24,110.0
2339,605,CNN_229H2_E_10_18,110.0
1021,605,CNN_229H2_E_10_6,110.0
1629,605,CNN_229H2_E_10_23,110.0
2762,605,CNN_229H2_E_10_25,110.0
748,605,CNN_229H2_E_10_16,110.0
3053,605,CNN_229H2_E_10_7,110.0
3089,605,CNN_229H2_E_10_4,110.0
741,605,CNN_229H2_E_10_27,110.0
3535,605,CNN_229H2_E_10_26,110.0
3216,606,CNN_0503251749520126961920_E_103,110.0
2432,606,CNN_0503251749520126961920_E_103,110.0
905,606,CNN_0503251749520126961920_E_103,110.0
3147,607,CNN_0504191336400103746819_E_553,110.0
2367,607,CNN_0504191336400103746819_E_553,110.0
3217,607,CNN_0504191336400103746819_E_553,110.0
1410,608,CNN_0505101439400987831310_E_284,110.0
3224,608,CNN_0505101439400987831310_E_284,110.0
3487,608,CNN_0505101439400987831310_E_284,110.0
2345,608,CNN_0505101439400987831310_E_284,110.0
1815,609,CNN_192_E_16_13,110.0
779,609,CNN_192_E_16_11,110.0
360,609,CNN_192_E_16_15,110.0
3528,609,CNN_192_E_16_4,110.0
2301,609,CNN_192_E_16_14,110.0
3235,609,CNN_192_E_16_12,110.0
2883,609,CNN_192_E_16_10,110.0
406,609,CNN_192_E_16_2,110.0
134,609,CNN_192_E_16_7,110.0
3051,609,CNN_192_E_16_9,110.0
3077,609,CNN_192_E_16_6,110.0
1255,609,CNN_192_E_16_1,110.0
3236,610,CNN_679F_J_9430_41,20.0
3436,610,CNN_679F_J_9430_7,20.0
2108,611,CNN_1206172312540211991248_E_163,110.0
3241,611,CNN_1206172312540211991248_E_163,110.0
466,611,CNN_1206172312540211991248_E_163,110.0
3069,612,CNN_0505071040210142721838_E_222,110.0
2892,612,CNN_0505071040210142721838_E_222,110.0
3243,612,CNN_0505071040210142721838_E_222,110.0
1330,613,CNN_645_E_19359_2,110.0
3447,613,CNN_645_E_19359_3,110.0
3248,613,CNN_645_E_19359_1,110.0
2756,614,CNN_62101.180/14 W6A blau_E_2646,110.0
2023,614,CNN_62101.180/14 W6A blau_E_2646,110.0
3250,614,CNN_62101.180/14 W6A blau_E_2646,110.0
3264,615,CNN_0503251749520137940660_E_103,110.0
46,615,CNN_0503251749520137940660_E_103,110.0
1398,615,CNN_0503251749520137940660_E_103,110.0
1164,616,CNN_1611022022200074761280_E_276,110.0
3267,616,CNN_1611022022200074761280_E_276,110.0
607,616,CNN_1611022022200074761280_E_276,110.0
1349,617,CNN_11611.59 A11 grün_E_19629_1,110.0
3272,617,CNN_11611.59 A11 grün_E_19629_4,110.0
2412,617,CNN_11611.59 A11 grün_E_19629_2,110.0
3273,618,CNN_69001.148a R6/1 blau_E_26145,110.0
3316,618,CNN_69001.148a R6/1 blau_E_26145,110.0
1307,618,CNN_69001.148a R6/1 blau_E_26145,110.0
3287,619,CNN_229H2_C_18530_1,380.0
2614,620,CNN_630A4_J_3321_3,6.0
251,620,CNN_630A4_J_3321_6,6.0
1825,620,CNN_630A4_J_3321_5,6.0
3291,620,CNN_630A4_J_3321_4,6.0
3621,620,CNN_630A4_J_3321_1,6.0
3300,621,CNN_589U1_J_22079_133,10.0
318,621,CNN_589U1_J_22079_21,10.0
587,621,CNN_589U1_J_22079_1,10.0
3188,621,CNN_589U1_J_22079_22,10.0
3305,622,CNN_62101.180/14 W6B blau_E_2646,110.0
2055,622,CNN_62101.180/14 W6B blau_E_2646,110.0
1454,623,CNN_F8R_H_19832_2,30.0
3315,623,CNN_F8R_H_19832_1,30.0
3328,624,CNN_11611.32 A11 grün_E_19628_4,110.0
3615,624,CNN_11611.32 A11 grün_E_19628_2,110.0
1636,624,CNN_11611.32 A11 grün_E_19628_1,110.0
407,624,CNN_11611.32 A11 grün_E_19628_3,110.0
2212,625,CNN_0504131543580063715813_E_290,110.0
3329,625,CNN_0504131543580063715813_E_290,110.0
3556,625,CNN_0504131543580063715813_E_290,110.0
3334,626,CNN_685_J_10385_14,10.0
307,626,CNN_685_J_10385_1,10.0
3336,627,CNN_0505100757150490989140_E_261,110.0
3434,627,CNN_0505100757150490989140_E_261,110.0
2403,627,CNN_0505100757150490989140_E_261,110.0
3301,627,CNN_0505100757150490989140_E_261,110.0
3346,628,CNN_613U_H_18541_1,30.0
3350,629,CNN_385B_J_22400_76,20.0
612,629,CNN_385B_J_22400_18,20.0
3358,630,CNN_640P5_E_3346_1,110.0
124,631,CNN_51001.91b W5/2 schwarz_E_147,110.0
2508,631,CNN_51001.91b W5/2 schwarz_E_147,110.0
3362,631,CNN_51001.91b W5/2 schwarz_E_147,110.0
3382,632,CNN_F588S_J_5526_6,20.0
428,632,CNN_F588S_J_5526_4,20.0
2035,632,CNN_F588S_J_5526_1,20.0
2303,633,CNN_1005091138310018428271_E_103,110.0
2969,633,CNN_1005091138310018428271_E_103,110.0
3384,633,CNN_1005091138310018428271_E_103,110.0
130,634,CNN_144G_E_138_9,110.0
3539,634,CNN_144G_E_138_13,110.0
2223,634,CNN_144G_E_138_12,110.0
1729,634,CNN_144G_E_138_5,110.0
1182,634,CNN_144G_E_138_3,110.0
2559,634,CNN_144G_E_138_11,110.0
299,634,CNN_144G_E_138_4,110.0
252,634,CNN_144G_E_138_6,110.0
3681,634,CNN_144G_E_138_8,110.0
1982,634,CNN_144G_E_138_1,110.0
3393,634,CNN_144G_E_138_10,110.0
3394,635,CNN_69001.148a R6/2 schwar_E_261,110.0
2468,635,CNN_69001.148a R6/2 schwar_E_261,110.0
3210,635,CNN_69001.148a R6/2 schwar_E_261,110.0
3671,636,CNN_685B_E_10359_9,110.0
1304,636,CNN_685B_E_10359_2,110.0
686,636,CNN_685B_E_10359_11,110.0
3396,636,CNN_685B_E_10359_10,110.0
3117,636,CNN_685B_E_10359_5,110.0
1186,636,CNN_685B_E_10359_7,110.0
2347,636,CNN_685B_E_10359_6,110.0
2257,636,CNN_685B_E_10359_8,110.0
3540,636,CNN_685B_E_10359_12,110.0
3649,637,CNN_0505041412110502717050_E_185,110.0
3400,637,CNN_0505041412110502717050_E_185,110.0
1352,637,CNN_0505041412110502717050_E_185,110.0
2738,638,CNN_0503251419100726948768_E_107,110.0
3408,638,CNN_0503251419100726948768_E_107,110.0
1799,638,CNN_0503251419100726948768_E_107,110.0
3234,639,CNN_173A_J_20930_67,20.0
3417,639,CNN_173A_J_20930_94,20.0
2927,639,CNN_173A_J_20930_8,20.0
246,639,CNN_173A_J_20930_53,20.0
3424,640,CNN_122U_C_19830_1,380.0
1847,640,CNN_122U_C_19830_2,380.0
778,641,CNN_854_E_466_1,110.0
3306,641,CNN_854_E_466_6,110.0
2383,641,CNN_854_E_466_11,110.0
933,641,CNN_854_E_466_7,110.0
3145,641,CNN_854_E_466_9,110.0
1606,641,CNN_854_E_466_3,110.0
309,641,CNN_854_E_466_5,110.0
3021,641,CNN_854_E_466_10,110.0
3238,641,CNN_854_E_466_4,110.0
3303,641,CNN_854_E_466_2,110.0
3425,641,CNN_854_E_466_8,110.0
3426,642,CNN_0504191336400295779540_E_217,110.0
212,642,CNN_0504191336400295779540_E_217,110.0
2269,642,CNN_0504191336400295779540_E_217,110.0
3418,643,CNN_179M_E_9174_12,110.0
100,643,CNN_179M_E_9174_2,110.0
3427,643,CNN_179M_E_9174_6,110.0
696,643,CNN_179M_E_9174_8,110.0
2748,643,CNN_179M_E_9174_13,110.0
1203,643,CNN_179M_E_9174_11,110.0
1374,643,CNN_179M_E_9174_10,110.0
47,643,CNN_179M_E_9174_1,110.0
3156,643,CNN_179M_E_9174_9,110.0
2951,643,CNN_179M_E_9174_5,110.0
3432,644,CNN_835_E_28476_2,110.0
1140,645,CNN_625W_E_10378_14,110.0
506,645,CNN_625W_E_10378_13,110.0
3435,645,CNN_625W_E_10378_2,110.0
3705,645,CNN_625W_E_10378_4,110.0
1963,645,CNN_625W_E_10378_1,110.0
116,646,CNN_0504191336400151938820_E_551,110.0
2739,646,CNN_0504191336400151938820_E_551,110.0
3448,646,CNN_0504191336400151938820_E_551,110.0
1416,647,CNN_711_E_9183_5,110.0
979,647,CNN_711_E_9183_12,110.0
3512,647,CNN_711_E_9183_10,110.0
2224,647,CNN_711_E_9183_1,110.0
3475,647,CNN_711_E_9183_2,110.0
3483,647,CNN_711_E_9183_3,110.0
1192,647,CNN_711_E_9183_14,110.0
328,647,CNN_711_E_9183_7,110.0
1997,647,CNN_711_E_9183_9,110.0
818,647,CNN_711_E_9183_11,110.0
2333,647,CNN_711_E_9183_4,110.0
1013,647,CNN_711_E_9183_6,110.0
3456,647,CNN_711_E_9183_13,110.0
646,648,CNN_730_E_2750_7,110.0
2153,648,CNN_730_E_2750_5,110.0
1413,648,CNN_730_E_2750_12,110.0
2252,648,CNN_730_E_2750_11,110.0
2986,648,CNN_730_E_2750_3,110.0
408,648,CNN_730_E_2750_1,110.0
1457,648,CNN_730_E_2750_9,110.0
1190,648,CNN_730_E_2750_4,110.0
3457,648,CNN_730_E_2750_6,110.0
1609,648,CNN_730_E_2750_10,110.0
2046,648,CNN_730_E_2750_8,110.0
3461,649,CNN_268N_E_26134_1,110.0
1733,650,CNN_0503201207150407023552_E_128,110.0
3464,650,CNN_0503201207150407023552_E_128,110.0
1431,650,CNN_0503201207150407023552_E_128,110.0
864,650,CNN_0503201207150407023552_E_128,110.0
3472,651,CNN_69001.235 R6/1 violett_E_261,110.0
1306,651,CNN_69001.235 R6/1 violett_E_261,110.0
77,651,CNN_69001.235 R6/1 violett_E_261,110.0
3474,652,CNN_1206172141070000325006_E_549,110.0
274,652,CNN_1206172141070000325006_E_549,110.0
3670,652,CNN_1206172141070000325006_E_549,110.0
3507,653,CNN_0804301456220197140293_E_335,110.0
1917,653,CNN_0804301456220197140293_E_335,110.0
1974,653,CNN_0804301456220197140293_E_335,110.0
2991,654,CNN_613A_E_5503_14,110.0
2305,654,CNN_613A_E_5503_12,110.0
1513,654,CNN_613A_E_5503_29,110.0
1635,654,CNN_613A_E_5503_15,110.0
1818,654,CNN_613A_E_5503_28,110.0
308,654,CNN_613A_E_5503_30,110.0
1209,654,CNN_613A_E_5503_1,110.0
501,654,CNN_613A_E_5503_8,110.0
672,654,CNN_613A_E_5503_11,110.0
3265,654,CNN_613A_E_5503_32,110.0
3508,654,CNN_613A_E_5503_3,110.0
1707,654,CNN_613A_E_5503_33,110.0
2445,655,CNN_490M_J_3330_1,6.0
1328,655,CNN_490M_J_3330_5,6.0
313,655,CNN_490M_J_3330_6,6.0
3510,655,CNN_490M_J_3330_4,6.0
1985,655,CNN_490M_J_3330_2,6.0
1026,656,CNN_0503201540000118537055_E_918,110.0
427,656,CNN_0503201540000118537055_E_918,110.0
3513,656,CNN_0503201540000118537055_E_918,110.0
3677,657,CNN_0505100743570108313440_E_261,110.0
2020,657,CNN_0505100743570108313440_E_261,110.0
3515,657,CNN_0505100743570108313440_E_261,110.0
2287,657,CNN_0505100743570108313440_E_261,110.0
3516,658,CNN_F301N_J_29024_4,6.0
2246,658,CNN_F301N_J_29024_1,6.0
615,658,CNN_F301N_J_29024_6,6.0
3085,658,CNN_F301N_J_29024_3,6.0
3345,658,CNN_F301N_J_29024_5,6.0
351,659,CNN_697S_C_18536_1,380.0
1078,659,CNN_697S_C_18536_4,380.0
3518,659,CNN_697S_C_18536_3,380.0
994,660,CNN_F9R_C_18522_27,380.0
3466,660,CNN_F9R_C_18522_38,380.0
3043,660,CNN_F9R_C_18522_39,380.0
928,660,CNN_F9R_C_18522_34,380.0
3104,660,CNN_F9R_C_18522_30,380.0
3520,660,CNN_F9R_C_18522_5,380.0
478,660,CNN_F9R_C_18522_42,380.0
1901,660,CNN_F9R_C_18522_43,380.0
487,660,CNN_F9R_C_18522_29,380.0
2373,660,CNN_F9R_C_18522_15,380.0
997,660,CNN_F9R_C_18522_44,380.0
17,660,CNN_F9R_C_18522_37,380.0
3766,660,CNN_F9R_C_18522_6,380.0
3075,660,CNN_F9R_C_18522_36,380.0
2262,660,CNN_F9R_C_18522_9,380.0
2090,660,CNN_F9R_C_18522_1,380.0
3086,660,CNN_F9R_C_18522_4,380.0
239,660,CNN_F9R_C_18522_35,380.0
2398,660,CNN_F9R_C_18522_28,380.0
2169,660,CNN_F9R_C_18522_40,380.0
737,660,CNN_F9R_C_18522_12,380.0
1758,660,CNN_F9R_C_18522_7,380.0
3353,660,CNN_F9R_C_18522_26,380.0
569,660,CNN_F9R_C_18522_8,380.0
444,660,CNN_F9R_C_18522_24,380.0
1369,660,CNN_F9R_C_18522_11,380.0
3468,660,CNN_F9R_C_18522_33,380.0
1132,660,CNN_F9R_C_18522_31,380.0
2355,660,CNN_F9R_C_18522_13,380.0
3725,661,CNN_0504201131020049812480_E_550,110.0
3613,661,CNN_0504201131020049812480_E_550,110.0
3521,661,CNN_0504201131020049812480_E_550,110.0
197,662,CNN_AMP1_C_19828_10,380.0
3574,662,CNN_AMP1_C_19828_12,380.0
3523,662,CNN_AMP1_C_19828_5,380.0
3141,662,CNN_AMP1_C_19828_16,380.0
3177,662,CNN_AMP1_C_19828_4,380.0
1326,662,CNN_AMP1_C_19828_3,380.0
1371,662,CNN_AMP1_C_19828_1,380.0
3652,662,CNN_AMP1_C_19828_17,380.0
1548,662,CNN_AMP1_C_19828_8,380.0
1074,662,CNN_AMP1_C_19828_9,380.0
1772,663,CNN_0504131306000269779496_E_203,110.0
938,663,CNN_0504131306000269779496_E_203,110.0
3530,663,CNN_0504131306000269779496_E_203,110.0
860,664,CNN_685A_J_10390_1,10.0
3651,664,CNN_685A_J_10390_6,10.0
3536,664,CNN_685A_J_10390_14,10.0
2378,665,CNN_66001.48a O6/2 grün_E_19734_,110.0
3538,665,CNN_66001.48a O6/2 grün_E_19734_,110.0
1333,665,CNN_66001.48a O6/2 grün_E_19734_,110.0
341,666,CNN_685_E_10368_5,110.0
2105,666,CNN_685_E_10368_12,110.0
1948,666,CNN_685_E_10368_9,110.0
579,666,CNN_685_E_10368_3,110.0
2121,666,CNN_685_E_10368_7,110.0
3552,666,CNN_685_E_10368_6,110.0
167,666,CNN_685_E_10368_2,110.0
2652,666,CNN_685_E_10368_13,110.0
1412,666,CNN_685_E_10368_10,110.0
202,666,CNN_685_E_10368_1,110.0
1253,666,CNN_685_E_10368_14,110.0
974,666,CNN_685_E_10368_11,110.0
2819,667,CNN_1U_E_5515_10,110.0
1405,667,CNN_1U_E_5515_6,110.0
1062,667,CNN_1U_E_5515_2,110.0
710,667,CNN_1U_E_5515_8,110.0
1742,667,CNN_1U_E_5515_13,110.0
982,667,CNN_1U_E_5515_11,110.0
3658,667,CNN_1U_E_5515_1,110.0
3477,667,CNN_1U_E_5515_12,110.0
2577,667,CNN_1U_E_5515_4,110.0
3553,667,CNN_1U_E_5515_9,110.0
3311,668,CNN_0505091525540154314616_E_261,110.0
3562,668,CNN_0505091525540154314616_E_261,110.0
475,668,CNN_0505091525540154314616_E_261,110.0
2325,668,CNN_0505091525540154314616_E_261,110.0
338,669,CNN_0504140855350945908735_E_284,110.0
3568,669,CNN_0504140855350945908735_E_284,110.0
3527,669,CNN_0504140855350945908735_E_284,110.0
599,670,CNN_0504191310140015280320_E_218,110.0
3532,670,CNN_0504191310140015280320_E_218,110.0
3571,670,CNN_0504191310140015280320_E_218,110.0
1662,671,CNN_711_J_9187_1,20.0
3587,671,CNN_711_J_9187_47,20.0
2571,672,CNN_1005090949270193630596_E_185,110.0
3593,672,CNN_1005090949270193630596_E_185,110.0
2877,672,CNN_1005090949270193630596_E_185,110.0
1802,673,CNN_69001.234 R6/1 violett_E_261,110.0
3600,673,CNN_69001.234 R6/1 violett_E_261,110.0
1242,673,CNN_69001.234 R6/1 violett_E_261,110.0
3061,674,CNN_0505081005400178469424_E_296,110.0
3609,674,CNN_0505081005400178469424_E_296,110.0
1998,674,CNN_0505081005400178469424_E_296,110.0
732,675,CNN_11501.118 V11 gelb_E_31066_2,110.0
1493,675,CNN_11501.118 V11 gelb_E_31066_3,110.0
3616,675,CNN_11501.118 V11 gelb_E_31066_1,110.0
2194,676,CNN_648E_E_1054_12,110.0
836,676,CNN_648E_E_1054_14,110.0
3604,676,CNN_648E_E_1054_5,110.0
3618,676,CNN_648E_E_1054_2,110.0
319,676,CNN_648E_E_1054_3,110.0
1204,676,CNN_648E_E_1054_13,110.0
2548,676,CNN_648E_E_1054_7,110.0
39,676,CNN_648E_E_1054_9,110.0
2565,676,CNN_648E_E_1054_1,110.0
2594,676,CNN_648E_E_1054_10,110.0
2254,676,CNN_648E_E_1054_11,110.0
1367,676,CNN_648E_E_1054_4,110.0
3628,677,CNN_69001.149 R6/1 rot_E_26144_3,110.0
2981,677,CNN_69001.149 R6/1 rot_E_26144_1,110.0
3111,677,CNN_69001.149 R6/1 rot_E_26144_2,110.0
3629,678,CNN_F8R_C_18521_3,380.0
2787,678,CNN_F8R_C_18521_18,380.0
490,678,CNN_F8R_C_18521_10,380.0
771,678,CNN_F8R_C_18521_21,380.0
2696,678,CNN_F8R_C_18521_39,380.0
762,678,CNN_F8R_C_18521_11,380.0
594,678,CNN_F8R_C_18521_27,380.0
3692,678,CNN_F8R_C_18521_35,380.0
1401,678,CNN_F8R_C_18521_6,380.0
3359,678,CNN_F8R_C_18521_25,380.0
1230,678,CNN_F8R_C_18521_20,380.0
1381,678,CNN_F8R_C_18521_40,380.0
2161,678,CNN_F8R_C_18521_1,380.0
2555,678,CNN_F8R_C_18521_5,380.0
1260,678,CNN_F8R_C_18521_23,380.0
1208,678,CNN_F8R_C_18521_37,380.0
144,678,CNN_F8R_C_18521_34,380.0
194,678,CNN_F8R_C_18521_17,380.0
3421,678,CNN_F8R_C_18521_14,380.0
2638,678,CNN_F8R_C_18521_4,380.0
825,678,CNN_F8R_C_18521_9,380.0
2864,678,CNN_F8R_C_18521_22,380.0
482,678,CNN_F8R_C_18521_7,380.0
1651,678,CNN_F8R_C_18521_38,380.0
3130,678,CNN_F8R_C_18521_36,380.0
2674,679,CNN_459B_J_3360_1,20.0
3630,679,CNN_459B_J_3360_82,20.0
2393,680,CNN_854_J_465_7,20.0
3633,680,CNN_854_J_465_42,20.0
3172,681,CNN_729_J_28456_11,6.0
29,681,CNN_729_J_28456_1,6.0
240,681,CNN_729_J_28456_10,6.0
3635,681,CNN_729_J_28456_52,6.0
3647,682,CNN_F9R_C_18525_1,380.0
1138,683,CNN_866_E_468_14,110.0
1080,683,CNN_866_E_468_7,110.0
1159,683,CNN_866_E_468_5,110.0
695,683,CNN_866_E_468_10,110.0
88,683,CNN_866_E_468_3,110.0
2421,683,CNN_866_E_468_9,110.0
447,683,CNN_866_E_468_12,110.0
2832,683,CNN_866_E_468_4,110.0
1079,683,CNN_866_E_468_13,110.0
61,683,CNN_866_E_468_2,110.0
3163,683,CNN_866_E_468_11,110.0
3653,683,CNN_866_E_468_1,110.0
3654,684,CNN_41M_E_20328_11,110.0
2575,684,CNN_41M_E_20328_10,110.0
1329,684,CNN_41M_E_20328_8,110.0
915,684,CNN_41M_E_20328_7,110.0
1014,684,CNN_41M_E_20328_5,110.0
1929,684,CNN_41M_E_20328_4,110.0
2451,684,CNN_41M_E_20328_9,110.0
3567,684,CNN_41M_E_20328_2,110.0
3103,684,CNN_41M_E_20328_1,110.0
918,685,CNN_11501.57 V11 gelb_E_31064_1,110.0
3546,685,CNN_11501.57 V11 gelb_E_31064_2,110.0
3657,685,CNN_11501.57 V11 gelb_E_31064_3,110.0
3665,686,CNN_0503201816360000496392_E_107,110.0
3735,686,CNN_0503201816360000496392_E_107,110.0
1068,686,CNN_0503201816360000496392_E_107,110.0
86,686,CNN_0503201816360000496392_E_107,110.0
3680,687,CNN_0504140855350147343424_E_284,110.0
1856,687,CNN_0504140855350147343424_E_284,110.0
3481,687,CNN_0504140855350147343424_E_284,110.0
3682,688,CNN_613A_E_5503_2,110.0
1090,688,CNN_613A_E_5503_39,110.0
1934,688,CNN_613A_E_5503_20,110.0
2358,688,CNN_613A_E_5503_23,110.0
10,688,CNN_613A_E_5503_31,110.0
2999,688,CNN_613A_E_5503_38,110.0
468,688,CNN_613A_E_5503_21,110.0
1850,688,CNN_613A_E_5503_7,110.0
23,688,CNN_613A_E_5503_9,110.0
830,688,CNN_613A_E_5503_18,110.0
1788,689,CNN_0505071054350313753552_E_296,110.0
3689,689,CNN_0505071054350313753552_E_296,110.0
1165,689,CNN_0505071054350313753552_E_296,110.0
2804,690,CNN_0505110958300264372420_C_185,380.0
3697,690,CNN_0505110958300264372420_C_185,380.0
566,690,CNN_0505110958300264372420_C_185,380.0
3698,691,CNN_11351.120 O11 rot_E_31202_2,110.0
3189,691,CNN_11351.120 O11 rot_E_31202_1,110.0
3260,691,CNN_11351.120 O11 rot_E_31202_3,110.0
245,692,CNN_1206172312540003473148_E_163,110.0
2884,692,CNN_1206172312540003473148_E_163,110.0
3713,692,CNN_1206172312540003473148_E_163,110.0
2838,693,CNN_640_E_3354_2,110.0
812,693,CNN_640_E_3354_21,110.0
786,693,CNN_640_E_3354_20,110.0
3685,693,CNN_640_E_3354_5,110.0
2860,693,CNN_640_E_3354_6,110.0
303,693,CNN_640_E_3354_12,110.0
536,693,CNN_640_E_3354_13,110.0
33,693,CNN_640_E_3354_1,110.0
1488,693,CNN_640_E_3354_16,110.0
3623,693,CNN_640_E_3354_8,110.0
40,693,CNN_640_E_3354_19,110.0
2774,693,CNN_640_E_3354_10,110.0
1779,693,CNN_640_E_3354_24,110.0
2772,693,CNN_640_E_3354_9,110.0
738,693,CNN_640_E_3354_17,110.0
2737,693,CNN_640_E_3354_15,110.0
3232,693,CNN_640_E_3354_28,110.0
1714,693,CNN_640_E_3354_25,110.0
3722,693,CNN_640_E_3354_27,110.0
1426,693,CNN_640_E_3354_7,110.0
876,693,CNN_640_E_3354_26,110.0
1316,693,CNN_640_E_3354_4,110.0
1378,693,CNN_640_E_3354_18,110.0
3726,694,CNN_625_H_18524_1,30.0
2404,695,CNN_205B_J_29800_5,20.0
3727,695,CNN_205B_J_29800_41,20.0
3736,696,CNN_0503201501170278527200_E_128,110.0
948,696,CNN_0503201501170278527200_E_128,110.0
82,696,CNN_0503201501170278527200_E_128,110.0
3284,697,CNN_407H_E_11936_11,110.0
2093,697,CNN_407H_E_11936_4,110.0
879,697,CNN_407H_E_11936_2,110.0
414,697,CNN_407H_E_11936_13,110.0
3280,697,CNN_407H_E_11936_12,110.0
1969,697,CNN_407H_E_11936_9,110.0
3744,697,CNN_407H_E_11936_1,110.0
3108,697,CNN_407H_E_11936_8,110.0
2146,697,CNN_407H_E_11936_6,110.0
1796,697,CNN_407H_E_11936_10,110.0
3745,698,CNN_729_J_28457_17,20.0
1144,698,CNN_729_J_28457_1,20.0
3648,698,CNN_729_J_28457_6,20.0
543,699,CNN_605U1_E_20813_4,110.0
2949,699,CNN_605U1_E_20813_3,110.0
1970,699,CNN_605U1_E_20813_13,110.0
3673,699,CNN_605U1_E_20813_1,110.0
3747,699,CNN_605U1_E_20813_9,110.0
1578,699,CNN_605U1_E_20813_12,110.0
1553,699,CNN_605U1_E_20813_6,110.0
3771,699,CNN_605U1_E_20813_10,110.0
538,699,CNN_605U1_E_20813_8,110.0
2244,699,CNN_605U1_E_20813_11,110.0
3748,700,CNN_459B_E_3358_6,110.0
2038,700,CNN_459B_E_3358_15,110.0
462,700,CNN_459B_E_3358_12,110.0
2932,700,CNN_459B_E_3358_3,110.0
1323,700,CNN_459B_E_3358_14,110.0
3178,700,CNN_459B_E_3358_10,110.0
941,700,CNN_459B_E_3358_1,110.0
1935,700,CNN_459B_E_3358_4,110.0
862,700,CNN_459B_E_3358_13,110.0
827,700,CNN_459B_E_3358_9,110.0
1102,700,CNN_459B_E_3358_7,110.0
2600,700,CNN_459B_E_3358_11,110.0
2743,701,CNN_0504171444070270685989_E_218,110.0
2005,701,CNN_0504171444070270685989_E_218,110.0
3286,701,CNN_0504171444070270685989_E_218,110.0
3760,701,CNN_0504171444070270685989_E_218,110.0
1086,702,CNN_631B_J_2_21,3.0
3764,702,CNN_631B_J_2_38,3.0
1309,702,CNN_631B_J_2_26,3.0
198,702,CNN_631B_J_2_39,3.0
1063,702,CNN_631B_J_2_6,3.0
2766,703,CNN_486E_E_10392_11,110.0
3225,703,CNN_486E_E_10392_4,110.0
3776,703,CNN_486E_E_10392_8,110.0
1027,703,CNN_486E_E_10392_1,110.0
2422,703,CNN_486E_E_10392_7,110.0
1931,703,CNN_486E_E_10392_9,110.0
1977,703,CNN_486E_E_10392_6,110.0
2718,703,CNN_486E_E_10392_3,110.0
2191,703,CNN_486E_E_10392_2,110.0
3777,704,CNN_288K_E_13_1,110.0
3683,704,CNN_288K_E_13_10,110.0
3318,704,CNN_288K_E_13_12,110.0
2251,704,CNN_288K_E_13_3,110.0
2452,704,CNN_288K_E_13_11,110.0
2177,704,CNN_288K_E_13_6,110.0
701,704,CNN_288K_E_13_5,110.0
1822,704,CNN_288K_E_13_8,110.0
3083,704,CNN_288K_E_13_13,110.0
2297,704,CNN_288K_E_13_9,110.0
2781,705,CNN_245B_E_26149_4,110.0
3779,705,CNN_245B_E_26149_2,110.0
62,705,CNN_245B_E_26149_1,110.0
