,bus,element,closed,from_ppci,to_ppci
0,1590,361,True,1590,361
1,1798,1811,False,1798,1811
2,2193,3617,True,2193,3617
3,887,214,True,887,214
4,143,1994,True,143,1994
5,2506,2840,True,2506,2840
6,2913,1257,True,2913,1257
7,1500,101,True,1500,101
8,34,2104,True,34,2104
9,541,656,True,541,656
10,1831,3106,False,1831,3106
11,101,1591,True,101,1591
12,2340,380,True,2340,380
13,2986,1609,True,2986,1609
14,2172,950,True,2172,950
15,1291,3497,False,1291,3497
16,1050,393,True,1050,393
17,224,1319,False,224,1319
18,1723,1202,True,1723,1202
19,932,3187,True,932,3187
20,1192,328,True,1192,328
21,347,964,True,347,964
22,3671,1304,True,3671,1304
23,2644,845,True,2644,845
24,1196,1407,False,1196,1407
25,2684,3470,True,2684,3470
26,3603,450,False,3603,450
27,3409,2543,False,3409,2543
28,2041,1527,True,2041,1527
29,1829,243,True,1829,243
30,3212,1826,True,3212,1826
31,2812,3065,True,2812,3065
32,3679,174,True,3679,174
33,3416,2765,False,3416,2765
34,1980,305,False,1980,305
35,3284,2093,True,3284,2093
36,1447,1383,False,1447,1383
37,629,1657,True,629,1657
38,1769,759,True,1769,759
39,1311,2262,False,1311,2262
40,492,238,True,492,238
41,766,477,False,766,477
42,2998,855,True,2998,855
43,2685,334,True,2685,334
44,2632,117,True,2632,117
45,3597,2578,True,3597,2578
46,2480,1584,True,2480,1584
47,3652,3523,True,3652,3523
48,1083,2753,True,1083,2753
49,594,1401,False,594,1401
50,353,1700,True,353,1700
51,3727,2404,True,3727,2404
52,2898,1704,True,2898,1704
53,2249,2990,False,2249,2990
54,2779,3462,True,2779,3462
55,3345,3085,True,3345,3085
56,1969,2275,False,1969,2275
57,2016,3554,True,2016,3554
58,478,997,True,478,997
59,2205,403,False,2205,403
60,3645,2742,True,3645,2742
61,806,2923,True,806,2923
62,2194,1345,False,2194,1345
63,1951,1773,True,1951,1773
64,1283,2692,False,1283,2692
65,2219,1571,True,2219,1571
66,1315,2309,False,1315,2309
67,704,3297,False,704,3297
68,1625,330,True,1625,330
69,1537,2218,False,1537,2218
70,3213,2168,True,3213,2168
71,2444,3009,True,2444,3009
72,907,2835,True,907,2835
73,1165,1788,True,1165,1788
74,2488,2391,True,2488,2391
75,1325,2553,True,1325,2553
76,1967,3644,True,1967,3644
77,2421,3653,True,2421,3653
78,1684,3340,True,1684,3340
79,36,1580,True,36,1580
80,1428,1658,True,1428,1658
81,591,12,True,591,12
82,1743,3039,False,1743,3039
83,2589,135,True,2589,135
84,2250,3140,True,2250,3140
85,1994,645,True,1994,645
86,2570,458,True,2570,458
87,422,2692,False,422,2692
88,1616,3246,False,1616,3246
89,207,1210,False,207,1210
90,278,1610,True,278,1610
91,1414,654,False,1414,654
92,1010,593,True,1010,593
93,1862,3195,True,1862,3195
94,696,47,True,696,47
95,884,1605,True,884,1605
96,3058,402,True,3058,402
97,2569,1504,True,2569,1504
98,2461,3461,False,2461,3461
99,2909,1787,True,2909,1787
100,2837,3122,True,2837,3122
101,2783,2694,False,2783,2694
102,2575,3654,True,2575,3654
103,1827,505,True,1827,505
104,3512,1997,True,3512,1997
105,2821,493,True,2821,493
106,2071,34,True,2071,34
107,3193,3233,True,3193,3233
108,3395,606,True,3395,606
109,2527,2644,True,2527,2644
110,1298,1365,True,1298,1365
111,2777,554,False,2777,554
112,2903,1559,True,2903,1559
113,1328,1985,True,1328,1985
114,1467,2118,False,1467,2118
115,1704,132,True,1704,132
116,594,3421,True,594,3421
117,1087,641,True,1087,641
118,2579,1020,True,2579,1020
119,3540,3117,True,3540,3117
120,1981,2201,True,1981,2201
121,17,1369,False,17,1369
122,1442,758,True,1442,758
123,3589,2600,False,3589,2600
124,2695,2430,True,2695,2430
125,2561,2911,False,2561,2911
126,1143,1823,True,1143,1823
127,1916,1211,True,1916,1211
128,3050,2581,True,3050,2581
129,51,2617,True,51,2617
130,3280,879,True,3280,879
131,2993,2631,True,2993,2631
132,1414,1966,True,1414,1966
133,2882,3666,True,2882,3666
134,101,1771,True,101,1771
135,808,699,True,808,699
136,3556,2212,True,3556,2212
137,3715,59,True,3715,59
138,110,2247,True,110,2247
139,2913,1554,True,2913,1554
140,242,357,True,242,357
141,758,1530,True,758,1530
142,3422,1133,True,3422,1133
143,1086,198,True,1086,198
144,227,1916,True,227,1916
145,2610,3555,True,2610,3555
146,2891,2214,True,2891,2214
147,2658,2185,True,2658,2185
148,1501,1016,True,1501,1016
149,1518,3749,False,1518,3749
150,226,1214,False,226,1214
151,2986,646,True,2986,646
152,602,3125,True,602,3125
153,3218,769,True,3218,769
154,2679,2406,True,2679,2406
155,1311,1758,False,1311,1758
156,638,321,True,638,321
157,1215,507,False,1215,507
158,2651,1905,False,2651,1905
159,2281,28,False,2281,28
160,128,2869,True,128,2869
161,1146,3719,True,1146,3719
162,1557,2167,True,1557,2167
163,1593,1537,True,1593,1537
164,1135,391,True,1135,391
165,193,1842,True,193,1842
166,2419,2583,True,2419,2583
167,3093,3444,False,3093,3444
168,2284,2817,True,2284,2817
169,1094,1177,True,1094,1177
170,3016,3765,False,3016,3765
171,969,1960,True,969,1960
172,1404,1197,True,1404,1197
173,286,2348,True,286,2348
174,1215,1648,True,1215,1648
175,2632,223,True,2632,223
176,3624,2405,True,3624,2405
177,1807,648,False,1807,648
178,1152,1859,True,1152,1859
179,2244,2203,False,2244,2203
180,3420,2726,True,3420,2726
181,2251,3318,True,2251,3318
182,232,1388,True,232,1388
183,1538,2955,False,1538,2955
184,3046,336,True,3046,336
185,204,877,True,204,877
186,3052,2882,True,3052,2882
187,430,499,True,430,499
188,3734,1361,True,3734,1361
189,3553,1062,True,3553,1062
190,3731,534,True,3731,534
191,710,3658,True,710,3658
192,91,3374,True,91,3374
193,366,1916,True,366,1916
194,2245,2021,True,2245,2021
195,3087,1930,True,3087,1930
196,1435,1181,False,1435,1181
197,2645,2186,True,2645,2186
198,3060,3592,True,3060,3592
199,1875,2754,True,1875,2754
200,2434,2371,True,2434,2371
201,3722,2772,True,3722,2772
202,2019,1660,True,2019,1660
203,2403,3301,True,2403,3301
204,3662,781,True,3662,781
205,1973,3582,True,1973,3582
206,3583,355,False,3583,355
207,2757,2111,False,2757,2111
208,2838,786,True,2838,786
209,1623,3124,False,1623,3124
210,3196,638,True,3196,638
211,473,3363,True,473,3363
212,1329,2862,False,1329,2862
213,1555,1519,True,1555,1519
214,2041,2098,True,2041,2098
215,1043,2623,True,1043,2623
216,1392,2265,True,1392,2265
217,3588,1923,True,3588,1923
218,634,1374,False,634,1374
219,3052,2717,True,3052,2717
220,1599,3753,False,1599,3753
221,2560,3419,True,2560,3419
222,3067,2640,True,3067,2640
223,3757,1519,True,3757,1519
224,2970,3423,True,2970,3423
225,1993,1864,False,1993,1864
226,3123,441,False,3123,441
227,2223,1287,False,2223,1287
228,1180,2849,True,1180,2849
229,1334,1232,False,1334,1232
230,1746,1468,True,1746,1468
231,3209,2561,False,3209,2561
232,3529,3002,False,3529,3002
233,3080,3637,True,3080,3637
234,2248,2990,False,2248,2990
235,311,554,False,311,554
236,547,3569,True,547,3569
237,532,2072,True,532,2072
238,254,3289,True,254,3289
239,1573,1828,True,1573,1828
240,3760,2005,True,3760,2005
241,833,1925,True,833,1925
242,738,2838,True,738,2838
243,38,596,True,38,596
244,1247,410,False,1247,410
245,2604,726,True,2604,726
246,2193,1243,True,2193,1243
247,1562,1214,False,1562,1214
248,2138,1034,False,2138,1034
249,1363,413,True,1363,413
250,1308,1990,True,1308,1990
251,127,3759,True,127,3759
252,1782,1508,True,1782,1508
253,1919,1139,True,1919,1139
254,2169,1901,True,2169,1901
255,3677,2287,True,3677,2287
256,3418,100,True,3418,100
257,3254,304,True,3254,304
258,1343,1916,False,1343,1916
259,3130,490,True,3130,490
260,1750,2469,True,1750,2469
261,847,651,False,847,651
262,1244,2138,False,1244,2138
263,1780,2643,True,1780,2643
264,3763,3344,True,3763,3344
265,1878,286,True,1878,286
266,1311,3766,False,1311,3766
267,3583,2929,False,3583,2929
268,31,886,True,31,886
269,3045,354,True,3045,354
270,1912,3152,True,1912,3152
271,2238,3444,False,2238,3444
272,2185,3039,True,2185,3039
273,1037,1009,True,1037,1009
274,1006,1338,False,1006,1338
275,190,1457,False,190,1457
276,704,671,True,704,671
277,1720,2057,True,1720,2057
278,1478,3646,True,1478,3646
279,190,1609,False,190,1609
280,156,2705,True,156,2705
281,2264,1559,False,2264,1559
282,3622,3761,False,3622,3761
283,2233,2840,True,2233,2840
284,3410,2027,True,3410,2027
285,1950,2346,True,1950,2346
286,2868,2840,False,2868,2840
287,2722,261,False,2722,261
288,273,182,True,273,182
289,2504,1341,False,2504,1341
290,1417,2400,True,1417,2400
291,1759,1141,True,1759,1141
292,678,2840,True,678,2840
293,1475,3416,True,1475,3416
294,1781,3102,True,1781,3102
295,2527,554,True,2527,554
296,1510,1299,False,1510,1299
297,422,3577,True,422,3577
298,263,3293,True,263,3293
299,2217,2063,True,2217,2063
300,3524,1702,True,3524,1702
301,2340,3008,False,2340,3008
302,3667,1106,False,3667,1106
303,2761,2567,True,2761,2567
304,2834,3357,True,2834,3357
305,2911,2717,True,2911,2717
306,250,1401,False,250,1401
307,145,3771,False,145,3771
308,3155,507,False,3155,507
309,262,183,True,262,183
310,2634,3578,True,2634,3578
311,2504,2437,True,2504,2437
312,1130,1891,True,1130,1891
313,3671,3540,True,3671,3540
314,2150,2893,True,2150,2893
315,771,2555,False,771,2555
316,598,559,True,598,559
317,2626,3375,False,2626,3375
318,668,2389,True,668,2389
319,3400,1352,True,3400,1352
320,771,144,True,771,144
321,2475,2178,True,2475,2178
322,229,405,True,229,405
323,582,630,False,582,630
324,573,926,True,573,926
325,3190,2655,False,3190,2655
326,1502,1348,True,1502,1348
327,934,2853,True,934,2853
328,1475,3753,False,1475,3753
329,833,2967,True,833,2967
330,3184,3753,False,3184,3753
331,1819,3761,False,1819,3761
332,2818,1669,True,2818,1669
333,2894,2782,True,2894,2782
334,2261,3730,False,2261,3730
335,996,1563,True,996,1563
336,1620,3443,False,1620,3443
337,213,1099,True,213,1099
338,671,410,False,671,410
339,2859,496,False,2859,496
340,2068,1880,True,2068,1880
341,2543,1453,False,2543,1453
342,1326,1074,True,1326,1074
343,2954,3443,False,2954,3443
344,2461,2322,True,2461,2322
345,474,929,True,474,929
346,826,477,False,826,477
347,1289,1907,True,1289,1907
348,3523,3718,False,3523,3718
349,265,2496,True,265,2496
350,3318,3083,True,3318,3083
351,1167,1942,True,1167,1942
352,2543,3019,False,2543,3019
353,3314,596,True,3314,596
354,3489,3664,True,3489,3664
355,294,639,False,294,639
356,1924,2705,True,1924,2705
357,3511,1003,True,3511,1003
358,3043,737,True,3043,737
359,3405,2792,False,3405,2792
360,878,2407,False,878,2407
361,2922,2524,True,2922,2524
362,216,2199,True,216,2199
363,1638,3343,True,1638,3343
364,1822,3777,True,1822,3777
365,1378,604,False,1378,604
366,3184,3416,False,3184,3416
367,738,604,False,738,604
368,3603,164,True,3603,164
369,546,2111,True,546,2111
370,1962,1837,False,1962,1837
371,2551,956,True,2551,956
372,2455,1592,False,2455,1592
373,3538,2378,True,3538,2378
374,3121,3753,False,3121,3753
375,1203,727,False,1203,727
376,86,1068,True,86,1068
377,2652,3552,True,2652,3552
378,1415,2294,True,1415,2294
379,1968,3392,True,1968,3392
380,2468,3394,True,2468,3394
381,315,42,True,315,42
382,3262,1806,True,3262,1806
383,1045,2083,True,1045,2083
384,2854,2232,True,2854,2232
385,1567,1575,True,1567,1575
386,1101,2143,True,1101,2143
387,1348,1034,True,1348,1034
388,1951,3730,False,1951,3730
389,1969,3108,True,1969,3108
390,1667,2962,True,1667,2962
391,2794,2828,True,2794,2828
392,401,2208,True,401,2208
393,790,1053,True,790,1053
394,2924,3443,False,2924,3443
395,1825,2614,True,1825,2614
396,3337,567,False,3337,567
397,194,3130,True,194,3130
398,153,1882,True,153,1882
399,374,1312,True,374,1312
400,3294,1559,True,3294,1559
401,3080,2138,False,3080,2138
402,1107,1399,True,1107,1399
403,2837,553,True,2837,553
404,779,3452,False,779,3452
405,3770,3089,True,3770,3089
406,1066,885,True,1066,885
407,777,1109,True,777,1109
408,3686,999,True,3686,999
409,2238,3690,False,2238,3690
410,2497,1221,True,2497,1221
411,1775,2953,True,1775,2953
412,3591,648,False,3591,648
413,937,3383,True,937,3383
414,3292,2692,False,3292,2692
415,1689,25,True,1689,25
416,867,1849,True,867,1849
417,1692,1826,True,1692,1826
418,3364,755,True,3364,755
419,3145,309,True,3145,309
420,3720,3375,False,3720,3375
421,3449,3730,False,3449,3730
422,2974,142,True,2974,142
423,849,659,True,849,659
424,175,2331,True,175,2331
425,1612,875,True,1612,875
426,462,1397,False,462,1397
427,1946,2060,True,1946,2060
428,208,1296,True,208,1296
429,3322,2202,True,3322,2202
430,673,1229,True,673,1229
431,3262,2833,True,3262,2833
432,2788,1533,True,2788,1533
433,3023,3222,False,3023,3222
434,978,1839,True,978,1839
435,491,2840,True,491,2840
436,1340,1680,True,1340,1680
437,2591,3274,True,2591,3274
438,1245,1025,True,1245,1025
439,3368,2156,False,3368,2156
440,2030,683,True,2030,683
441,2308,1765,True,2308,1765
442,2626,2072,True,2626,2072
443,1279,2634,True,1279,2634
444,478,724,False,478,724
445,784,1943,True,784,1943
446,1299,2309,True,1299,2309
447,2929,2326,False,2929,2326
448,2226,1915,True,2226,1915
449,2557,3254,False,2557,3254
450,1743,2382,True,1743,2382
451,2081,415,True,2081,415
452,899,2182,True,899,2182
453,1659,705,False,1659,705
454,951,3006,True,951,3006
455,2947,3151,True,2947,3151
456,265,975,True,265,975
457,1927,3002,False,1927,3002
458,3183,1721,True,3183,1721
459,1849,2595,False,1849,2595
460,3493,2111,False,3493,2111
461,3682,468,True,3682,468
462,3371,1995,False,3371,1995
463,2395,3605,True,2395,3605
464,1094,1166,True,1094,1166
465,1804,3229,True,1804,3229
466,2162,2408,False,2162,2408
467,1264,2313,True,1264,2313
468,2003,1971,False,2003,1971
469,476,516,True,476,516
470,1623,1443,True,1623,1443
471,1646,2435,True,1646,2435
472,1619,65,True,1619,65
473,2382,3367,False,2382,3367
474,2429,1517,True,2429,1517
475,2919,706,True,2919,706
476,2991,1209,True,2991,1209
477,193,1015,True,193,1015
478,3508,1934,False,3508,1934
479,3618,319,True,3618,319
480,2788,469,True,2788,469
481,2415,3327,True,2415,3327
482,1194,954,True,1194,954
483,947,1198,True,947,1198
484,2809,2126,True,2809,2126
485,3483,1416,True,3483,1416
486,626,577,True,626,577
487,2220,2747,True,2220,2747
488,2592,1693,True,2592,1693
489,695,2421,True,695,2421
490,2633,3639,True,2633,3639
491,1644,1082,True,1644,1082
492,2998,590,True,2998,590
493,2769,3599,True,2769,3599
494,3440,3765,False,3440,3765
495,3143,378,True,3143,378
496,680,3439,True,680,3439
497,3216,905,True,3216,905
498,1344,2965,False,1344,2965
499,3049,78,True,3049,78
500,474,2321,True,474,2321
501,3218,2536,False,3218,2536
502,1291,3770,False,1291,3770
503,2552,2915,True,2552,2915
504,262,1680,False,262,1680
505,2256,1238,True,2256,1238
506,3444,898,False,3444,898
507,3258,2400,True,3258,2400
508,1490,1239,True,1490,1239
509,3466,737,True,3466,737
510,3180,661,True,3180,661
511,85,2179,True,85,2179
512,1760,131,True,1760,131
513,255,1657,True,255,1657
514,2157,2151,True,2157,2151
515,1394,485,True,1394,485
516,2007,3296,False,2007,3296
517,3251,1705,True,3251,1705
518,604,2737,False,604,2737
519,2818,2856,True,2818,2856
520,304,2829,False,304,2829
521,915,3103,True,915,3103
522,2266,2955,False,2266,2955
523,227,2498,False,227,2498
524,2701,2556,True,2701,2556
525,3075,724,False,3075,724
526,3325,3730,False,3325,3730
527,3425,778,True,3425,778
528,1913,912,True,1913,912
529,1690,1311,False,1690,1311
530,3710,554,False,3710,554
531,270,2661,True,270,2661
532,1066,2112,True,1066,2112
533,1608,400,False,1608,400
534,1475,596,False,1475,596
535,724,3468,False,724,3468
536,844,528,True,844,528
537,3560,1909,False,3560,1909
538,3560,1273,True,3560,1273
539,798,3758,True,798,3758
540,1579,2982,True,1579,2982
541,828,3401,False,828,3401
542,2345,1410,True,2345,1410
543,91,1820,True,91,1820
544,2216,2416,True,2216,2416
545,224,3011,True,224,3011
546,1599,3416,False,1599,3416
547,1730,3564,True,1730,3564
548,1282,2241,True,1282,2241
549,272,789,False,272,789
550,2756,3250,True,2756,3250
551,2717,3586,False,2717,3586
552,3098,1937,False,3098,1937
553,3359,1401,True,3359,1401
554,3173,3269,False,3173,3269
555,3710,1972,True,3710,1972
556,3217,3147,True,3217,3147
557,2641,2370,True,2641,2370
558,1714,1426,True,1714,1426
559,1242,3600,True,1242,3600
560,242,2709,True,242,2709
561,1817,2060,True,1817,2060
562,2457,2513,True,2457,2513
563,966,1897,True,966,1897
564,1783,14,False,1783,14
565,3510,313,True,3510,313
566,824,2555,False,824,2555
567,471,75,True,471,75
568,1104,277,False,1104,277
569,1879,183,True,1879,183
570,359,2175,True,359,2175
571,2325,475,True,2325,475
572,2426,463,True,2426,463
573,1718,259,True,1718,259
574,846,1773,False,846,1773
575,3352,136,True,3352,136
576,444,724,False,444,724
577,2223,3539,True,2223,3539
578,360,134,True,360,134
579,1272,1957,True,1272,1957
580,1245,2958,True,1245,2958
581,2948,1364,True,2948,1364
582,2268,2946,True,2268,2946
583,2218,3769,False,2218,3769
584,3335,3119,True,3335,3119
585,1301,1498,True,1301,1498
586,1326,3714,False,1326,3714
587,1941,1898,True,1941,1898
588,2468,3210,True,2468,3210
589,3447,3248,True,3447,3248
590,3624,908,True,3624,908
591,1606,3238,True,1606,3238
592,3676,1529,True,3676,1529
593,1363,725,True,1363,725
594,3281,2514,True,3281,2514
595,1213,2031,True,1213,2031
596,3624,507,False,3624,507
597,1022,2825,True,1022,2825
598,919,2692,False,919,2692
599,2864,1401,False,2864,1401
600,143,2965,False,143,2965
601,412,2056,True,412,2056
602,1814,1743,False,1814,1743
603,1019,3702,False,1019,3702
604,745,2199,True,745,2199
605,1847,3424,True,1847,3424
606,3043,1369,False,3043,1369
607,2298,1251,True,2298,1251
608,743,548,True,743,548
609,141,1638,True,141,1638
610,2266,384,True,2266,384
611,1453,2921,True,1453,2921
612,2563,734,False,2563,734
613,2170,2083,True,2170,2083
614,2192,3374,True,2192,3374
615,3435,1140,True,3435,1140
616,1200,1650,True,1200,1650
617,997,737,True,997,737
618,2822,423,True,2822,423
619,272,1649,True,272,1649
620,421,2681,True,421,2681
621,2751,3120,True,2751,3120
622,704,1439,False,704,1439
623,1264,1614,True,1264,1614
624,3556,3329,True,3556,3329
625,1230,1401,False,1230,1401
626,1288,1214,False,1288,1214
627,1547,441,False,1547,441
628,66,3277,True,66,3277
629,2401,3002,False,2401,3002
630,2921,2647,True,2921,2647
631,1246,2428,True,1246,2428
632,1892,142,True,1892,142
633,2181,2943,False,2181,2943
634,2454,2596,True,2454,2596
635,934,1391,True,934,1391
636,2165,2616,True,2165,2616
637,2119,2136,True,2119,2136
638,988,258,True,988,258
639,756,1270,True,756,1270
640,341,2105,True,341,2105
641,895,2025,True,895,2025
642,1326,3718,False,1326,3718
643,1077,2936,True,1077,2936
644,1605,1181,False,1605,1181
645,3135,2824,True,3135,2824
646,2866,2523,True,2866,2523
647,739,1764,True,739,1764
648,861,1317,False,861,1317
649,3579,2966,True,3579,2966
650,1677,2056,True,1677,2056
651,1969,879,True,1969,879
652,3184,575,True,3184,575
653,2286,2069,True,2286,2069
654,1132,2262,True,1132,2262
655,2030,998,True,2030,998
656,1279,3626,False,1279,3626
657,306,3573,True,306,3573
658,130,1182,True,130,1182
659,3656,133,True,3656,133
660,3495,2436,False,3495,2436
661,2780,1611,False,2780,1611
662,1373,2561,False,1373,2561
663,142,1862,True,142,1862
664,2912,790,True,2912,790
665,1461,2965,False,1461,2965
666,2210,2273,True,2210,2273
667,1711,2847,True,1711,2847
668,1301,3091,True,1301,3091
669,101,225,False,101,225
670,1186,1304,True,1186,1304
671,1135,2518,True,1135,2518
672,1578,1970,True,1578,1970
673,3192,3214,False,3192,3214
674,3543,477,False,3543,477
675,295,460,False,295,460
676,2163,1114,True,2163,1114
677,986,1479,True,986,1479
678,2325,3311,True,2325,3311
679,245,2884,True,245,2884
680,2251,2452,True,2251,2452
681,3592,3602,False,3592,3602
682,456,477,False,456,477
683,812,604,False,812,604
684,3514,1408,True,3514,1408
685,2544,546,True,2544,546
686,1952,1713,True,1952,1713
687,1727,1559,True,1727,1559
688,2959,3373,True,2959,3373
689,1894,944,True,1894,944
690,3314,3753,False,3314,3753
691,359,1418,True,359,1418
692,846,1990,False,846,1990
693,3197,1995,False,3197,1995
694,3484,2615,True,3484,2615
695,3013,2861,True,3013,2861
696,1998,3609,True,1998,3609
697,1135,822,False,1135,822
698,171,3171,True,171,3171
699,1289,2515,True,1289,2515
700,3208,522,True,3208,522
701,782,3683,False,782,3683
702,40,604,False,40,604
703,3512,3475,True,3512,3475
704,1279,1869,True,1279,1869
705,582,99,True,582,99
706,3132,1552,False,3132,1552
707,2697,3501,False,2697,3501
708,1260,2555,True,1260,2555
709,2527,1995,False,2527,1995
710,3192,1866,True,3192,1866
711,3438,54,True,3438,54
712,2409,1133,True,2409,1133
713,2345,3224,True,2345,3224
714,2220,3702,False,2220,3702
715,3456,1013,True,3456,1013
716,422,441,False,422,441
717,1152,1971,False,1152,1971
718,422,2543,True,422,2543
719,2151,533,False,2151,533
720,1357,2492,True,1357,2492
721,1513,501,True,1513,501
722,2692,828,False,2692,828
723,3222,3761,False,3222,3761
724,1382,1472,True,1382,1472
725,3508,1635,True,3508,1635
726,3213,1874,True,3213,1874
727,1305,2214,True,1305,2214
728,3545,3002,False,3545,3002
729,1523,2690,True,1523,2690
730,494,2285,True,494,2285
731,3203,528,False,3203,528
732,2779,1685,True,2779,1685
733,1612,972,True,1612,972
734,1473,1630,False,1473,1630
735,3291,251,True,3291,251
736,997,724,False,997,724
737,2372,2769,True,2372,2769
738,3305,2055,True,3305,2055
739,524,3596,True,524,3596
740,1740,1277,True,1740,1277
741,2520,2706,True,2520,2706
742,3104,569,True,3104,569
743,3209,900,True,3209,900
744,1354,1647,True,1354,1647
745,796,1763,False,796,1763
746,1690,737,False,1690,737
747,2150,2797,True,2150,2797
748,45,3036,True,45,3036
749,484,220,True,484,220
750,2684,2872,True,2684,2872
751,251,2614,True,251,2614
752,688,2962,True,688,2962
753,2543,2667,True,2543,2667
754,717,3467,True,717,3467
755,1484,1990,False,1484,1990
756,1403,574,False,1403,574
757,1140,506,True,1140,506
758,2337,1864,False,2337,1864
759,2439,1921,True,2439,1921
760,3678,2307,True,3678,2307
761,2928,2324,True,2928,2324
762,1286,3730,False,1286,3730
763,1609,1413,True,1609,1413
764,748,1444,True,748,1444
765,2291,838,True,2291,838
766,771,1938,False,771,1938
767,1230,2555,True,1230,2555
768,1522,3299,True,1522,3299
769,61,88,True,61,88
770,1777,537,True,1777,537
771,3142,2889,False,3142,2889
772,1749,2127,True,1749,2127
773,1103,1167,True,1103,1167
774,1815,3452,False,1815,3452
775,771,1401,True,771,1401
776,3021,3306,True,3021,3306
777,826,1463,False,826,1463
778,283,1512,False,283,1512
779,1892,3347,False,1892,3347
780,70,2062,True,70,2062
781,117,446,True,117,446
782,3535,3179,True,3535,3179
783,3193,3664,True,3193,3664
784,187,32,True,187,32
785,3197,554,False,3197,554
786,662,1007,False,662,1007
787,962,1567,True,962,1567
788,1645,2843,True,1645,2843
789,2786,2385,True,2786,2385
790,364,943,True,364,943
791,304,2634,False,304,2634
792,2529,642,True,2529,642
793,456,2846,False,456,2846
794,532,3672,True,532,3672
795,3058,18,True,3058,18
796,3334,307,True,3334,307
797,3691,2083,False,3691,2083
798,171,185,True,171,185
799,1129,1154,True,1129,1154
800,2142,1860,False,2142,1860
801,1893,1387,False,1893,1387
802,722,1319,False,722,1319
803,2047,2015,False,2047,2015
804,1432,675,True,1432,675
805,3155,2405,True,3155,2405
806,1515,123,True,1515,123
807,3197,1972,True,3197,1972
808,1291,2339,False,1291,2339
809,1133,1496,True,1133,1496
810,1956,633,False,1956,633
811,3698,3189,True,3698,3189
812,1927,3254,False,1927,3254
813,1732,3526,False,1732,3526
814,2932,2600,True,2932,2600
815,560,1482,True,560,1482
816,2484,403,False,2484,403
817,263,3116,True,263,3116
818,2927,3234,True,2927,3234
819,1219,2124,False,1219,2124
820,98,3570,True,98,3570
821,1838,184,True,1838,184
822,808,3354,True,808,3354
823,573,2075,True,573,2075
824,3371,1972,True,3371,1972
825,3615,3328,True,3615,3328
826,2945,2091,False,2945,2091
827,2450,1757,True,2450,1757
828,1809,2159,True,1809,2159
829,630,1644,False,630,1644
830,2700,1586,True,2700,1586
831,55,3733,True,55,3733
832,1923,970,True,1923,970
833,1775,2715,True,1775,2715
834,1063,1086,True,1063,1086
835,337,267,True,337,267
836,621,1492,True,621,1492
837,385,2478,True,385,2478
838,1078,351,True,1078,351
839,2662,635,True,2662,635
840,3757,648,False,3757,648
841,2364,1421,True,2364,1421
842,2433,3388,False,2433,3388
843,2444,2961,True,2444,2961
844,1329,915,True,1329,915
845,1272,205,True,1272,205
846,449,1295,False,449,1295
847,362,1967,False,362,1967
848,1747,1939,True,1747,1939
849,3182,636,False,3182,636
850,2059,1801,True,2059,1801
851,520,2996,True,520,2996
852,869,3355,True,869,3355
853,2,789,False,2,789
854,2382,1634,False,2382,1634
855,2914,3254,False,2914,3254
856,3445,2516,True,3445,2516
857,2579,2806,True,2579,2806
858,2642,3064,True,2642,3064
859,1260,1651,True,1260,1651
860,2356,3066,True,2356,3066
861,558,3368,False,558,3368
862,776,542,False,776,542
863,1599,2059,True,1599,2059
864,869,550,True,869,550
865,370,3749,False,370,3749
866,3620,857,True,3620,857
867,2947,3186,True,2947,3186
868,1848,236,True,1848,236
869,2003,1285,True,2003,1285
870,2945,157,True,2945,157
871,1100,3002,False,1100,3002
872,882,1691,False,882,1691
873,1172,3462,True,1172,3462
874,1545,3751,True,1545,3751
875,2514,787,True,2514,787
876,313,3636,False,313,3636
877,3418,634,False,3418,634
878,322,728,True,322,728
879,1981,1769,True,1981,1769
880,2377,3381,True,2377,3381
881,1593,850,True,1593,850
882,2641,1267,True,2641,1267
883,293,2654,True,293,2654
884,2301,406,True,2301,406
885,3325,1773,False,3325,1773
886,2353,557,True,2353,557
887,2957,3323,True,2957,3323
888,1615,3773,True,1615,3773
889,1661,3338,True,1661,3338
890,1121,439,True,1121,439
891,1991,904,True,1991,904
892,2426,1051,True,2426,1051
893,1115,1335,True,1115,1335
894,2544,2490,True,2544,2490
895,3429,1972,True,3429,1972
896,3739,2558,True,3739,2558
897,3364,79,True,3364,79
898,1845,3370,True,1845,3370
899,1805,1794,False,1805,1794
900,2479,1922,True,2479,1922
901,2302,1704,True,2302,1704
902,3156,100,True,3156,100
903,1423,2589,True,1423,2589
904,2737,1779,True,2737,1779
905,1036,3321,False,1036,3321
906,2009,3377,True,2009,3377
907,2745,734,False,2745,734
908,1203,100,True,1203,100
909,2493,2117,True,2493,2117
910,491,1214,False,491,1214
911,1777,1559,True,1777,1559
912,1077,3669,True,1077,3669
913,1987,3263,True,1987,3263
914,760,2494,True,760,2494
915,468,1090,True,468,1090
916,149,1589,True,149,1589
917,1878,2201,True,1878,2201
918,1012,2499,True,1012,2499
919,1428,2017,True,1428,2017
920,2506,1214,False,2506,1214
921,3667,1913,True,3667,1913
922,1931,2191,True,1931,2191
923,1293,2663,True,1293,2663
924,1008,426,True,1008,426
925,3761,192,False,3761,192
926,2608,585,True,2608,585
927,3199,1167,True,3199,1167
928,3566,3205,True,3566,3205
929,2716,481,True,2716,481
930,842,3024,False,842,3024
931,3051,1255,True,3051,1255
932,452,3509,True,452,3509
933,1065,1846,False,1065,1846
934,2854,2535,True,2854,2535
935,2551,1216,True,2551,1216
936,1002,694,True,1002,694
937,3223,3686,True,3223,3686
938,337,1134,True,337,1134
939,2309,3486,True,2309,3486
940,251,210,False,251,210
941,2431,3450,True,2431,3450
942,2906,2573,True,2906,2573
943,3527,338,True,3527,338
944,1121,1566,True,1121,1566
945,867,3765,False,867,3765
946,2211,1601,True,2211,1601
947,546,3531,False,546,3531
948,1406,805,True,1406,805
949,2924,1011,True,2924,1011
950,1291,522,False,1291,522
951,2916,2289,True,2916,2289
952,3464,864,True,3464,864
953,2777,3558,True,2777,3558
954,2596,2235,True,2596,2235
955,3257,2438,True,3257,2438
956,3607,2218,False,3607,2218
957,750,1990,True,750,1990
958,3438,3024,False,3438,3024
959,1311,3520,False,1311,3520
960,757,189,True,757,189
961,2973,1680,True,2973,1680
962,3625,2083,True,3625,2083
963,676,2755,True,676,2755
964,3073,1370,False,3073,1370
965,421,1621,True,421,1621
966,3315,1454,True,3315,1454
967,2757,523,False,2757,523
968,1834,2471,True,1834,2471
969,3587,1662,True,3587,1662
970,128,1617,True,128,1617
971,626,761,True,626,761
972,777,554,False,777,554
973,1200,2328,True,1200,2328
974,3760,3286,True,3760,3286
975,3678,92,True,3678,92
976,3693,1568,True,3693,1568
977,483,2242,True,483,2242
978,1032,2186,True,1032,2186
979,1156,3449,True,1156,3449
980,2094,3503,False,2094,3503
981,1309,3764,True,1309,3764
982,3282,3574,False,3282,3574
983,3765,2595,False,3765,2595
984,903,1319,False,903,1319
985,3322,96,True,3322,96
986,1720,1507,True,1720,1507
987,1665,3109,True,1665,3109
988,3146,365,True,3146,365
989,3209,2717,True,3209,2717
990,108,554,False,108,554
991,2300,2725,True,2300,2725
992,110,2537,True,110,2537
993,2796,1965,True,2796,1965
994,2700,1327,True,2700,1327
995,2436,1743,False,2436,1743
996,1253,2121,True,1253,2121
997,3622,1438,True,3622,1438
998,903,925,False,903,925
999,2163,705,False,2163,705
1000,3029,1450,True,3029,1450
1001,3729,2919,False,3729,2919
1002,3237,2481,True,3237,2481
1003,303,33,True,303,33
1004,2834,488,True,2834,488
1005,160,1311,False,160,1311
1006,2366,2098,True,2366,2098
1007,2918,2228,True,2918,2228
1008,2720,680,True,2720,680
1009,2521,1631,True,2521,1631
1010,2329,1147,False,2329,1147
1011,3010,3095,False,3010,3095
1012,671,1017,False,671,1017
1013,2959,3042,True,2959,3042
1014,1165,3689,True,1165,3689
1015,397,991,True,397,991
1016,1035,371,False,1035,371
1017,2035,428,True,2035,428
1018,1347,458,True,1347,458
1019,194,1938,False,194,1938
1020,2193,3035,True,2193,3035
1021,3235,406,True,3235,406
1022,552,2171,False,552,2171
1023,865,2717,False,865,2717
1024,2703,880,True,2703,880
1025,3491,2066,True,3491,2066
1026,1384,1615,True,1384,1615
1027,2326,80,True,2326,80
1028,2642,897,True,2642,897
1029,671,3170,False,671,3170
1030,129,873,True,129,873
1031,384,2495,True,384,2495
1032,2507,2762,True,2507,2762
1033,17,737,True,17,737
1034,1439,1017,False,1439,1017
1035,785,1995,True,785,1995
1036,575,2000,True,575,2000
1037,3742,2292,True,3742,2292
1038,2692,2970,True,2692,2970
1039,2628,2900,True,2628,2900
1040,3691,3749,False,3691,3749
1041,2223,1182,True,2223,1182
1042,1818,3265,True,1818,3265
1043,928,1369,True,928,1369
1044,1542,2350,True,1542,2350
1045,3779,172,False,3779,172
1046,3359,2555,False,3359,2555
1047,2249,3120,True,2249,3120
1048,704,2827,False,704,2827
1049,3514,3505,True,3514,3505
1050,164,2716,True,164,2716
1051,52,2995,True,52,2995
1052,3560,398,True,3560,398
1053,2372,3254,False,2372,3254
1054,1692,1971,False,1692,1971
1055,2892,3243,True,2892,3243
1056,2353,2839,True,2353,2839
1057,3531,2473,False,3531,2473
1058,2786,3412,True,2786,3412
1059,3497,1060,False,3497,1060
1060,311,887,True,311,887
1061,308,10,False,308,10
1062,3031,2408,True,3031,2408
1063,2505,2848,True,2505,2848
1064,2624,832,True,2624,832
1065,1565,3025,True,1565,3025
1066,1334,734,False,1334,734
1067,2225,1868,True,2225,1868
1068,1993,1070,True,1993,1070
1069,2316,2687,True,2316,2687
1070,60,21,True,60,21
1071,3672,2920,True,3672,2920
1072,1158,721,True,1158,721
1073,472,3389,True,472,3389
1074,3197,3266,True,3197,3266
1075,228,3761,False,228,3761
1076,36,2276,True,36,2276
1077,811,1181,False,811,1181
1078,1659,157,True,1659,157
1079,465,3172,False,465,3172
1080,1244,264,True,1244,264
1081,1084,1321,True,1084,1321
1082,3076,2871,True,3076,2871
1083,226,2840,True,226,2840
1084,1815,360,True,1815,360
1085,3213,2852,True,3213,2852
1086,1191,3391,True,1191,3391
1087,181,1214,False,181,1214
1088,1281,230,True,1281,230
1089,1587,2950,True,1587,2950
1090,2604,2196,True,2604,2196
1091,3683,1168,False,3683,1168
1092,782,3318,False,782,3318
1093,2138,1864,True,2138,1864
1094,1311,3086,False,1311,3086
1095,3387,2618,False,3387,2618
1096,2948,3341,True,2948,3341
1097,2379,3081,True,2379,3081
1098,153,616,True,153,616
1099,1374,2748,True,1374,2748
1100,139,164,True,139,164
1101,806,2296,True,806,2296
1102,899,2587,False,899,2587
1103,2422,2191,True,2422,2191
1104,3015,162,True,3015,162
1105,1295,2310,False,1295,2310
1106,2210,3106,False,2210,3106
1107,3350,612,True,3350,612
1108,1639,1275,True,1639,1275
1109,3203,3368,False,3203,3368
1110,2036,2410,True,2036,2410
1111,2563,310,False,2563,310
1112,24,1137,False,24,1137
1113,1415,2538,True,1415,2538
1114,824,1938,False,824,1938
1115,867,55,True,867,55
1116,3542,3496,True,3542,3496
1117,1991,1519,True,1991,1519
1118,928,724,False,928,724
1119,2625,3428,True,2625,3428
1120,928,3353,True,928,3353
1121,2301,3077,True,2301,3077
1122,2451,1929,True,2451,1929
1123,3010,480,True,3010,480
1124,3651,3536,True,3651,3536
1125,2721,271,True,2721,271
1126,179,983,True,179,983
1127,2465,3752,True,2465,3752
1128,2603,551,True,2603,551
1129,800,352,True,800,352
1130,2959,1153,True,2959,1153
1131,2003,1826,True,2003,1826
1132,3566,1570,True,3566,1570
1133,3632,1592,False,3632,1592
1134,3080,1348,True,3080,1348
1135,538,3673,True,538,3673
1136,1415,2124,False,1415,2124
1137,1476,1857,True,1476,1857
1138,3684,2092,False,3684,2092
1139,1111,2460,True,1111,2460
1140,1394,2694,True,1394,2694
1141,280,1724,False,280,1724
1142,3099,3584,True,3099,3584
1143,655,1716,False,655,1716
1144,2671,246,False,2671,246
1145,3226,2316,True,3226,2316
1146,3747,2949,True,3747,2949
1147,1461,714,True,1461,714
1148,3548,3529,True,3548,3529
1149,1258,520,True,1258,520
1150,925,3754,False,925,3754
1151,1292,770,True,1292,770
1152,3473,3276,False,3473,3276
1153,278,2138,False,278,2138
1154,1232,1803,False,1232,1803
1155,3043,1132,True,3043,1132
1156,2205,1224,True,2205,1224
1157,455,1844,True,455,1844
1158,3499,2543,False,3499,2543
1159,3538,1333,True,3538,1333
1160,1370,2595,False,1370,2595
1161,3314,350,True,3314,350
1162,1315,743,False,1315,743
1163,803,963,True,803,963
1164,110,222,True,110,222
1165,1699,1524,True,1699,1524
1166,2745,283,False,2745,283
1167,992,3360,True,992,3360
1168,2037,425,True,2037,425
1169,608,3551,True,608,3551
1170,1684,3765,False,1684,3765
1171,1283,441,False,1283,441
1172,3115,570,True,3115,570
1173,1613,2660,True,1613,2660
1174,2039,3014,True,2039,3014
1175,849,530,True,849,530
1176,3218,1023,True,3218,1023
1177,889,1910,True,889,1910
1178,1727,2965,False,1727,2965
1179,3282,197,False,3282,197
1180,269,2796,True,269,2796
1181,2711,340,False,2711,340
1182,250,482,False,250,482
1183,1753,492,True,1753,492
1184,3057,3008,False,3057,3008
1185,940,3239,True,940,3239
1186,2079,3068,False,2079,3068
1187,3549,1519,False,3549,1519
1188,1055,199,True,1055,199
1189,125,1990,False,125,1990
1190,197,1548,True,197,1548
1191,3736,948,True,3736,948
1192,685,1167,True,685,1167
1193,2451,3567,True,2451,3567
1194,2205,2195,True,2205,2195
1195,2601,3643,True,2601,3643
1196,2821,368,True,2821,368
1197,906,1480,True,906,1480
1198,127,816,True,127,816
1199,17,724,False,17,724
1200,601,3443,False,601,3443
1201,2765,3252,False,2765,3252
1202,1850,3682,True,1850,3682
1203,177,362,False,177,362
1204,1518,785,False,1518,785
1205,3376,2401,True,3376,2401
1206,1665,142,True,1665,142
1207,3040,3365,True,3040,3365
1208,2787,2555,False,2787,2555
1209,806,2770,True,806,2770
1210,2701,349,True,2701,349
1211,1814,1776,True,1814,1776
1212,942,2270,False,942,2270
1213,678,1214,False,678,1214
1214,3715,622,True,3715,622
1215,3742,384,True,3742,384
1216,191,1865,True,191,1865
1217,1475,772,True,1475,772
1218,2219,2635,True,2219,2635
1219,395,1029,True,395,1029
1220,2934,3034,True,2934,3034
1221,226,1389,True,226,1389
1222,1187,2798,True,1187,2798
1223,2995,3256,True,2995,3256
1224,945,1751,False,945,1751
1225,3070,3165,True,3070,3165
1226,1876,2582,True,1876,2582
1227,1931,2766,True,1931,2766
1228,1348,1070,True,1348,1070
1229,3641,287,True,3641,287
1230,341,2652,True,341,2652
1231,3730,1181,False,3730,1181
1232,1484,1773,True,1484,1773
1233,3367,2590,True,3367,2590
1234,1912,967,True,1912,967
1235,3121,3416,False,3121,3416
1236,1850,1818,False,1850,1818
1237,237,115,True,237,115
1238,416,1932,True,416,1932
1239,1934,2999,True,1934,2999
1240,945,2316,True,945,2316
1241,1936,1170,True,1936,1170
1242,3075,2398,True,3075,2398
1243,810,2965,False,810,2965
1244,3257,3754,True,3257,3754
1245,2672,2279,True,2672,2279
1246,3684,3754,True,3684,3754
1247,1795,2937,True,1795,2937
1248,3615,1636,True,3615,1636
1249,1340,870,True,1340,870
1250,1711,1348,True,1711,1348
1251,1220,3414,True,1220,3414
1252,3549,648,False,3549,648
1253,3553,710,True,3553,710
1254,3212,1971,False,3212,1971
1255,1362,1174,True,1362,1174
1256,1247,568,True,1247,568
1257,68,2030,True,68,2030
1258,2004,1046,False,2004,1046
1259,1455,819,True,1455,819
1260,3633,2393,True,3633,2393
1261,670,2653,False,670,2653
1262,3451,1549,True,3451,1549
1263,1523,2731,False,1523,2731
1264,2960,3242,True,2960,3242
1265,1098,3753,False,1098,3753
1266,1403,2943,False,1403,2943
1267,1699,1537,True,1699,1537
1268,1466,841,True,1466,841
1269,1511,1654,True,1511,1654
1270,2803,333,True,2803,333
1271,1337,1131,True,1337,1131
1272,2251,3683,True,2251,3683
1273,721,1331,True,721,1331
1274,982,1234,False,982,1234
1275,1622,1673,True,1622,1673
1276,670,3506,True,670,3506
1277,3208,3770,True,3208,3770
1278,3098,2274,False,3098,2274
1279,2061,1604,True,2061,1604
1280,2838,536,True,2838,536
1281,1618,1698,True,1618,1698
1282,1211,2447,False,1211,2447
1283,713,2051,False,713,2051
1284,441,2970,False,441,2970
1285,1960,249,True,1960,249
1286,108,1995,False,108,1995
1287,1433,1293,True,1433,1293
1288,316,940,True,316,940
1289,372,434,True,372,434
1290,3070,2258,True,3070,2258
1291,424,1834,True,424,1834
1292,2957,1642,True,2957,1642
1293,2483,1873,True,2483,1873
1294,130,1287,False,130,1287
1295,1903,2561,False,1903,2561
1296,1664,1821,True,1664,1821
1297,1705,196,True,1705,196
1298,2374,142,True,2374,142
1299,3619,2295,False,3619,2295
1300,1976,3437,True,1976,3437
1301,2207,2704,True,2207,2704
1302,3184,596,True,3184,596
1303,993,2179,False,993,2179
1304,3183,1445,True,3183,1445
1305,2109,3702,False,2109,3702
1306,1900,954,True,1900,954
1307,491,2131,False,491,2131
1308,2029,3245,True,2029,3245
1309,2734,2176,False,2734,2176
1310,3638,797,True,3638,797
1311,2785,539,True,2785,539
1312,1750,984,True,1750,984
1313,2543,2895,True,2543,2895
1314,3541,1436,False,3541,1436
1315,1496,992,True,1496,992
1316,2543,2799,False,2543,2799
1317,166,3761,False,166,3761
1318,2306,1559,False,2306,1559
1319,912,60,True,912,60
1320,2669,610,True,2669,610
1321,2701,363,True,2701,363
1322,1687,2683,False,1687,2683
1323,2337,1070,True,2337,1070
1324,3516,615,True,3516,615
1325,527,3608,False,527,3608
1326,3575,968,True,3575,968
1327,1991,648,False,1991,648
1328,1442,3106,False,1442,3106
1329,846,3730,False,846,3730
1330,764,2315,True,764,2315
1331,3682,3026,False,3682,3026
1332,3747,145,False,3747,145
1333,555,235,True,555,235
1334,1942,1189,True,1942,1189
1335,1912,241,True,1912,241
1336,803,687,True,803,687
1337,228,1663,True,228,1663
1338,17,487,True,17,487
1339,1354,589,True,1354,589
1340,806,744,True,806,744
1341,741,1528,True,741,1528
1342,899,2512,True,899,2512
1343,901,183,True,901,183
1344,2599,2323,True,2599,2323
1345,2221,2984,True,2221,2984
1346,2777,1972,True,2777,1972
1347,1747,2841,True,1747,2841
1348,424,1937,True,424,1937
1349,3016,677,True,3016,677
1350,353,1866,True,353,1866
1351,250,3743,False,250,3743
1352,2286,2319,True,2286,2319
1353,2409,2128,True,2409,2128
1354,3169,2687,True,3169,2687
1355,1592,547,False,1592,547
1356,3724,3601,True,3724,3601
1357,844,3368,False,844,3368
1358,2550,458,True,2550,458
1359,3654,1014,True,3654,1014
1360,3038,389,True,3038,389
1361,1146,1541,True,1146,1541
1362,3561,2561,False,3561,2561
1363,224,3754,True,224,3754
1364,518,2362,True,518,2362
1365,3040,1440,True,3040,1440
1366,3208,748,True,3208,748
1367,2556,2685,True,2556,2685
1368,1627,3781,True,1627,3781
1369,1968,1770,False,1968,1770
1370,1045,785,False,1045,785
1371,3571,3532,True,3571,3532
1372,3477,1332,False,3477,1332
1373,630,183,True,630,183
1374,2,3557,True,2,3557
1375,2022,183,True,2022,183
1376,1281,2646,True,1281,2646
1377,3565,1933,False,3565,1933
1378,878,2201,True,878,2201
1379,1046,3443,True,1046,3443
1380,579,341,True,579,341
1381,2264,2281,False,2264,2281
1382,2636,64,True,2636,64
1383,1444,1021,True,1444,1021
1384,982,1062,True,982,1062
1385,3284,2275,False,3284,2275
1386,73,2954,True,73,2954
1387,1668,2673,True,1668,2673
1388,2746,2543,True,2746,2543
1389,2383,933,True,2383,933
1390,1671,2125,True,1671,2125
1391,3056,1136,False,3056,1136
1392,2980,3276,True,2980,3276
1393,2827,1404,True,2827,1404
1394,1941,2012,True,1941,2012
1395,449,1214,False,449,1214
1396,1981,2407,False,1981,2407
1397,704,1292,False,704,1292
1398,525,2934,True,525,2934
1399,3222,3014,False,3222,3014
1400,2252,2153,True,2252,2153
1401,1378,1714,True,1378,1714
1402,669,1039,True,669,1039
1403,749,3023,True,749,3023
1404,739,2449,True,739,2449
1405,1679,3071,False,1679,3071
1406,3171,2805,True,3171,2805
1407,723,2260,True,723,2260
1408,2914,3659,True,2914,3659
1409,3199,3348,False,3199,3348
1410,752,2086,True,752,2086
1411,3121,596,False,3121,596
1412,3247,811,True,3247,811
1413,2701,917,False,2701,917
1414,38,289,True,38,289
1415,1961,1058,True,1961,1058
1416,1030,3693,True,1030,3693
1417,2667,535,True,2667,535
1418,98,1057,True,98,1057
1419,3465,2971,True,3465,2971
1420,655,3222,False,655,3222
1421,3131,234,False,3131,234
1422,1881,445,True,1881,445
1423,655,3761,False,655,3761
1424,671,2993,False,671,2993
1425,3447,1330,True,3447,1330
1426,211,2764,True,211,2764
1427,2866,142,True,2866,142
1428,1576,382,True,1576,382
1429,1173,2259,True,1173,2259
1430,3578,2413,True,3578,2413
1431,666,1715,True,666,1715
1432,1425,840,True,1425,840
1433,2697,3246,False,2697,3246
1434,3466,724,False,3466,724
1435,2701,3237,True,2701,3237
1436,1465,1535,False,1465,1535
1437,3753,3252,False,3753,3252
1438,3747,538,True,3747,538
1439,3537,977,True,3537,977
1440,2826,2045,True,2826,2045
1441,143,1559,True,143,1559
1442,3295,1582,True,3295,1582
1443,798,2730,True,798,2730
1444,679,1297,True,679,1297
1445,63,3584,True,63,3584
1446,2250,2964,True,2250,2964
1447,1452,2498,False,1452,2498
1448,815,2277,True,815,2277
1449,2564,1206,False,2564,1206
1450,2106,314,True,2106,314
1451,792,3352,True,792,3352
1452,2026,1984,True,2026,1984
1453,250,2638,False,250,2638
1454,2928,3175,True,2928,3175
1455,1776,1423,True,1776,1423
1456,2517,2229,True,2517,2229
1457,2061,383,True,2061,383
1458,3546,3657,True,3546,3657
1459,824,1401,False,824,1401
1460,2707,1401,False,2707,1401
1461,2351,2868,False,2351,2868
1462,2347,1218,False,2347,1218
1463,2511,1469,True,2511,1469
1464,2694,547,True,2694,547
1465,2369,3166,False,2369,3166
1466,3266,3220,True,3266,3220
1467,608,1849,True,608,1849
1468,213,1691,True,213,1691
1469,104,1655,True,104,1655
1470,2109,1073,True,2109,1073
1471,2832,1079,True,2832,1079
1472,1121,969,True,1121,969
1473,1242,1802,True,1242,1802
1474,300,3765,False,300,3765
1475,3425,3303,True,3425,3303
1476,3021,3238,True,3021,3238
1477,1297,3717,True,1297,3717
1478,121,425,False,121,425
1479,2382,2740,False,2382,2740
1480,1913,3422,True,1913,3422
1481,167,1412,True,167,1412
1482,1098,3416,True,1098,3416
1483,1574,674,True,1574,674
1484,936,2566,True,936,2566
1485,2973,901,True,2973,901
1486,3156,634,False,3156,634
1487,1651,2555,False,1651,2555
1488,2163,157,True,2163,157
1489,2838,2737,True,2838,2737
1490,2588,1619,False,2588,1619
1491,180,192,True,180,192
1492,2218,3025,False,2218,3025
1493,3393,299,True,3393,299
1494,1596,3443,False,1596,3443
1495,3567,2575,True,3567,2575
1496,3757,2074,True,3757,2074
1497,2256,1495,True,2256,1495
1498,1379,223,True,1379,223
1499,3466,1369,False,3466,1369
1500,514,3585,False,514,3585
1501,2692,1093,True,2692,1093
1502,3491,343,True,3491,343
1503,2347,1304,True,2347,1304
1504,147,2692,False,147,2692
1505,1065,2350,True,1065,2350
1506,677,3290,True,677,3290
1507,3762,3765,False,3762,3765
1508,2130,3246,False,2130,3246
1509,788,3737,True,788,3737
1510,1425,209,True,1425,209
1511,3411,2160,True,3411,2160
1512,1211,2556,False,1211,2556
1513,2221,3732,True,2221,3732
1514,3699,3330,True,3699,3330
1515,2382,2589,False,2382,2589
1516,3676,195,True,3676,195
1517,1220,1355,True,1220,1355
1518,1488,2838,True,1488,2838
1519,3388,2648,False,3388,2648
1520,495,4,True,495,4
1521,1766,3661,True,1766,3661
1522,847,2997,True,847,2997
1523,2870,2677,False,2870,2677
1524,3480,163,False,3480,163
1525,298,346,True,298,346
1526,856,2714,True,856,2714
1527,188,2083,True,188,2083
1528,335,957,True,335,957
1529,1831,1173,True,1831,1173
1530,218,1602,False,218,1602
1531,1393,802,True,1393,802
1532,3446,3517,True,3446,3517
1533,2183,1449,False,2183,1449
1534,2975,2099,False,2975,2099
1535,472,1383,True,472,1383
1536,1079,1138,True,1079,1138
1537,3612,1248,False,3612,1248
1538,2787,1938,False,2787,1938
1539,561,627,True,561,627
1540,2345,3487,True,2345,3487
1541,2986,1457,True,2986,1457
1542,3466,3104,True,3466,3104
1543,1291,1004,False,1291,1004
1544,348,2314,True,348,2314
1545,2466,1537,True,2466,1537
1546,2692,2799,True,2692,2799
1547,1853,1930,True,1853,1930
1548,2274,390,True,2274,390
1549,2546,2710,True,2546,2710
1550,3075,1369,True,3075,1369
1551,1211,3237,False,1211,3237
1552,763,2239,True,763,2239
1553,3361,1739,True,3361,1739
1554,510,3443,False,510,3443
1555,2257,686,True,2257,686
1556,3371,2317,True,3371,2317
1557,2883,3051,True,2883,3051
1558,2904,554,True,2904,554
1559,1980,223,True,1980,223
1560,900,564,True,900,564
1561,3145,3303,True,3145,3303
1562,410,2503,False,410,2503
1563,1956,1916,False,1956,1916
1564,818,2333,True,818,2333
1565,2358,23,True,2358,23
1566,2927,246,True,2927,246
1567,2102,1142,True,2102,1142
1568,786,604,False,786,604
1569,587,318,True,587,318
1570,1156,1990,True,1156,1990
1571,2986,2046,True,2986,2046
1572,1785,1269,False,1785,1269
1573,3762,1849,False,3762,1849
1574,61,695,True,61,695
1575,203,3124,False,203,3124
1576,1347,736,True,1347,736
1577,237,1497,True,237,1497
1578,1608,477,False,1608,477
1579,2122,3479,True,2122,3479
1580,1101,891,False,1101,891
1581,72,1786,True,72,1786
1582,1999,2033,True,1999,2033
1583,1619,2165,True,1619,2165
1584,3691,785,False,3691,785
1585,3507,1917,True,3507,1917
1586,1534,2699,True,1534,2699
1587,2549,3702,False,2549,3702
1588,3598,596,False,3598,596
1589,889,894,True,889,894
1590,556,3161,True,556,3161
1591,581,3204,True,581,3204
1592,260,436,True,260,436
1593,647,2881,True,647,2881
1594,3780,2334,True,3780,2334
1595,2617,1494,True,2617,1494
1596,2430,84,True,2430,84
1597,1363,1227,True,1363,1227
1598,1753,804,True,1753,804
1599,2895,454,False,2895,454
1600,223,1210,True,223,1210
1601,927,3101,True,927,3101
1602,3267,607,True,3267,607
1603,3622,1716,False,3622,1716
1604,1736,2842,True,1736,2842
1605,3170,2686,False,3170,2686
1606,594,1938,False,594,1938
1607,2692,1453,True,2692,1453
1608,1116,411,True,1116,411
1609,3026,3304,False,3026,3304
1610,1521,2717,True,1521,2717
1611,1152,1826,True,1152,1826
1612,199,2144,True,199,2144
1613,2803,2350,True,2803,2350
1614,324,2519,True,324,2519
1615,1883,512,True,1883,512
1616,799,1099,True,799,1099
1617,2955,2495,False,2955,2495
1618,228,1611,True,228,1611
1619,1207,1581,True,1207,1581
1620,50,3094,False,50,3094
1621,3112,2293,True,3112,2293
1622,2102,1059,False,2102,1059
1623,1491,2939,True,1491,2939
1624,2109,244,True,2109,244
1625,2354,3695,True,2354,3695
1626,1019,1179,True,1019,1179
1627,1247,3170,False,1247,3170
1628,1987,1748,True,1987,1748
1629,211,2064,True,211,2064
1630,876,3623,True,876,3623
1631,40,876,True,40,876
1632,2049,3390,True,2049,3390
1633,3268,159,True,3268,159
1634,3431,1540,True,3431,1540
1635,3638,3471,True,3638,3471
1636,1663,2213,True,1663,2213
1637,704,413,False,704,413
1638,690,2724,True,690,2724
1639,1326,3574,True,1326,3574
1640,335,1559,True,335,1559
1641,3020,148,True,3020,148
1642,982,1332,False,982,1332
1643,2412,1349,True,2412,1349
1644,1284,2580,True,1284,2580
1645,2916,1909,False,2916,1909
1646,1558,3443,False,1558,3443
1647,2338,1537,True,2338,1537
1648,2627,1594,True,2627,1594
1649,1491,1044,True,1491,1044
1650,1211,2047,False,1211,2047
1651,3244,804,True,3244,804
1652,2544,1849,False,2544,1849
1653,2446,3765,False,2446,3765
1654,2240,2876,True,2240,2876
1655,1996,2034,False,1996,2034
1656,1841,2147,True,1841,2147
1657,480,3701,True,480,3701
1658,1924,3307,True,1924,3307
1659,1840,457,True,1840,457
1660,424,3404,False,424,3404
1661,1455,3211,True,1455,3211
1662,3280,2275,False,3280,2275
1663,2022,1161,True,2022,1161
1664,3222,1716,False,3222,1716
1665,2263,1789,True,2263,1789
1666,485,464,True,485,464
1667,1254,2178,True,1254,2178
1668,311,1972,True,311,1972
1669,3615,407,True,3615,407
1670,2134,2801,False,2134,2801
1671,3146,3128,True,3146,3128
1672,2500,3198,True,2500,3198
1673,3372,3738,True,3372,3738
1674,9,443,True,9,443
1675,837,891,False,837,891
1676,3459,112,True,3459,112
1677,1781,1150,True,1781,1150
1678,429,937,True,429,937
1679,3380,1895,True,3380,1895
1680,3734,2668,False,3734,2668
1681,3677,2020,True,3677,2020
1682,256,1519,True,256,1519
1683,3269,1906,True,3269,1906
1684,3551,1603,True,3551,1603
1685,141,3749,False,141,3749
1686,1204,836,True,1204,836
1687,2880,937,True,2880,937
1688,269,1894,True,269,1894
1689,2909,1564,True,2909,1564
1690,1645,980,True,1645,980
1691,3684,1319,False,3684,1319
1692,924,2479,True,924,2479
1693,429,2327,False,429,2327
1694,3325,1990,False,3325,1990
1695,1880,3544,True,1880,3544
1696,660,3033,True,660,3033
1697,517,160,False,517,160
1698,561,2380,True,561,2380
1699,494,2761,True,494,2761
1700,1779,2860,True,1779,2860
1701,3158,277,False,3158,277
1702,2038,1102,True,2038,1102
1703,3075,737,False,3075,737
1704,2019,3608,False,2019,3608
1705,3284,879,True,3284,879
1706,2822,2689,True,2822,2689
1707,1119,1652,False,1119,1652
1708,1734,1353,True,1734,1353
1709,1807,1519,True,1807,1519
1710,2543,1093,False,2543,1093
1711,2969,2303,True,2969,2303
1712,1462,1193,True,1462,1193
1713,1562,2672,True,1562,2672
1714,76,2550,True,76,2550
1715,930,1666,True,930,1666
1716,2263,2669,True,2263,2669
1717,3712,3320,True,3712,3320
1718,3326,3124,False,3326,3124
1719,717,1954,True,717,1954
1720,1730,106,True,1730,106
1721,2559,1729,True,2559,1729
1722,2312,1400,True,2312,1400
1723,239,1369,False,239,1369
1724,1419,1420,False,1419,1420
1725,1513,1850,False,1513,1850
1726,2864,2696,True,2864,2696
1727,1531,780,True,1531,780
1728,1723,2293,True,1723,2293
1729,1550,1095,True,1550,1095
1730,3281,1559,True,3281,1559
1731,1343,3746,True,1343,3746
1732,536,303,True,536,303
1733,792,362,False,792,362
1734,2379,1551,True,2379,1551
1735,1212,281,True,1212,281
1736,1423,3367,True,1423,3367
1737,572,1696,True,572,1696
1738,1390,2487,True,1390,2487
1739,316,2561,False,316,2561
1740,370,785,False,370,785
1741,1832,1300,False,1832,1300
1742,2526,976,False,2526,976
1743,3153,2078,True,3153,2078
1744,1369,3468,False,1369,3468
1745,2703,3276,True,2703,3276
1746,1773,1181,False,1773,1181
1747,125,3730,False,125,3730
1748,1735,327,True,1735,327
1749,58,1641,True,58,1641
1750,2701,2526,True,2701,2526
1751,90,418,True,90,418
1752,1716,166,True,1716,166
1753,951,2978,True,951,2978
1754,1745,529,True,1745,529
1755,3127,664,True,3127,664
1756,1542,2809,True,1542,2809
1757,2864,1938,False,2864,1938
1758,363,1084,True,363,1084
1759,3448,116,True,3448,116
1760,3098,3094,False,3098,3094
1761,860,3651,True,860,3651
1762,3380,3028,True,3380,3028
1763,716,2979,True,716,2979
1764,2233,1214,False,2233,1214
1765,2957,2867,True,2957,2867
1766,1008,2166,True,1008,2166
1767,36,1375,True,36,1375
1768,3055,2449,False,3055,2449
1769,1483,3,True,1483,3
1770,2750,1489,True,2750,1489
1771,2794,2387,True,2794,2387
1772,203,1443,True,203,1443
1773,842,54,True,842,54
1774,3032,3188,False,3032,3188
1775,3098,1834,False,3098,1834
1776,1463,2315,False,1463,2315
1777,1510,2278,False,1510,2278
1778,898,1033,False,898,1033
1779,3007,3124,False,3007,3124
1780,3493,2143,True,3493,2143
1781,812,3232,True,812,3232
1782,1290,2236,True,1290,2236
1783,3762,546,True,3762,546
1784,2133,3484,True,2133,3484
1785,3043,724,False,3043,724
1786,2751,1674,False,2751,1674
1787,1746,2775,True,1746,2775
1788,3625,785,False,3625,785
1789,907,1920,True,907,1920
1790,311,1995,False,311,1995
1791,219,2937,True,219,2937
1792,1040,3269,True,1040,3269
1793,2695,2515,True,2695,2515
1794,697,118,True,697,118
1795,470,1820,True,470,1820
1796,57,3534,True,57,3534
1797,2470,3027,True,2470,3027
1798,2877,2571,True,2877,2571
1799,1241,3094,False,1241,3094
1800,1031,2622,False,1031,2622
1801,521,914,False,521,914
1802,2164,1854,True,2164,1854
1803,2780,2039,True,2780,2039
1804,441,3084,False,441,3084
1805,2452,701,True,2452,701
1806,1433,891,False,1433,891
1807,3583,169,False,3583,169
1808,2585,584,True,2585,584
1809,1977,1027,True,1977,1027
1810,1104,290,False,1104,290
1811,3752,2851,True,3752,2851
1812,3445,708,True,3445,708
1813,257,1995,False,257,1995
1814,1962,3573,True,1962,3573
1815,2757,891,False,2757,891
1816,2746,179,True,2746,179
1817,1760,3317,True,1760,3317
1818,765,2088,False,765,2088
1819,3613,3521,True,3613,3521
1820,1986,3246,False,1986,3246
1821,2549,1694,True,2549,1694
1822,3508,3026,False,3508,3026
1823,3415,617,True,3415,617
1824,3453,1187,True,3453,1187
1825,602,1649,True,602,1649
1826,2785,83,True,2785,83
1827,2745,1966,False,2745,1966
1828,3163,1159,True,3163,1159
1829,1245,1526,True,1245,1526
1830,1108,959,True,1108,959
1831,3697,566,True,3697,566
1832,1558,3441,True,1558,3441
1833,2701,2447,False,2701,2447
1834,3453,1341,False,3453,1341
1835,2875,3740,True,2875,3740
1836,1235,2554,True,1235,2554
1837,2787,1401,True,2787,1401
1838,304,1869,False,304,1869
1839,2543,2970,False,2543,2970
1840,1547,2692,True,1547,2692
1841,2261,1773,False,2261,1773
1842,216,2531,True,216,2531
1843,1725,1764,False,1725,1764
1844,3136,3754,True,3136,3754
1845,273,218,True,273,218
1846,3083,2177,True,3083,2177
1847,1780,342,True,1780,342
1848,2941,609,True,2941,609
1849,273,3231,True,273,3231
1850,3448,2739,True,3448,2739
1851,1947,1162,True,1947,1162
1852,924,3166,False,924,3166
1853,3611,1100,True,3611,1100
1854,3559,571,False,3559,571
1855,2081,2855,False,2081,2855
1856,1381,825,True,1381,825
1857,3598,2621,True,3598,2621
1858,2082,420,True,2082,420
1859,3045,3106,False,3045,3106
1860,3232,2774,True,3232,2774
1861,2875,87,True,2875,87
1862,1379,764,True,1379,764
1863,3541,486,True,3541,486
1864,820,3517,True,820,3517
1865,1310,2534,True,1310,2534
1866,1778,3389,True,1778,3389
1867,449,2840,False,449,2840
1868,243,2992,True,243,2992
1869,3776,2191,True,3776,2191
1870,304,3626,False,304,3626
1871,1878,2407,False,1878,2407
1872,2952,2830,True,2952,2830
1873,1018,2850,True,1018,2850
1874,1538,3240,False,1538,3240
1875,2655,1826,False,2655,1826
1876,2720,2118,True,2720,2118
1877,2439,775,True,2439,775
1878,3655,1459,True,3655,1459
1879,2234,362,True,2234,362
1880,2727,3278,True,2727,3278
1881,2912,3375,False,2912,3375
1882,2024,1688,False,2024,1688
1883,2746,2692,False,2746,2692
1884,2658,1743,False,2658,1743
1885,871,2070,False,871,2070
1886,2102,852,True,2102,852
1887,29,240,True,29,240
1888,2658,1776,True,2658,1776
1889,3625,3749,False,3625,3749
1890,842,3386,True,842,3386
1891,2298,2124,False,2298,2124
1892,2593,2659,True,2593,2659
1893,1093,563,True,1093,563
1894,1328,3636,False,1328,3636
1895,3353,3086,True,3353,3086
1896,2335,1680,True,2335,1680
1897,1075,3395,True,1075,3395
1898,3308,1350,False,3308,1350
1899,2641,720,True,2641,720
1900,1889,3576,True,1889,3576
1901,3660,2493,True,3660,2493
1902,495,507,False,495,507
1903,182,3118,True,182,3118
1904,278,1348,True,278,1348
1905,1290,3124,False,1290,3124
1906,1115,2053,True,1115,2053
1907,20,3308,True,20,3308
1908,2119,164,True,2119,164
1909,2578,231,False,2578,231
1910,2903,1792,False,2903,1792
1911,223,1346,True,223,1346
1912,3154,111,True,3154,111
1913,2476,2598,True,2476,2598
1914,1247,500,True,1247,500
1915,3160,1125,True,3160,1125
1916,1514,586,True,1514,586
1917,837,2272,True,837,2272
1918,766,1973,True,766,1973
1919,2243,935,True,2243,935
1920,304,890,False,304,890
1921,3022,1361,True,3022,1361
1922,1342,2649,False,1342,2649
1923,2376,3548,True,2376,3548
1924,177,1199,True,177,1199
1925,1742,1405,True,1742,1405
1926,1024,2965,False,1024,2965
1927,924,223,True,924,223
1928,2912,2072,True,2912,2072
1929,953,1710,True,953,1710
1930,2561,3586,False,2561,3586
1931,2502,2944,True,2502,2944
1932,1736,3504,True,1736,3504
1933,1569,3525,True,1569,3525
1934,3201,2011,True,3201,2011
1935,1621,3660,True,1621,3660
1936,850,2189,True,850,2189
1937,1063,1309,True,1063,1309
1938,3607,2171,False,3607,2171
1939,3543,2369,False,3543,2369
1940,3222,2213,False,3222,2213
1941,3704,3702,False,3704,3702
1942,2240,200,True,2240,200
1943,1659,3324,True,1659,3324
1944,3338,2184,True,3338,2184
1945,2403,3434,True,2403,3434
1946,1780,1266,True,1780,1266
1947,478,1369,True,478,1369
1948,99,140,True,99,140
1949,548,2458,True,548,2458
1950,291,3279,True,291,3279
1951,3111,2981,True,3111,2981
1952,3662,2908,True,3662,2908
1953,3454,382,True,3454,382
1954,3235,3498,False,3235,3498
1955,3603,834,True,3603,834
1956,2475,2419,True,2475,2419
1957,2036,1884,True,2036,1884
1958,817,3711,True,817,3711
1959,2250,2931,True,2250,2931
1960,3092,1487,True,3092,1487
1961,167,974,True,167,974
1962,433,1797,True,433,1797
1963,3626,1927,False,3626,1927
1964,837,2143,True,837,2143
1965,1055,3563,True,1055,3563
1966,3158,644,True,3158,644
1967,1762,2446,True,1762,2446
1968,3137,1909,False,3137,1909
1969,300,546,False,300,546
1970,2701,2047,True,2701,2047
1971,509,3307,False,509,3307
1972,1593,2171,False,1593,2171
1973,306,1587,False,306,1587
1974,1827,479,True,1827,479
1975,370,73,True,370,73
1976,424,2274,True,424,2274
1977,1547,2543,False,1547,2543
1978,1256,1516,True,1256,1516
1979,3765,891,True,3765,891
1980,503,44,True,503,44
1981,2068,1866,True,2068,1866
1982,2325,3562,True,2325,3562
1983,565,2682,True,565,2682
1984,1481,1485,True,1481,1485
1985,3443,1016,False,3443,1016
1986,3048,1519,True,3048,1519
1987,2133,684,True,2133,684
1988,2297,1822,True,2297,1822
1989,1299,1726,True,1299,1726
1990,3572,531,True,3572,531
1991,1958,2656,True,1958,2656
1992,3141,3177,True,3141,3177
1993,1467,680,False,1467,680
1994,2374,5,False,2374,5
1995,2898,2976,True,2898,2976
1996,3084,2543,False,3084,2543
1997,453,2831,False,453,2831
1998,1986,399,True,1986,399
1999,1611,180,True,1611,180
2000,637,3699,True,637,3699
2001,1489,2858,True,1489,2858
2002,2859,3573,False,2859,3573
2003,527,504,True,527,504
2004,772,858,True,772,858
2005,3420,379,True,3420,379
2006,722,3754,True,722,3754
2007,506,1963,True,506,1963
2008,3589,3178,False,3589,3178
2009,3477,1062,True,3477,1062
2010,1825,210,False,1825,210
2011,604,1473,False,604,1473
2012,2592,1313,True,2592,1313
2013,447,1471,False,447,1471
2014,3440,1849,False,3440,1849
2015,2454,1441,True,2454,1441
2016,2194,3604,True,2194,3604
2017,2559,1182,True,2559,1182
2018,256,1560,True,256,1560
2019,2037,2295,True,2037,2295
2020,2443,3723,True,2443,3723
2021,1952,2132,True,1952,2132
2022,3682,830,True,3682,830
2023,1018,955,True,1018,955
2024,1578,145,False,1578,145
2025,13,1652,True,13,1652
2026,856,3458,True,856,3458
2027,921,1640,True,921,1640
2028,139,450,False,139,450
2029,2793,2420,True,2793,2420
2030,979,1192,True,979,1192
2031,3369,2690,True,3369,2690
2032,245,3713,True,245,3713
2033,1067,2670,True,1067,2670
2034,1591,2137,True,1591,2137
2035,2994,11,False,2994,11
2036,3484,3435,False,3484,3435
2037,3561,2717,True,3561,2717
2038,3614,3768,True,3614,3768
2039,3364,1682,True,3364,1682
2040,1324,2558,False,1324,2558
2041,3453,2437,True,3453,2437
2042,1668,3230,True,1668,3230
2043,3513,427,True,3513,427
2044,1219,2294,True,1219,2294
2045,2547,2116,True,2547,2116
2046,250,2161,False,250,2161
2047,3294,2985,False,3294,2985
2048,3092,1918,True,3092,1918
2049,1546,1460,True,1546,1460
2050,3190,1971,False,3190,1971
2051,1716,192,True,1716,192
2052,2696,482,True,2696,482
2053,1336,3302,True,1336,3302
2054,683,767,True,683,767
2055,1692,2114,True,1692,2114
2056,1095,3443,False,1095,3443
2057,2480,785,False,2480,785
2058,2552,2050,True,2552,2050
2059,22,2134,True,22,2134
2060,3136,1319,False,3136,1319
2061,3156,696,True,3156,696
2062,3599,3002,False,3599,3002
2063,3598,3416,True,3598,3416
2064,1446,186,True,1446,186
2065,1041,2855,False,1041,2855
2066,377,1656,True,377,1656
2067,350,1356,True,350,1356
2068,147,2543,True,147,2543
2069,1519,1763,False,1519,1763
2070,1427,2072,True,1427,2072
2071,2819,1062,True,2819,1062
2072,1759,515,True,1759,515
2073,2692,3019,True,2692,3019
2074,144,3629,True,144,3629
2075,3421,2161,True,3421,2161
2076,2960,1824,True,2960,1824
2077,161,3059,True,161,3059
2078,2888,1477,True,2888,1477
2079,2065,596,False,2065,596
2080,932,3270,False,932,3270
2081,3571,599,True,3571,599
2082,3577,3595,True,3577,3595
2083,3508,2651,False,3508,2651
2084,3292,3123,False,3292,3123
2085,608,3765,False,608,3765
2086,3572,2972,True,3572,2972
2087,597,3688,True,597,3688
2088,732,1493,True,732,1493
2089,27,1611,False,27,1611
2090,1298,1097,True,1298,1097
2091,1672,2143,True,1672,2143
2092,560,3642,True,560,3642
2093,2446,1849,True,2446,1849
2094,1371,3718,False,1371,3718
2095,2758,1217,True,2758,1217
2096,2083,554,True,2083,554
2097,399,1358,True,399,1358
2098,1366,2929,False,1366,2929
2099,1903,2717,True,1903,2717
2100,1041,1303,True,1041,1303
2101,333,2713,True,333,2713
2102,1678,2052,True,1678,2052
2103,3677,3515,True,3677,3515
2104,1326,197,True,1326,197
2105,349,395,True,349,395
2106,453,217,True,453,217
2107,1261,3576,False,1261,3576
2108,3129,2586,True,3129,2586
2109,770,2732,True,770,2732
2110,3765,3531,False,3765,3531
2111,1502,2138,False,1502,2138
2112,2488,93,True,2488,93
2113,187,3526,True,187,3526
2114,3166,3056,True,3166,3056
2115,1461,1559,True,1461,1559
2116,1986,3276,True,1986,3276
2117,2406,1181,False,2406,1181
2118,2006,2145,True,2006,2145
2119,1623,1322,True,1623,1322
2120,2451,2862,False,2451,2862
2121,1775,3358,False,1775,3358
2122,2506,628,True,2506,628
2123,2335,183,False,2335,183
2124,936,1588,True,936,1588
2125,3369,2760,True,3369,2760
2126,2156,43,True,2156,43
2127,3180,2666,True,3180,2666
2128,1611,166,False,1611,166
2129,844,152,True,844,152
2130,439,2509,True,439,2509
2131,1993,2758,True,1993,2758
2132,1318,1459,False,1318,1459
2133,3100,1007,True,3100,1007
2134,250,762,False,250,762
2135,1622,881,True,1622,881
2136,810,1559,True,810,1559
2137,247,2776,True,247,2776
2138,812,2838,True,812,2838
2139,3632,2783,False,3632,2783
2140,1664,392,True,1664,392
2141,1343,2498,True,1343,2498
2142,777,1972,True,777,1972
2143,1143,284,True,1143,284
2144,3178,827,True,3178,827
2145,80,331,True,80,331
2146,3173,2789,True,3173,2789
2147,2103,601,True,2103,601
2148,1107,1626,False,1107,1626
2149,1246,2361,True,1246,2361
2150,1394,1592,False,1394,1592
2151,1814,3015,True,1814,3015
2152,1315,1,False,1315,1
2153,3409,441,False,3409,441
2154,2620,376,True,2620,376
2155,3435,3705,True,3435,3705
2156,2870,3228,True,2870,3228
2157,141,785,False,141,785
2158,1629,3215,True,1629,3215
2159,2339,3535,True,2339,3535
2160,2010,1841,True,2010,1841
2161,3630,2674,True,3630,2674
2162,2412,576,False,2412,576
2163,1088,3090,True,1088,3090
2164,2119,450,False,2119,450
2165,1283,2543,True,1283,2543
2166,229,729,True,229,729
2167,35,3694,False,35,3694
2168,919,441,False,919,441
2169,966,432,True,966,432
2170,14,859,False,14,859
2171,2029,2485,True,2029,2485
2172,378,1731,True,378,1731
2173,3007,2363,True,3007,2363
2174,1518,2083,False,1518,2083
2175,777,1995,False,777,1995
2176,883,355,True,883,355
2177,419,302,False,419,302
2178,3393,1182,True,3393,1182
2179,13,2368,True,13,2368
2180,783,3154,True,783,3154
2181,1050,613,True,1050,613
2182,3258,3537,True,3258,3537
2183,1264,2467,True,1264,2467
2184,1329,3567,True,1329,3567
2185,1667,1097,True,1667,1097
2186,2829,1618,True,2829,1618
2187,1288,3003,True,1288,3003
2188,1867,3443,False,1867,3443
2189,1849,3531,False,1849,3531
2190,2400,1500,True,2400,1500
2191,874,1789,True,874,1789
2192,871,768,True,871,768
2193,214,3443,False,214,3443
2194,1052,1151,True,1052,1151
2195,27,2812,False,27,2812
2196,85,1221,True,85,1221
2197,3115,266,True,3115,266
2198,3007,1443,True,3007,1443
2199,2337,1163,True,2337,1163
2200,1040,1678,False,1040,1678
2201,137,831,True,137,831
2202,3767,502,True,3767,502
2203,2488,821,True,2488,821
2204,1123,1904,False,1123,1904
2205,2501,2767,False,2501,2767
2206,3159,2992,True,3159,2992
2207,1286,1773,True,1286,1773
2208,1783,477,False,1783,477
2209,3030,3107,True,3030,3107
2210,2466,2171,False,2466,2171
2211,2465,2199,True,2465,2199
2212,3019,2601,True,3019,2601
2213,2320,481,True,2320,481
2214,6,1145,True,6,1145
2215,848,3379,True,848,3379
2216,1101,2089,True,1101,2089
2217,962,3765,False,962,3765
2218,3701,3476,True,3701,3476
2219,2360,958,True,2360,958
2220,2412,3272,True,2412,3272
2221,3763,2682,True,3763,2682
2222,188,785,False,188,785
2223,2676,1280,True,2676,1280
2224,1855,2231,True,1855,2231
2225,3720,2072,True,3720,2072
2226,1547,298,True,1547,298
2227,835,2135,True,835,2135
2228,978,1899,True,978,1899
2229,2707,1938,False,2707,1938
2230,989,2887,True,989,2887
2231,3494,618,False,3494,618
2232,1307,3273,True,1307,3273
2233,2819,1332,False,2819,1332
2234,3472,77,True,3472,77
2235,30,1675,True,30,1675
2236,2546,1048,True,2546,1048
2237,2588,735,False,2588,735
2238,208,170,True,208,170
2239,962,1849,True,962,1849
2240,723,2752,True,723,2752
2241,697,155,True,697,155
2242,3202,1336,True,3202,1336
2243,3411,282,True,3411,282
2244,1624,2222,True,1624,2222
2245,874,986,True,874,986
2246,1161,3298,True,1161,3298
2247,746,3148,True,746,3148
2248,3231,1625,True,3231,1625
2249,2527,1972,False,2527,1972
2250,2491,1870,True,2491,1870
2251,1452,1916,True,1452,1916
2252,1077,1350,False,1077,1350
2253,1012,2759,True,1012,2759
2254,3645,1224,True,3645,1224
2255,129,1858,True,129,1858
2256,2560,2723,True,2560,2723
2257,2787,1208,True,2787,1208
2258,1796,2275,False,1796,2275
2259,444,737,False,444,737
2260,359,1717,False,359,1717
2261,2211,3253,True,2211,3253
2262,2579,1339,True,2579,1339
2263,1556,891,False,1556,891
2264,1947,1632,True,1947,1632
2265,1424,2483,True,1424,2483
2266,320,16,True,320,16
2267,837,2111,False,837,2111
2268,1538,384,True,1538,384
2269,1089,1180,True,1089,1180
2270,2665,2027,False,2665,2027
2271,181,2840,True,181,2840
2272,3146,2768,True,3146,2768
2273,2154,1365,True,2154,1365
2274,2461,2288,True,2461,2288
2275,169,1056,False,169,1056
2276,2642,3433,True,2642,3433
2277,108,3691,False,108,3691
2278,1635,2991,True,1635,2991
2279,1979,1710,True,1979,1710
2280,2463,2729,False,2463,2729
2281,3581,715,True,3581,715
2282,1396,3167,True,1396,3167
2283,139,2164,True,139,2164
2284,3679,691,True,3679,691
2285,537,2925,True,537,2925
2286,1236,1633,True,1236,1633
2287,316,2717,True,316,2717
2288,1393,1579,True,1393,1579
2289,2722,1402,True,2722,1402
2290,441,1093,False,441,1093
2291,2144,2116,True,2144,2116
2292,2446,546,False,2446,546
2293,2105,1253,True,2105,1253
2294,3208,2507,True,3208,2507
2295,597,3368,False,597,3368
2296,2941,3482,True,2941,3482
2297,1328,2445,True,1328,2445
2298,2065,3753,False,2065,3753
2299,2415,1467,False,2415,1467
2300,1272,2101,True,1272,2101
2301,132,1361,True,132,1361
2302,3280,3590,False,3280,3590
2303,2621,3610,True,2621,3610
2304,3031,3723,True,3031,3723
2305,829,2087,True,829,2087
2306,1236,3285,True,1236,3285
2307,1781,580,True,1781,580
2308,1377,2763,True,1377,2763
2309,248,2332,True,248,2332
2310,2631,2917,True,2631,2917
2311,2063,2845,True,2063,2845
2312,1430,1989,True,1430,1989
2313,2563,1966,True,2563,1966
2314,818,3475,True,818,3475
2315,3682,2651,False,3682,2651
2316,1490,114,True,1490,114
2317,1741,64,True,1741,64
2318,587,3188,True,587,3188
2319,3409,757,True,3409,757
2320,908,2639,True,908,2639
2321,996,386,True,996,386
2322,3714,3718,False,3714,3718
2323,1807,1628,True,1807,1628
2324,3222,1124,False,3222,1124
2325,3589,462,False,3589,462
2326,2904,1501,False,2904,1501
2327,678,711,True,678,711
2328,2780,3761,False,2780,3761
2329,604,536,False,604,536
2330,1396,1649,True,1396,1649
2331,810,3030,True,810,3030
2332,2854,373,True,2854,373
2333,448,504,True,448,504
2334,3697,2804,True,3697,2804
2335,1978,1003,True,1978,1003
2336,400,3206,False,400,3206
2337,161,707,True,161,707
2338,430,1237,True,430,1237
2339,3779,2781,True,3779,2781
2340,1819,1611,True,1819,1611
2341,1881,1126,False,1881,1126
2342,2895,2692,False,2895,2692
2343,94,614,True,94,614
2344,441,3019,False,441,3019
2345,954,1420,True,954,1420
2346,3309,650,False,3309,650
2347,904,3259,True,904,3259
2348,1022,2418,True,1022,2418
2349,856,2042,False,856,2042
2350,2025,2113,True,2025,2113
2351,3216,2432,True,3216,2432
2352,2570,3037,True,2570,3037
2353,1067,891,False,1067,891
2354,1718,1419,False,1718,1419
2355,2094,1678,False,2094,1678
2356,302,2155,True,302,2155
2357,3622,1611,True,3622,1611
2358,421,1268,True,421,1268
2359,1288,2840,True,1288,2840
2360,2040,3573,True,2040,3573
2361,930,3631,True,930,3631
2362,448,2910,False,448,2910
2363,1926,1117,True,1926,1117
2364,3292,441,False,3292,441
2365,1595,233,True,1595,233
2366,2664,3005,True,2664,3005
2367,285,623,True,285,623
2368,2794,1178,True,2794,1178
2369,1545,3707,True,1545,3707
2370,1544,2879,True,1544,2879
2371,3018,3074,True,3018,3074
2372,2949,3771,True,2949,3771
2373,2888,165,True,2888,165
2374,1707,2305,True,1707,2305
2375,3123,2543,False,3123,2543
2376,215,340,True,215,340
2377,962,546,False,962,546
2378,3404,3094,False,3404,3094
2379,1624,3150,True,1624,3150
2380,657,3174,True,657,3174
2381,1578,2949,True,1578,2949
2382,413,1116,True,413,1116
2383,1067,2143,True,1067,2143
2384,1543,1975,True,1543,1975
2385,3326,3020,True,3326,3020
2386,3354,745,True,3354,745
2387,2600,1935,True,2600,1935
2388,3440,853,True,3440,853
2389,2846,625,False,2846,625
2390,1,526,False,1,526
2391,2330,2628,True,2330,2628
2392,2692,2667,False,2692,2667
2393,2762,3053,True,2762,3053
2394,2383,3238,True,2383,3238
2395,2317,1620,True,2317,1620
2396,3524,656,True,3524,656
2397,3129,1761,True,3129,1761
2398,1072,2197,True,1072,2197
2399,1369,2169,True,1369,2169
2400,532,3375,False,532,3375
2401,3022,2502,True,3022,2502
2402,166,1002,True,166,1002
2403,1088,48,True,1088,48
2404,1739,1719,True,1739,1719
2405,1488,604,False,1488,604
2406,2011,2334,True,2011,2334
2407,81,2584,True,81,2584
2408,1544,92,True,1544,92
2409,1034,2006,True,1034,2006
2410,8,1653,True,8,1653
2411,480,1661,True,480,1661
2412,1956,2498,False,1956,2498
2413,807,2290,True,807,2290
2414,2703,3246,False,2703,3246
2415,3495,1776,False,3495,1776
2416,3383,804,True,3383,804
2417,995,3139,True,995,3139
2418,1950,1263,True,1950,1263
2419,27,1716,False,27,1716
2420,1651,1401,True,1651,1401
2421,2500,1259,True,2500,1259
2422,68,2816,True,68,2816
2423,2312,3728,True,2312,3728
2424,3200,1752,True,3200,1752
2425,1344,1559,True,1344,1559
2426,3063,2712,True,3063,2712
2427,367,3017,True,367,3017
2428,2529,1928,True,2529,1928
2429,2777,1995,False,2777,1995
2430,1598,1830,False,1598,1830
2431,1573,868,True,1573,868
2432,646,408,True,646,408
2433,390,1241,True,390,1241
2434,2870,1464,True,2870,1464
2435,1999,3485,True,1999,3485
2436,2206,3113,True,2206,3113
2437,3621,1825,True,3621,1825
2438,1171,939,True,1171,939
2439,1782,2198,True,1782,2198
2440,867,546,False,867,546
2441,1325,1294,False,1325,1294
2442,556,2933,True,556,2933
2443,2216,3120,True,2216,3120
2444,2544,3765,False,2544,3765
2445,101,103,False,101,103
2446,1251,2930,True,1251,2930
2447,2722,1902,True,2722,1902
2448,1849,2143,True,1849,2143
2449,2211,2417,True,2211,2417
2450,1011,3710,True,1011,3710
2451,800,3492,True,800,3492
2452,2629,2795,True,2629,2795
2453,300,1849,True,300,1849
2454,57,1112,True,57,1112
2455,1310,1188,True,1310,1188
2456,2864,2555,True,2864,2555
2457,1363,295,False,1363,295
2458,2032,3703,True,2032,3703
2459,125,1773,False,125,1773
2460,3202,3573,False,3202,3573
2461,1121,1577,True,1121,1577
2462,2906,417,True,2906,417
2463,2026,1176,True,2026,1176
2464,3431,3469,True,3431,3469
2465,1676,1456,True,1676,1456
2466,791,3573,True,791,3573
2467,3192,484,True,3192,484
2468,1122,653,True,1122,653
2469,1149,3062,True,1149,3062
2470,3591,1519,True,3591,1519
2471,2094,3269,False,2094,3269
2472,1286,1990,False,1286,1990
2473,2751,2990,False,2751,2990
2474,1689,3332,True,1689,3332
2475,2081,2285,True,2081,2285
2476,1796,879,True,1796,879
2477,1366,3249,True,1366,3249
2478,525,3246,False,525,3246
2479,3405,2394,True,3405,2394
2480,2790,366,True,2790,366
2481,1045,1184,True,1045,1184
2482,974,2702,False,974,2702
2483,848,3451,True,848,3451
2484,2484,839,False,2484,839
2485,2627,56,True,2627,56
2486,724,2169,False,724,2169
2487,1291,1127,False,1291,1127
2488,374,2152,True,374,2152
2489,2727,709,True,2727,709
2490,1548,1371,True,1548,1371
2491,2233,809,True,2233,809
2492,750,3730,False,750,3730
2493,2386,24,True,2386,24
2494,737,2169,False,737,2169
2495,3129,1536,True,3129,1536
2496,1927,3059,False,1927,3059
2497,3680,3481,True,3680,3481
2498,2590,1634,True,2590,1634
2499,800,3594,True,800,3594
2500,2980,1252,True,2980,1252
2501,3393,1287,False,3393,1287
2502,2662,2054,True,2662,2054
2503,3050,961,True,3050,961
2504,3472,1306,True,3472,1306
2505,998,3063,True,998,3063
2506,2414,2840,True,2414,2840
2507,2935,150,True,2935,150
2508,3326,1443,True,3326,1443
2509,1268,1876,True,1268,1876
2510,2431,3276,True,2431,3276
2511,2173,2540,False,2173,2540
2512,522,741,True,522,741
2513,2114,122,True,2114,122
2514,306,362,False,306,362
2515,1363,1292,True,1363,1292
2516,1750,3478,True,1750,3478
2517,2883,406,True,2883,406
2518,1859,2901,True,1859,2901
2519,3589,1323,False,3589,1323
2520,966,649,True,966,649
2521,1698,3002,False,1698,3002
2522,3656,987,True,3656,987
2523,814,2741,True,814,2741
2524,1843,3462,True,1843,3462
2525,644,2602,True,644,2602
2526,631,356,True,631,356
2527,1901,2355,True,1901,2355
2528,846,1181,False,846,1181
2529,2503,2396,False,2503,2396
2530,2819,2577,True,2819,2577
2531,474,1395,True,474,1395
2532,2520,2230,True,2520,2230
2533,2588,1385,False,2588,1385
2534,1941,329,True,1941,329
2535,3371,554,False,3371,554
2536,239,737,True,239,737
2537,2335,2139,True,2335,2139
2538,1965,3379,True,1965,3379
2539,2576,2902,True,2576,2902
2540,2688,2390,True,2688,2390
2541,830,2358,True,830,2358
2542,1308,293,True,1308,293
2543,2905,3133,True,2905,3133
2544,1863,154,True,1863,154
2545,3244,3044,True,3244,3044
2546,1809,3550,True,1809,3550
2547,1372,3509,True,1372,3509
2548,3220,3443,False,3220,3443
2549,1244,1348,True,1244,1348
2550,228,1716,False,228,1716
2551,3100,1480,True,3100,1480
2552,1385,2165,False,1385,2165
2553,2429,1360,True,2429,1360
2554,3,2352,True,3,2352
2555,713,3759,True,713,3759
2556,3499,441,False,3499,441
2557,2448,97,False,2448,97
2558,2134,910,True,2134,910
2559,45,754,True,45,754
2560,1690,724,False,1690,724
2561,1840,1686,True,1840,1686
2562,3648,3745,True,3648,3745
2563,2911,1377,True,2911,1377
2564,1128,2073,False,1128,2073
2565,1556,2111,False,1556,2111
2566,204,375,True,204,375
2567,722,1376,True,722,1376
2568,1754,1342,False,1754,1342
2569,3340,652,True,3340,652
2570,1144,3648,True,1144,3648
2571,30,1964,True,30,1964
2572,1515,76,True,1515,76
2573,1308,3730,False,1308,3730
2574,704,1227,False,704,1227
2575,2338,1835,True,2338,1835
2576,2471,50,True,2471,50
2577,2455,2694,True,2455,2694
2578,1211,363,False,1211,363
2579,3208,2339,True,3208,2339
2580,1947,3413,True,1947,3413
2581,27,3761,False,27,3761
2582,525,3276,True,525,3276
2583,3208,1060,False,3208,1060
2584,1033,2433,False,1033,2433
2585,2721,201,True,2721,201
2586,2676,3395,True,2676,3395
2587,647,1988,True,647,1988
2588,3454,2540,True,3454,2540
2589,3508,468,False,3508,468
2590,987,345,True,987,345
2591,2691,1054,True,2691,1054
2592,2664,2459,True,2664,2459
2593,1869,3376,True,1869,3376
2594,792,3573,True,792,3573
2595,666,3351,True,666,3351
2596,2611,854,False,2611,854
2597,3591,1087,True,3591,1087
2598,1282,843,True,1282,843
2599,414,2146,True,414,2146
2600,3682,1635,False,3682,1635
2601,631,489,True,631,489
2602,3443,845,False,3443,845
2603,1909,3339,False,1909,3339
2604,3065,3222,False,3065,3222
2605,1211,1089,False,1211,1089
2606,369,2678,True,369,2678
2607,2905,3407,True,2905,3407
2608,2820,1695,False,2820,1695
2609,1637,2043,True,1637,2043
2610,3297,2427,True,3297,2427
2611,1836,872,True,1836,872
2612,1024,1559,True,1024,1559
2613,2356,3072,True,2356,3072
2614,3137,1228,True,3137,1228
2615,878,1712,True,878,1712
2616,1627,2784,True,1627,2784
2617,2549,1073,True,2549,1073
2618,1172,2597,True,1172,2597
2619,3325,2633,False,3325,2633
2620,1110,2650,True,1110,2650
2621,3265,672,True,3265,672
2622,1718,954,True,1718,954
2623,358,1791,False,358,1791
2624,2079,3166,False,2079,3166
2625,2932,3178,True,2932,3178
2626,1708,412,True,1708,412
2627,3518,1078,True,3518,1078
2628,3575,2613,True,3575,2613
2629,3704,740,True,3704,740
2630,827,941,True,827,941
2631,1396,789,False,1396,789
2632,1194,1419,False,1194,1419
2633,1499,2992,False,1499,2992
2634,1936,730,True,1936,730
2635,939,1908,True,939,1908
2636,2654,1181,False,2654,1181
2637,2117,1105,True,2117,1105
2638,1784,2965,False,1784,2965
2639,807,3157,True,807,3157
2640,3303,1606,True,3303,1606
2641,2110,1351,True,2110,1351
2642,1608,2315,False,1608,2315
2643,3368,95,False,3368,95
2644,3257,1319,False,3257,1319
2645,1424,768,True,1424,768
2646,215,3071,True,215,3071
2647,2742,1953,True,2742,1953
2648,1040,2693,True,1040,2693
2649,2172,718,True,2172,718
2650,3320,985,True,3320,985
2651,1247,2993,True,1247,2993
2652,3212,511,True,3212,511
2653,1815,406,True,1815,406
2654,995,1250,True,995,1250
2655,883,3708,True,883,3708
2656,1033,3013,False,1033,3013
2657,2691,888,True,2691,888
2658,938,1772,True,938,1772
2659,704,295,False,704,295
2660,1476,742,True,1476,742
2661,3208,1127,True,3208,1127
2662,1595,3138,True,1595,3138
2663,2123,1949,False,2123,1949
2664,3474,274,True,3474,274
2665,2877,3593,True,2877,3593
2666,1886,3759,True,1886,3759
2667,3724,632,True,3724,632
2668,3439,275,True,3439,275
2669,3709,2874,True,3709,2874
2670,1334,1966,False,1334,1966
2671,3113,2983,True,3113,2983
2672,332,1302,True,332,1302
2673,1260,1938,False,1260,1938
2674,3709,643,True,3709,643
2675,3016,1849,True,3016,1849
2676,813,19,True,813,19
2677,3581,206,True,3581,206
2678,483,451,True,483,451
2679,2248,0,True,2248,0
2680,1103,667,True,1103,667
2681,3655,2375,True,3655,2375
2682,2859,362,False,2859,362
2683,3760,2743,True,3760,2743
2684,1774,949,True,1774,949
2685,2495,254,True,2495,254
2686,1794,7,False,1794,7
2687,2780,1716,True,2780,1716
2688,1584,510,True,1584,510
2689,3227,3275,True,3227,3275
2690,3011,1945,True,3011,1945
2691,3208,1004,True,3208,1004
2692,731,1798,False,731,1798
2693,2974,3442,True,2974,3442
2694,2210,282,True,2210,282
2695,1672,3762,False,1672,3762
2696,1799,2738,True,1799,2738
2697,2918,595,True,2918,595
2698,3694,3002,False,3694,3002
2699,3018,960,True,3018,960
2700,1429,2886,True,1429,2886
2701,51,3730,False,51,3730
2702,3474,3670,True,3474,3670
2703,2372,3059,True,2372,3059
2704,2808,1813,True,2808,1813
2705,2721,2749,True,2721,2749
2706,2687,539,True,2687,539
2707,2626,2657,True,2626,2657
2708,3300,318,True,3300,318
2709,3742,2955,False,3742,2955
2710,38,3416,False,38,3416
2711,1205,682,False,1205,682
2712,1203,634,False,1203,634
2713,1452,2989,True,1452,2989
2714,923,2069,False,923,2069
2715,296,574,False,296,574
2716,1979,2979,True,1979,2979
2717,257,1972,False,257,1972
2718,2747,896,True,2747,896
2719,750,1773,False,750,1773
2720,528,2156,True,528,2156
2721,1337,1532,True,1337,1532
2722,809,1597,True,809,1597
2723,3068,2028,False,3068,2028
2724,385,507,False,385,507
2725,2557,3059,False,2557,3059
2726,1175,2442,True,1175,2442
2727,2291,3144,True,2291,3144
2728,2873,2472,True,2873,2472
2729,3111,3628,True,3111,3628
2730,851,1810,True,851,1810
2731,698,1816,True,698,1816
2732,2697,3276,True,2697,3276
2733,851,49,True,851,49
2734,3700,2180,True,3700,2180
2735,1279,890,True,1279,890
2736,1299,1,True,1299,1
2737,1213,937,True,1213,937
2738,3710,1995,False,3710,1995
2739,2415,2720,True,2415,2720
2740,2484,1224,True,2484,1224
2741,1249,292,False,1249,292
2742,2554,1877,True,2554,1877
2743,3542,2717,True,3542,2717
2744,629,682,False,629,682
2745,102,1583,True,102,1583
2746,6,151,True,6,151
2747,1438,1124,True,1438,1124
2748,444,1369,True,444,1369
2749,2637,2545,True,2637,2545
2750,1254,2585,False,1254,2585
2751,2756,2023,True,2756,2023
2752,1560,2120,True,1560,2120
2753,3493,891,False,3493,891
2754,1881,946,True,1881,946
2755,177,3573,True,177,3573
2756,1537,618,False,1537,618
2757,3738,2174,True,3738,2174
2758,1211,917,False,1211,917
2759,1050,3149,True,1050,3149
2760,1757,301,True,1757,301
2761,1433,2111,False,1433,2111
2762,2464,973,True,2464,973
2763,1726,3255,True,1726,3255
2764,2790,2498,True,2790,2498
2765,108,1972,False,108,1972
2766,3634,2771,True,3634,2771
2767,3366,661,False,3366,661
2768,3047,3082,True,3047,3082
2769,2357,3769,True,2357,3769
2770,3045,282,True,3045,282
2771,605,620,True,605,620
2772,2916,1273,True,2916,1273
2773,3137,1273,True,3137,1273
2774,1940,3462,True,1940,3462
2775,1681,3716,True,1681,3716
2776,2184,611,True,2184,611
2777,95,1148,True,95,1148
2778,3335,1992,False,3335,1992
2779,1903,3774,True,1903,3774
2780,779,406,True,779,406
2781,3639,1181,False,3639,1181
2782,2688,774,True,2688,774
2783,3637,2607,True,3637,2607
2784,1411,2318,True,1411,2318
2785,3620,2938,True,3620,2938
2786,473,2896,True,473,2896
2787,450,2716,False,450,2716
2788,1123,1828,True,1123,1828
2789,2838,1630,False,2838,1630
2790,3598,3753,False,3598,3753
2791,738,3685,True,738,3685
2792,1045,3749,False,1045,3749
2793,1308,1773,False,1308,1773
2794,2248,3120,True,2248,3120
2795,704,725,False,704,725
2796,2755,592,True,2755,592
2797,1413,3457,True,1413,3457
2798,3749,1972,True,3749,1972
2799,2130,3473,False,2130,3473
2800,1799,3408,True,1799,3408
2801,989,388,True,989,388
2802,2708,1202,True,2708,1202
2803,2982,3428,True,2982,3428
2804,3333,1038,True,3333,1038
2805,1690,1369,False,1690,1369
2806,572,3000,True,572,3000
2807,621,3185,True,621,3185
2808,582,3270,True,582,3270
2809,3680,1856,True,3680,1856
2810,2956,1585,True,2956,1585
2811,1829,1499,False,1829,1499
2812,145,2244,False,145,2244
2813,2922,971,True,2922,971
2814,1083,1738,True,1083,1738
2815,1868,1271,True,1868,1271
2816,2434,2227,True,2434,2227
2817,203,1448,True,203,1448
2818,1470,3438,True,1470,3438
2819,2085,2368,True,2085,2368
2820,1469,2327,True,1469,2327
2821,2413,3002,False,2413,3002
2822,2133,1717,True,2133,1717
2823,280,3432,False,280,3432
2824,3294,2965,False,3294,2965
2825,2373,2090,True,2373,2090
2826,1514,2115,False,1514,2115
2827,494,2855,False,494,2855
2828,3226,2569,True,3226,2569
2829,1970,1553,True,1970,1553
2830,2810,2605,True,2810,2605
2831,3607,1537,False,3607,1537
2832,447,2832,True,447,2832
2833,1853,1702,True,1853,1702
2834,3181,2437,True,3181,2437
2835,1074,3141,True,1074,3141
2836,1037,3547,True,1037,3547
2837,1317,1728,True,1317,1728
2838,628,89,True,628,89
2839,2040,362,False,2040,362
2840,105,835,True,105,835
2841,1837,362,True,1837,362
2842,1247,1017,False,1247,1017
2843,2403,3336,True,2403,3336
2844,141,2083,True,141,2083
2845,2873,1752,True,2873,1752
2846,2906,2482,True,2906,2482
2847,455,2811,True,455,2811
2848,2455,2464,True,2455,2464
2849,3108,3744,True,3108,3744
2850,919,1812,True,919,1812
2851,1291,748,False,1291,748
2852,194,1401,False,194,1401
2853,3409,2692,True,3409,2692
2854,2707,1160,False,2707,1160
2855,2834,1474,False,2834,1474
2856,2376,3254,False,2376,3254
2857,3163,61,True,3163,61
2858,2670,1506,True,2670,1506
2859,1085,442,True,1085,442
2860,3282,3714,False,3282,3714
2861,836,2548,True,836,2548
2862,1118,2013,True,1118,2013
2863,2932,862,True,2932,862
2864,3542,2561,False,3542,2561
2865,1411,1437,True,1411,1437
2866,2068,3214,False,2068,3214
2867,421,2521,True,421,2521
2868,1976,3097,True,1976,3097
2869,1082,1113,True,1082,1113
2870,750,3247,True,750,3247
2871,72,3650,True,72,3650
2872,793,3221,True,793,3221
2873,2897,1896,True,2897,1896
2874,503,396,True,503,396
2875,3202,362,True,3202,362
2876,3308,3669,True,3308,3669
2877,348,2977,True,348,2977
2878,3114,157,True,3114,157
2879,3441,3429,True,3441,3429
2880,3236,3436,True,3236,3436
2881,1389,2736,True,1389,2736
2882,3500,3194,True,3500,3194
2883,3432,1342,False,3432,1342
2884,1427,3375,False,1427,3375
2885,3527,3568,True,3527,3568
2886,3759,1503,True,3759,1503
2887,863,1670,True,863,1670
2888,3160,2311,True,3160,2311
2889,3171,794,True,3171,794
2890,2823,3522,False,2823,3522
2891,2748,3427,True,2748,3427
2892,3339,3641,True,3339,3641
2893,2379,2630,True,2379,2630
2894,51,1990,True,51,1990
2895,1511,1713,True,1511,1713
2896,2032,913,True,2032,913
2897,932,630,True,932,630
2898,3731,409,True,3731,409
2899,2183,583,True,2183,583
2900,1412,1948,True,1412,1948
2901,2289,3271,True,2289,3271
2902,3048,2525,True,3048,2525
2903,441,828,False,441,828
2904,1885,3756,False,1885,3756
2905,578,1435,True,578,1435
2906,3059,1279,True,3059,1279
2907,2044,3207,True,2044,3207
2908,598,1697,True,598,1697
2909,46,1398,True,46,1398
2910,2,1649,True,2,1649
2911,2837,603,True,2837,603
2912,2019,504,True,2019,504
2913,1067,2111,False,1067,2111
2914,2878,3002,False,2878,3002
2915,2190,1049,True,2190,1049
2916,2690,2547,True,2690,2547
2917,824,250,False,824,250
2918,767,2456,True,767,2456
2919,2675,1185,True,2675,1185
2920,3774,3772,True,3774,3772
2921,3779,62,True,3779,62
2922,2480,2083,True,2480,2083
2923,2956,2539,True,2956,2539
2924,3561,3406,True,3561,3406
2925,2243,2080,True,2243,2080
2926,1699,2171,False,1699,2171
2927,2234,325,True,2234,325
2928,3003,909,True,3003,909
2929,466,3241,True,466,3241
2930,1047,1790,True,1047,1790
2931,476,1713,True,476,1713
2932,863,1157,True,863,1157
2933,1256,2865,True,1256,2865
2934,125,3778,False,125,3778
2935,2498,2701,True,2498,2701
2936,262,3399,True,262,3399
2937,707,3545,True,707,3545
2938,2599,1579,True,2599,1579
2939,3134,2814,True,3134,2814
2940,3429,554,False,3429,554
2941,2206,1341,False,2206,1341
2942,1556,3675,True,1556,3675
2943,1937,1122,True,1937,1122
2944,2338,2171,False,2338,2171
2945,693,1861,False,693,1861
2946,573,1169,True,573,1169
2947,46,3264,True,46,3264
2948,3776,2718,True,3776,2718
2949,2680,2572,True,2680,2572
2950,3464,1733,True,3464,1733
2951,1951,1990,False,1951,1990
2952,385,2405,True,385,2405
2953,2746,441,False,2746,441
2954,2065,3416,False,2065,3416
2955,1684,1849,True,1684,1849
2956,270,268,True,270,268
2957,1442,282,True,1442,282
2958,1230,1938,False,1230,1938
2959,2261,2679,False,2261,2679
2960,3047,2253,True,3047,2253
2961,3690,2384,False,3690,2384
2962,1363,3297,True,1363,3297
2963,3048,648,False,3048,648
2964,1672,2111,False,1672,2111
2965,9,2076,True,9,2076
2966,441,2799,False,441,2799
2967,1900,753,True,1900,753
2968,1951,578,True,1951,578
2969,2398,3766,True,2398,3766
2970,1414,734,False,1414,734
2971,2559,1287,False,2559,1287
2972,782,2452,False,782,2452
2973,668,2800,True,668,2800
2974,2897,1752,True,2897,1752
2975,3468,517,False,3468,517
2976,1616,3415,True,1616,3415
2977,1434,2568,True,1434,2568
2978,3664,2215,True,3664,2215
2979,1940,1481,True,1940,1481
2980,779,3528,True,779,3528
2981,3203,2802,False,3203,2802
2982,1522,920,True,1522,920
2983,1427,965,False,1427,965
2984,2543,828,False,2543,828
2985,737,3468,True,737,3468
2986,3688,119,True,3688,119
2987,1085,164,True,1085,164
2988,3549,2129,False,3549,2129
2989,1156,1773,False,1156,1773
2990,1766,1422,True,1766,1422
2991,1186,3396,True,1186,3396
2992,1469,3580,True,1469,3580
2993,1171,2315,True,1171,2315
2994,1420,1639,True,1420,1639
2995,3659,2878,True,3659,2878
2996,501,1818,True,501,1818
2997,3606,2840,True,3606,2840
2998,1382,1359,True,1382,1359
2999,1556,2143,True,1556,2143
3000,1000,2792,False,1000,2792
3001,3268,2541,True,3268,2541
3002,418,669,True,418,669
3003,562,3012,True,562,3012
3004,2949,2244,True,2949,2244
3005,3076,2424,True,3076,2424
3006,938,3530,True,938,3530
3007,702,2394,True,702,2394
3008,3181,1341,False,3181,1341
3009,3558,1867,True,3558,1867
3010,1037,2528,True,1037,2528
3011,3443,1509,False,3443,1509
3012,3750,590,True,3750,590
3013,2206,2437,True,2206,2437
3014,326,1800,False,326,1800
3015,1944,3310,True,1944,3310
3016,113,258,True,113,258
3017,2306,1784,False,2306,1784
3018,2942,32,True,2942,32
3019,874,277,False,874,277
3020,2466,1565,True,2466,1565
3021,2757,2143,True,2757,2143
3022,147,441,False,147,441
3023,3736,82,True,3736,82
3024,1136,3319,True,1136,3319
3025,2298,2294,True,2298,2294
3026,2046,1190,True,2046,1190
3027,2907,133,True,2907,133
3028,3606,1214,False,3606,1214
3029,2158,3753,False,2158,3753
3030,462,2932,True,462,2932
3031,264,2606,True,264,2606
3032,188,1525,True,188,1525
3033,1502,2453,False,1502,2453
3034,100,1374,True,100,1374
3035,1557,733,True,1557,733
3036,1829,2477,True,1829,2477
3037,1129,2863,True,1129,2863
3038,2140,312,True,2140,312
3039,3217,2367,True,3217,2367
3040,714,1076,True,714,1076
3041,1534,3668,True,1534,3668
3042,3385,2899,True,3385,2899
3043,1783,2315,False,1783,2315
3044,1462,3402,True,1462,3402
3045,540,712,True,540,712
3046,1599,596,True,1599,596
3047,615,3085,True,615,3085
3048,181,1590,True,181,1590
3049,2692,3084,True,2692,3084
3050,1513,1707,True,1513,1707
3051,3312,107,True,3312,107
3052,2351,1214,False,2351,1214
3053,500,588,True,500,588
3054,849,545,True,849,545
3055,288,1983,True,288,1983
3056,3114,2084,True,3114,2084
3057,2343,2399,True,2343,2399
3058,1252,3455,True,1252,3455
3059,2308,681,True,2308,681
3060,2489,2187,True,2489,2187
3061,624,3344,True,624,3344
3062,1767,2561,False,1767,2561
3063,3267,1164,True,3267,1164
3064,1085,450,False,1085,450
3065,1524,3627,True,1524,3627
3066,2744,3465,True,2744,3465
3067,1072,3214,False,1072,3214
3068,2254,1367,True,2254,1367
3069,1363,2827,True,1363,2827
3070,2044,508,True,2044,508
3071,1301,663,True,1301,663
3072,1223,2773,True,1223,2773
3073,2802,53,False,2802,53
3074,232,2149,True,232,2149
3075,1574,2095,True,1574,2095
3076,272,700,True,272,700
3077,355,2326,True,355,2326
3078,1065,1294,False,1065,1294
3079,1619,1531,True,1619,1531
3080,930,1486,True,930,1486
3081,250,490,False,250,490
3082,3755,2375,False,3755,2375
3083,3499,2226,True,3499,2226
3084,1384,3428,True,1384,3428
3085,456,2315,False,456,2315
3086,1392,461,True,1392,461
3087,2766,3225,True,2766,3225
3088,3753,2765,False,3753,2765
3089,2218,2189,False,2218,2189
3090,1385,65,False,1385,65
3091,431,1737,True,431,1737
3092,1843,317,True,1843,317
3093,2271,1527,False,2271,1527
3094,928,737,False,928,737
3095,2171,3494,False,2171,3494
3096,1323,2038,True,1323,2038
3097,801,297,True,801,297
3098,2207,2729,True,2207,2729
3099,2302,927,True,2302,927
3100,1436,258,False,1436,258
3101,3645,403,False,3645,403
3102,2653,3517,False,2653,3517
3103,1771,990,False,1771,990
3104,2557,35,False,2557,35
3105,3634,362,True,3634,362
3106,766,2315,True,766,2315
3107,3559,217,True,3559,217
3108,2266,285,True,2266,285
3109,2071,539,True,2071,539
3110,1098,3333,True,1098,3333
3111,719,257,True,719,257
3112,2257,1304,True,2257,1304
3113,502,1181,False,502,1181
3114,3475,3483,True,3475,3483
3115,3270,1680,True,3270,1680
3116,1458,2342,True,1458,2342
3117,703,3378,False,703,3378
3118,1346,1136,True,1346,1136
3119,2402,1808,True,2402,1808
3120,1311,569,False,1311,569
3121,2434,892,True,2434,892
3122,1149,2968,True,1149,2968
3123,1417,921,True,1417,921
3124,552,1537,True,552,1537
3125,3345,2246,True,3345,2246
3126,3681,1982,True,3681,1982
3127,2611,120,True,2611,120
3128,1521,690,True,1521,690
3129,2218,3627,False,2218,3627
3130,2216,2990,False,2216,2990
3131,1004,1774,True,1004,1774
3132,1406,2733,True,1406,2733
3133,3579,2425,True,3579,2425
3134,563,1793,True,563,1793
3135,1307,3316,True,1307,3316
3136,1325,2350,True,1325,2350
3137,1052,199,True,1052,199
3138,1283,3295,True,1283,3295
3139,1098,596,False,1098,596
3140,1091,922,True,1091,922
3141,369,1081,True,369,1081
3142,1577,1130,True,1577,1130
3143,175,339,True,175,339
3144,437,380,True,437,380
3145,1687,1319,False,1687,1319
3146,717,2574,True,717,2574
3147,1191,2073,True,1191,2073
3148,2515,2907,True,2515,2907
3149,2360,1201,True,2360,1201
3150,581,3379,True,581,3379
3151,3778,2188,True,3778,2188
3152,3052,2561,False,3052,2561
3153,2474,434,True,2474,434
3154,1683,159,True,1683,159
3155,1534,1231,True,1534,1231
3156,3359,1381,True,3359,1381
3157,565,2494,True,565,2494
3158,528,95,True,528,95
3159,2352,1039,True,2352,1039
3160,546,2595,False,546,2595
3161,1127,1629,True,1127,1629
3162,2611,1071,True,2611,1071
3163,1448,665,True,1448,665
3164,250,2555,False,250,2555
3165,1555,698,True,1555,698
3166,1363,1439,False,1363,1439
3167,3581,2096,True,3581,2096
3168,1104,1789,True,1104,1789
3169,332,1789,True,332,1789
3170,1716,180,False,1716,180
3171,1875,692,True,1875,692
3172,3588,3702,False,3588,3702
3173,2969,3384,True,2969,3384
3174,670,3446,True,670,3446
3175,1687,3754,True,1687,3754
3176,3565,76,True,3565,76
3177,3508,830,False,3508,830
3178,239,994,True,239,994
3179,3235,3452,False,3235,3452
3180,3606,1745,True,3606,1745
3181,2490,1911,True,2490,1911
3182,883,2929,False,883,2929
3183,1767,1434,True,1767,1434
3184,2662,1890,True,2662,1890
3185,3698,3260,True,3698,3260
3186,2219,146,True,2219,146
3187,1279,2829,True,1279,2829
3188,1441,1262,True,1441,1262
3189,3169,773,True,3169,773
3190,1484,3767,True,1484,3767
3191,3200,1362,True,3200,1362
3192,1503,1189,True,1503,1189
3193,394,1001,True,394,1001
3194,1429,3608,False,1429,3608
3195,1488,1316,True,1488,1316
3196,1555,648,False,1555,648
3197,495,2405,True,495,2405
3198,3618,2254,True,3618,2254
3199,3270,1644,True,3270,1644
3200,1625,1006,False,1625,1006
3201,3227,3338,True,3227,3338
3202,752,910,True,752,910
3203,1368,2077,True,1368,2077
3204,719,3443,True,719,3443
3205,3098,3404,False,3098,3404
3206,227,37,True,227,37
3207,3418,2951,True,3418,2951
3208,300,1804,True,300,1804
3209,1385,1531,False,1385,1531
3210,1378,2838,True,1378,2838
3211,2170,785,False,2170,785
3212,660,2002,True,660,2002
3213,2170,2103,True,2170,2103
3214,1433,2143,True,1433,2143
3215,1777,2965,False,1777,2965
3216,2422,1977,True,2422,1977
3217,1948,202,True,1948,202
3218,2680,3219,True,2680,3219
3219,3038,344,True,3038,344
3220,807,747,True,807,747
3221,829,2141,True,829,2141
3222,3093,3721,False,3093,3721
3223,3553,1332,False,3553,1332
3224,2426,1274,True,2426,1274
3225,2744,3375,False,2744,3375
3226,801,438,True,801,438
3227,2985,2510,True,2985,2510
3228,435,2704,True,435,2704
3229,2632,3166,False,2632,3166
3230,3493,1175,True,3493,1175
3231,3398,1872,True,3398,1872
3232,782,2297,False,782,2297
3233,3704,1073,True,3704,1073
3234,3132,126,True,3132,126
3235,3682,1934,True,3682,1934
3236,1743,162,False,1743,162
3237,1955,1081,False,1955,1081
3238,596,3252,False,596,3252
3239,448,3608,False,448,3608
3240,1041,2285,True,1041,2285
3241,594,2555,True,594,2555
3242,3158,1789,True,3158,1789
3243,1223,2423,True,1223,2423
3244,1542,1294,False,1542,1294
3245,3464,1431,True,3464,1431
3246,194,2555,True,194,2555
3247,2530,3640,False,2530,3640
3248,3450,1539,True,3450,1539
3249,2192,1001,True,2192,1001
3250,2862,2575,False,2862,2575
3251,3440,546,True,3440,546
3252,1700,69,True,1700,69
3253,65,3459,True,65,3459
3254,1220,381,True,1220,381
3255,52,450,False,52,450
3256,1959,2988,False,1959,2988
3257,1845,2099,True,1845,2099
3258,2701,814,True,2701,814
3259,2414,2791,True,2414,2791
3260,2543,919,True,2543,919
3261,2450,3354,True,2450,3354
3262,257,554,True,257,554
3263,3513,1026,True,3513,1026
3264,2040,2280,True,2040,2280
3265,3634,3573,False,3634,3573
3266,2818,2349,True,2818,2349
3267,1734,1061,True,1734,1061
3268,2457,1276,True,2457,1276
3269,2110,2100,True,2110,2100
3270,124,3362,True,124,3362
3271,732,3616,True,732,3616
3272,1741,2088,True,1741,2088
3273,1215,2405,True,1215,2405
3274,791,3674,True,791,3674
3275,2593,911,True,2593,911
3276,2264,2965,False,2264,2965
3277,1566,3397,True,1566,3397
3278,2301,3452,False,2301,3452
3279,1346,1701,True,1346,1701
3280,994,3520,True,994,3520
3281,2594,3618,True,2594,3618
3282,2895,441,False,2895,441
3283,1204,3604,True,1204,3604
3284,441,1453,False,441,1453
3285,3162,3349,True,3162,3349
3286,2701,1089,True,2701,1089
3287,330,2815,True,330,2815
3288,3319,619,True,3319,619
3289,1072,1866,True,1072,1866
3290,1430,549,True,1430,549
3291,3181,467,False,3181,467
3292,3417,3234,True,3417,3234
3293,498,3370,True,498,3370
3294,606,1828,True,606,1828
3295,655,1611,False,655,1611
3296,2681,2354,True,2681,2354
3297,308,501,True,308,501
3298,1520,761,False,1520,761
3299,1756,3261,False,1756,3261
3300,1184,1509,True,1184,1509
3301,38,3753,False,38,3753
3302,2803,1294,False,2803,1294
3303,3121,3463,False,3121,3463
3304,3411,3106,False,3411,3106
3305,416,1120,True,416,1120
3306,1664,3403,True,1664,3403
3307,671,568,False,671,568
3308,135,2740,True,135,2740
3309,3692,2638,True,3692,2638
3310,1610,2001,True,1610,2001
3311,31,2267,True,31,2267
3312,1525,1596,True,1525,1596
3313,2158,596,False,2158,596
3314,752,2801,False,752,2801
3315,2708,3711,True,2708,3711
3316,2698,3443,False,2698,3443
3317,786,3722,True,786,3722
3318,3283,3490,True,3283,3490
3319,3056,1701,False,3056,1701
3320,3262,2255,True,3262,2255
3321,2707,2555,False,2707,2555
3322,2857,795,True,2857,795
3323,2414,1214,False,2414,1214
3324,3502,593,True,3502,593
3325,895,3276,True,895,3276
3326,2220,1073,True,2220,1073
3327,1997,2224,True,1997,2224
3328,487,1758,True,487,1758
3329,2562,2067,True,2562,2067
3330,1836,689,True,1836,689
3331,370,2083,True,370,2083
3332,2903,2965,False,2903,2965
3333,2263,277,False,2263,277
3334,2791,2344,True,2791,2344
3335,3474,178,False,3474,178
3336,2249,248,True,2249,248
3337,335,2965,False,335,2965
3338,2597,2359,True,2597,2359
3339,3720,3385,True,3720,3385
3340,1838,600,True,1838,600
3341,2562,1680,True,2562,1680
3342,1484,3730,False,1484,3730
3343,1760,1240,False,1760,1240
3344,3314,3416,False,3314,3416
3345,3016,546,False,3016,546
3346,2530,2294,True,2530,2294
3347,673,1833,True,673,1833
3348,1094,2282,True,1094,2282
3349,717,2209,True,717,2209
3350,2883,3452,False,2883,3452
3351,694,3222,False,694,3222
3352,3177,3718,False,3177,3718
3353,3499,2692,True,3499,2692
3354,895,3246,False,895,3246
3355,1019,1073,True,1019,1073
3356,1701,1064,False,1701,1064
3357,605,1888,True,605,1888
3358,280,1754,False,280,1754
3359,2158,15,True,2158,15
3360,3343,3443,False,3343,3443
3361,367,2926,True,367,2926
3362,3134,74,True,3134,74
3363,3390,1225,True,3390,1225
3364,3114,705,False,3114,705
3365,2603,173,True,2603,173
3366,3573,1967,True,3573,1967
3367,1628,3168,True,1628,3168
3368,788,2728,True,788,2728
3369,1727,2299,True,1727,2299
3370,602,789,False,602,789
3371,2323,1600,True,2323,1600
3372,1075,3342,True,1075,3342
3373,3507,1974,True,3507,1974
3374,1323,2932,True,1323,2932
3375,190,646,False,190,646
3376,3281,2965,False,3281,2965
3377,221,2014,False,221,2014
3378,591,3430,True,591,3430
3379,1373,865,False,1373,865
3380,501,3508,True,501,3508
3381,1101,2111,False,1101,2111
3382,615,3741,False,615,3741
3383,2892,3069,True,2892,3069
3384,52,164,True,52,164
3385,3489,66,True,3489,66
3386,1311,2090,False,1311,2090
3387,862,3748,True,862,3748
3388,2188,1181,False,2188,1181
3389,2118,288,True,2118,288
3390,725,3614,True,725,3614
3391,1546,253,True,1546,253
3392,1227,1569,True,1227,1569
3393,2624,3288,True,2624,3288
3394,568,3162,True,568,3162
3395,1320,3001,False,1320,3001
3396,3780,2619,True,3780,2619
3397,1160,3743,False,1160,3743
3398,3400,3649,True,3400,3649
3399,29,3172,True,29,3172
3400,250,3629,False,250,3629
3401,671,500,False,671,500
3402,3635,240,True,3635,240
3403,1709,3391,True,1709,3391
3404,1855,2987,True,1855,2987
3405,3613,3725,True,3613,3725
3406,3398,893,True,3398,893
3407,94,2522,True,94,2522
3408,1230,3692,True,1230,3692
3409,1344,104,True,1344,104
3410,1980,3166,False,1980,3166
3411,415,440,True,415,440
3412,552,2357,True,552,2357
3413,1494,1181,False,1494,1181
3414,431,3663,True,431,3663
3415,1795,11,True,1795,11
3416,3041,1677,True,3041,1677
3417,319,3604,True,319,3604
3418,1900,1419,False,1900,1419
3419,1944,3126,True,1944,3126
3420,3541,113,True,3541,113
3421,1286,884,True,1286,884
3422,2187,2341,True,2187,2341
3423,2525,751,True,2525,751
3424,3084,2048,True,3084,2048
3425,2170,3749,False,2170,3749
3426,147,2140,True,147,2140
3427,2552,1851,True,2552,1851
3428,685,640,False,685,640
3429,2480,3749,False,2480,3749
3430,130,3681,True,130,3681
3431,1315,1510,False,1315,1510
3432,2980,3246,False,2980,3246
3433,2904,1995,False,2904,1995
3434,3589,862,False,3589,862
3435,2431,3246,False,2431,3246
3436,2719,2319,True,2719,2319
3437,1735,866,True,1735,866
3438,2416,1314,True,2416,1314
3439,353,3214,False,353,3214
3440,2530,2124,False,2530,2124
3441,2935,513,True,2935,513
3442,1366,355,True,1366,355
3443,1518,2004,False,1518,2004
3444,597,528,True,597,528
3445,1171,477,False,1171,477
3446,441,2667,False,441,2667
3447,2914,3059,True,2914,3059
3448,320,1561,True,320,1561
3449,332,277,False,332,277
3450,444,2373,True,444,2373
3451,648,796,False,648,796
3452,556,2486,True,556,2486
3453,1291,2507,False,1291,2507
3454,3173,1678,True,3173,1678
3455,902,3176,True,902,3176
3456,2234,3573,False,2234,3573
3457,250,825,False,250,825
3458,3511,855,True,3511,855
3459,1118,2411,True,1118,2411
3460,2122,1028,True,2122,1028
3461,2245,3191,True,2245,3191
3462,1852,544,True,1852,544
3463,51,1773,False,51,1773
3464,3058,2778,True,3058,2778
3465,784,2533,True,784,2533
3466,2491,1096,True,2491,1096
3467,2576,3533,True,2576,3533
3468,527,1432,True,527,1432
3469,633,2388,False,633,2388
3470,212,3426,True,212,3426
3471,256,648,False,256,648
3472,2562,183,False,2562,183
3473,1616,3276,True,1616,3276
3474,2675,2440,True,2675,2440
3475,558,528,False,558,528
3476,3282,1074,False,3282,1074
3477,1212,1607,True,1212,1607
3478,168,3488,True,168,3488
3479,791,362,False,791,362
3480,212,2269,True,212,2269
3481,2261,1990,False,2261,1990
3482,3183,3356,True,3183,3356
3483,2376,3059,True,2376,3059
3484,2218,3775,False,2218,3775
3485,1457,2252,True,1457,2252
3486,2472,2532,True,2472,2532
3487,2616,1386,True,2616,1386
3488,167,579,True,167,579
3489,2031,2612,True,2031,2612
3490,511,981,True,511,981
3491,3046,1887,True,3046,1887
3492,3660,3142,True,3660,3142
3493,1107,1572,True,1107,1572
3494,1885,92,False,1885,92
3495,953,1581,True,953,1581
3496,560,2609,True,560,2609
3497,71,102,True,71,102
3498,1138,1080,True,1138,1080
3499,161,3254,False,161,3254
3500,2079,223,False,2079,223
3501,1879,2200,True,1879,2200
3502,1790,323,True,1790,323
3503,313,1985,True,313,1985
3504,149,3079,True,149,3079
3505,88,2832,True,88,2832
3506,3706,1681,True,3706,1681
3507,2160,2381,True,2160,2381
3508,2022,1680,False,2022,1680
3509,558,2148,False,558,2148
3510,2888,2836,True,2888,2836
3511,3078,3165,False,3078,3165
3512,1409,2258,False,1409,2258
3513,1749,1155,True,1749,1155
3514,2204,2541,False,2204,2541
3515,1290,1443,True,1290,1443
3516,3429,1995,False,3429,1995
3517,1819,1716,False,1819,1716
3518,1998,3061,True,1998,3061
3519,2880,1744,False,2880,1744
3520,1211,976,True,1211,976
3521,2793,2365,True,2793,2365
3522,660,2283,True,660,2283
3523,2462,577,True,2462,577
3524,1109,2698,True,1109,2698
3525,2945,705,False,2945,705
3526,2336,2639,True,2336,2639
3527,3625,1550,True,3625,1550
3528,1092,3105,True,1092,3105
3529,433,658,True,433,658
3530,947,2813,True,947,2813
3531,2251,2297,True,2251,2297
3532,190,2046,False,190,2046
3533,152,519,True,152,519
3534,86,3665,True,86,3665
3535,2215,768,True,2215,768
3536,3143,1224,True,3143,1224
3537,1886,404,True,1886,404
3538,3449,1773,True,3449,1773
3539,3771,543,True,3771,543
3540,3049,2178,True,3049,2178
3541,1660,3110,True,1660,3110
3542,1672,891,False,1672,891
3543,2158,3416,True,2158,3416
3544,1429,504,True,1429,504
3545,2625,109,True,2625,109
3546,1363,1247,True,1363,1247
3547,2594,39,True,2594,39
3548,979,1416,True,979,1416
3549,2808,41,True,2808,41
3550,3255,1069,True,3255,1069
3551,1767,2717,True,1767,2717
3552,1211,349,False,1211,349
3553,1848,1871,True,1848,1871
3554,1194,315,True,1194,315
3555,1684,546,False,1684,546
3556,67,3331,False,67,3331
3557,2824,497,True,2824,497
3558,608,546,False,608,546
3559,1111,1042,True,1111,1042
3560,471,1278,True,471,1278
3561,2838,40,True,2838,40
3562,3096,3696,True,3096,3696
3563,3539,252,True,3539,252
3564,3335,1643,True,3335,1643
3565,26,3519,True,26,3519
3566,3143,403,False,3143,403
3567,3382,428,True,3382,428
3568,2272,276,True,2272,276
3569,2058,3687,True,2058,3687
3570,3309,1914,False,3309,1914
3571,1831,282,True,1831,282
3572,2904,1972,False,2904,1972
3573,2744,2072,True,2744,2072
3574,1368,1706,True,1368,1706
3575,1711,2138,False,1711,2138
3576,653,3094,False,653,3094
3577,1521,2561,False,1521,2561
3578,2963,2678,True,2963,2678
3579,2429,1505,True,2429,1505
3580,86,3735,True,86,3735
3581,1819,749,True,1819,749
3582,3345,3741,False,3345,3741
3583,3477,1742,True,3477,1742
3584,37,3313,True,37,3313
3585,326,2796,True,326,2796
3586,1211,814,False,1211,814
3587,2799,2300,True,2799,2300
3588,188,3749,False,188,3749
3589,3166,207,True,3166,207
3590,1285,176,True,1285,176
3591,1879,1680,False,1879,1680
3592,3136,322,True,3136,322
3593,3546,918,True,3546,918
3594,239,724,False,239,724
3595,3359,1938,False,3359,1938
3596,3067,158,True,3067,158
3597,466,2108,True,466,2108
3598,3410,763,True,3410,763
3599,3283,133,True,3283,133
3600,1024,3312,True,1024,3312
3601,1562,2840,True,1562,2840
3602,377,1183,True,377,1183
3603,1796,414,True,1796,414
3604,2048,2807,True,2048,2807
3605,3660,1258,True,3660,1258
3606,1315,1726,False,1315,1726
3607,2504,3004,True,2504,3004
3608,1340,183,False,1340,183
3609,3500,2304,True,3500,2304
3610,3739,1300,True,3739,1300
3611,3588,1073,True,3588,1073
3612,1273,3339,True,1273,3339
3613,3456,1416,True,3456,1416
3614,1299,743,True,1299,743
3615,3574,3652,True,3574,3652
3616,3155,3460,True,3155,3460
3617,3519,2940,True,3519,2940
3618,1146,1005,True,1146,1005
3619,2666,1755,True,2666,1755
3620,1219,2268,True,1219,2268
3621,39,2565,True,39,2565
3622,2928,3054,True,2928,3054
3623,890,3611,True,890,3611
3624,124,2508,True,124,2508
3625,1043,2890,True,1043,2890
3626,1208,762,True,1208,762
3627,1835,3775,True,1835,3775
3628,10,1850,True,10,1850
3629,2905,138,True,2905,138
